[2026-05-12T09:49:08.785+0000] {manager.py:470} INFO - Processing files using up to 2 processes at a time 
[2026-05-12T09:49:08.894+0000] {manager.py:471} INFO - Process each file at most once every 30 seconds
[2026-05-12T09:49:08.932+0000] {manager.py:472} INFO - Checking for new files in /opt/airflow/dags every 300 seconds
[2026-05-12T09:49:08.948+0000] {manager.py:737} INFO - Searching for files in /opt/airflow/dags
[2026-05-12T09:49:09.140+0000] {manager.py:740} INFO - There are 0 files in /opt/airflow/dags
[2026-05-12T09:54:08.998+0000] {manager.py:737} INFO - Searching for files in /opt/airflow/dags
[2026-05-12T09:54:09.081+0000] {manager.py:740} INFO - There are 0 files in /opt/airflow/dags
[2026-05-12T09:59:09.924+0000] {manager.py:737} INFO - Searching for files in /opt/airflow/dags
[2026-05-12T09:59:09.935+0000] {manager.py:740} INFO - There are 0 files in /opt/airflow/dags
[2026-05-12T10:04:10.329+0000] {manager.py:737} INFO - Searching for files in /opt/airflow/dags
[2026-05-12T10:04:10.348+0000] {manager.py:740} INFO - There are 0 files in /opt/airflow/dags
[2026-05-12T10:09:11.164+0000] {manager.py:737} INFO - Searching for files in /opt/airflow/dags
[2026-05-12T10:09:11.182+0000] {manager.py:740} INFO - There are 0 files in /opt/airflow/dags
[2026-05-12T10:14:12.005+0000] {manager.py:737} INFO - Searching for files in /opt/airflow/dags
[2026-05-12T10:14:12.072+0000] {manager.py:740} INFO - There are 0 files in /opt/airflow/dags
[2026-05-12T10:19:12.943+0000] {manager.py:737} INFO - Searching for files in /opt/airflow/dags
[2026-05-12T10:19:12.988+0000] {manager.py:740} INFO - There are 0 files in /opt/airflow/dags
[2026-05-12T10:24:13.839+0000] {manager.py:737} INFO - Searching for files in /opt/airflow/dags
[2026-05-12T10:24:13.869+0000] {manager.py:740} INFO - There are 0 files in /opt/airflow/dags
[2026-05-12T10:29:14.797+0000] {manager.py:737} INFO - Searching for files in /opt/airflow/dags
[2026-05-12T10:29:14.807+0000] {manager.py:740} INFO - There are 0 files in /opt/airflow/dags
[2026-05-12T10:34:15.291+0000] {manager.py:737} INFO - Searching for files in /opt/airflow/dags
[2026-05-12T10:34:15.302+0000] {manager.py:740} INFO - There are 0 files in /opt/airflow/dags
[2026-05-12T10:39:16.235+0000] {manager.py:737} INFO - Searching for files in /opt/airflow/dags
[2026-05-12T10:39:16.243+0000] {manager.py:740} INFO - There are 0 files in /opt/airflow/dags
[2026-05-12T10:44:16.251+0000] {manager.py:737} INFO - Searching for files in /opt/airflow/dags
[2026-05-12T10:44:16.356+0000] {manager.py:740} INFO - There are 0 files in /opt/airflow/dags
[2026-05-12T10:49:17.229+0000] {manager.py:737} INFO - Searching for files in /opt/airflow/dags
[2026-05-12T10:49:17.296+0000] {manager.py:740} INFO - There are 0 files in /opt/airflow/dags
[2026-05-12T10:54:18.058+0000] {manager.py:737} INFO - Searching for files in /opt/airflow/dags
[2026-05-12T10:54:18.075+0000] {manager.py:740} INFO - There are 0 files in /opt/airflow/dags
[2026-05-12T10:59:19.005+0000] {manager.py:737} INFO - Searching for files in /opt/airflow/dags
[2026-05-12T10:59:19.017+0000] {manager.py:740} INFO - There are 0 files in /opt/airflow/dags
[2026-05-12T11:04:19.060+0000] {manager.py:737} INFO - Searching for files in /opt/airflow/dags
[2026-05-12T11:04:19.199+0000] {manager.py:740} INFO - There are 0 files in /opt/airflow/dags
[2026-05-12T11:09:19.600+0000] {manager.py:737} INFO - Searching for files in /opt/airflow/dags
[2026-05-12T11:09:19.680+0000] {manager.py:740} INFO - There are 0 files in /opt/airflow/dags
[2026-05-12T11:14:20.188+0000] {manager.py:737} INFO - Searching for files in /opt/airflow/dags
[2026-05-12T11:14:20.394+0000] {manager.py:740} INFO - There are 0 files in /opt/airflow/dags
[2026-05-12T11:19:20.443+0000] {manager.py:737} INFO - Searching for files in /opt/airflow/dags
[2026-05-12T11:19:20.469+0000] {manager.py:740} INFO - There are 0 files in /opt/airflow/dags
[2026-05-12T11:24:20.810+0000] {manager.py:737} INFO - Searching for files in /opt/airflow/dags
[2026-05-12T11:24:20.823+0000] {manager.py:740} INFO - There are 0 files in /opt/airflow/dags
[2026-05-12T11:29:21.575+0000] {manager.py:737} INFO - Searching for files in /opt/airflow/dags
[2026-05-12T11:29:21.604+0000] {manager.py:740} INFO - There are 0 files in /opt/airflow/dags
[2026-05-12T11:34:22.339+0000] {manager.py:737} INFO - Searching for files in /opt/airflow/dags
[2026-05-12T11:34:22.349+0000] {manager.py:740} INFO - There are 0 files in /opt/airflow/dags
[2026-05-12T11:39:22.769+0000] {manager.py:737} INFO - Searching for files in /opt/airflow/dags
[2026-05-12T11:39:22.793+0000] {manager.py:740} INFO - There are 0 files in /opt/airflow/dags
[2026-05-12T11:44:23.551+0000] {manager.py:737} INFO - Searching for files in /opt/airflow/dags
[2026-05-12T11:44:23.561+0000] {manager.py:740} INFO - There are 0 files in /opt/airflow/dags
[2026-05-12T11:49:24.281+0000] {manager.py:737} INFO - Searching for files in /opt/airflow/dags
[2026-05-12T11:49:24.296+0000] {manager.py:740} INFO - There are 0 files in /opt/airflow/dags
[2026-05-12T11:54:25.173+0000] {manager.py:737} INFO - Searching for files in /opt/airflow/dags
[2026-05-12T11:54:25.193+0000] {manager.py:740} INFO - There are 0 files in /opt/airflow/dags
[2026-05-12T11:59:25.929+0000] {manager.py:737} INFO - Searching for files in /opt/airflow/dags
[2026-05-12T11:59:25.937+0000] {manager.py:740} INFO - There are 0 files in /opt/airflow/dags
[2026-05-12T13:19:02.765+0000] {manager.py:737} INFO - Searching for files in /opt/airflow/dags
[2026-05-12T13:19:04.226+0000] {manager.py:740} INFO - There are 0 files in /opt/airflow/dags
[2026-05-12T13:24:03.582+0000] {manager.py:737} INFO - Searching for files in /opt/airflow/dags
[2026-05-12T13:24:03.650+0000] {manager.py:740} INFO - There are 0 files in /opt/airflow/dags
[2026-05-12T13:29:03.615+0000] {manager.py:737} INFO - Searching for files in /opt/airflow/dags
[2026-05-12T13:29:03.645+0000] {manager.py:740} INFO - There are 0 files in /opt/airflow/dags
[2026-05-12T13:34:04.385+0000] {manager.py:737} INFO - Searching for files in /opt/airflow/dags
[2026-05-12T13:34:04.405+0000] {manager.py:740} INFO - There are 0 files in /opt/airflow/dags
[2026-05-12T13:39:05.114+0000] {manager.py:737} INFO - Searching for files in /opt/airflow/dags
[2026-05-12T13:39:05.131+0000] {manager.py:740} INFO - There are 0 files in /opt/airflow/dags
[2026-05-12T13:44:05.517+0000] {manager.py:737} INFO - Searching for files in /opt/airflow/dags
[2026-05-12T13:44:05.541+0000] {manager.py:740} INFO - There are 0 files in /opt/airflow/dags
[2026-05-12T13:49:06.364+0000] {manager.py:737} INFO - Searching for files in /opt/airflow/dags
[2026-05-12T13:49:06.377+0000] {manager.py:740} INFO - There are 0 files in /opt/airflow/dags
[2026-05-12T13:54:06.542+0000] {manager.py:737} INFO - Searching for files in /opt/airflow/dags
[2026-05-12T13:54:06.566+0000] {manager.py:740} INFO - There are 0 files in /opt/airflow/dags
[2026-05-12T13:59:07.204+0000] {manager.py:737} INFO - Searching for files in /opt/airflow/dags
[2026-05-12T13:59:07.224+0000] {manager.py:740} INFO - There are 0 files in /opt/airflow/dags
[2026-05-12T14:04:07.772+0000] {manager.py:737} INFO - Searching for files in /opt/airflow/dags
[2026-05-12T14:04:07.793+0000] {manager.py:740} INFO - There are 0 files in /opt/airflow/dags
[2026-05-12T14:09:08.502+0000] {manager.py:737} INFO - Searching for files in /opt/airflow/dags
[2026-05-12T14:09:08.529+0000] {manager.py:740} INFO - There are 0 files in /opt/airflow/dags
[2026-05-12T14:14:08.986+0000] {manager.py:737} INFO - Searching for files in /opt/airflow/dags
[2026-05-12T14:14:09.003+0000] {manager.py:740} INFO - There are 0 files in /opt/airflow/dags
[2026-05-12T14:19:09.545+0000] {manager.py:737} INFO - Searching for files in /opt/airflow/dags
[2026-05-12T14:19:09.573+0000] {manager.py:740} INFO - There are 0 files in /opt/airflow/dags
[2026-05-12T14:24:10.040+0000] {manager.py:737} INFO - Searching for files in /opt/airflow/dags
[2026-05-12T14:24:10.053+0000] {manager.py:740} INFO - There are 0 files in /opt/airflow/dags
[2026-05-12T14:29:10.531+0000] {manager.py:737} INFO - Searching for files in /opt/airflow/dags
[2026-05-12T14:29:10.540+0000] {manager.py:740} INFO - There are 0 files in /opt/airflow/dags
[2026-05-12T14:34:10.972+0000] {manager.py:737} INFO - Searching for files in /opt/airflow/dags
[2026-05-12T14:34:10.984+0000] {manager.py:740} INFO - There are 0 files in /opt/airflow/dags
[2026-05-12T14:39:11.172+0000] {manager.py:737} INFO - Searching for files in /opt/airflow/dags
[2026-05-12T14:39:11.183+0000] {manager.py:740} INFO - There are 0 files in /opt/airflow/dags
[2026-05-12T14:44:11.739+0000] {manager.py:737} INFO - Searching for files in /opt/airflow/dags
[2026-05-12T14:44:11.759+0000] {manager.py:740} INFO - There are 0 files in /opt/airflow/dags
[2026-05-12T14:49:11.957+0000] {manager.py:737} INFO - Searching for files in /opt/airflow/dags
[2026-05-12T14:49:11.977+0000] {manager.py:740} INFO - There are 0 files in /opt/airflow/dags
[2026-05-12T14:54:12.299+0000] {manager.py:737} INFO - Searching for files in /opt/airflow/dags
[2026-05-12T14:54:12.309+0000] {manager.py:740} INFO - There are 0 files in /opt/airflow/dags
[2026-05-12T14:59:12.599+0000] {manager.py:737} INFO - Searching for files in /opt/airflow/dags
[2026-05-12T14:59:12.610+0000] {manager.py:740} INFO - There are 0 files in /opt/airflow/dags
[2026-05-12T15:04:13.178+0000] {manager.py:737} INFO - Searching for files in /opt/airflow/dags
[2026-05-12T15:04:13.188+0000] {manager.py:740} INFO - There are 0 files in /opt/airflow/dags
[2026-05-12T15:09:13.311+0000] {manager.py:737} INFO - Searching for files in /opt/airflow/dags
[2026-05-12T15:09:13.331+0000] {manager.py:740} INFO - There are 0 files in /opt/airflow/dags
[2026-05-12T15:14:13.994+0000] {manager.py:737} INFO - Searching for files in /opt/airflow/dags
[2026-05-12T15:14:14.002+0000] {manager.py:740} INFO - There are 0 files in /opt/airflow/dags
[2026-05-12T15:26:53.930+0000] {manager.py:737} INFO - Searching for files in /opt/airflow/dags
[2026-05-12T15:26:54.589+0000] {manager.py:740} INFO - There are 0 files in /opt/airflow/dags
[2026-05-12T15:31:54.513+0000] {manager.py:737} INFO - Searching for files in /opt/airflow/dags
[2026-05-12T15:31:54.544+0000] {manager.py:740} INFO - There are 0 files in /opt/airflow/dags
[2026-05-12T15:36:55.182+0000] {manager.py:737} INFO - Searching for files in /opt/airflow/dags
[2026-05-12T15:36:55.276+0000] {manager.py:740} INFO - There are 0 files in /opt/airflow/dags
[2026-05-12T15:41:55.208+0000] {manager.py:737} INFO - Searching for files in /opt/airflow/dags
[2026-05-12T15:41:55.236+0000] {manager.py:740} INFO - There are 0 files in /opt/airflow/dags
[2026-05-12T18:45:24.788+0000] {manager.py:737} INFO - Searching for files in /opt/airflow/dags
[2026-05-12T18:45:25.336+0000] {manager.py:740} INFO - There are 0 files in /opt/airflow/dags
[2026-05-13T13:11:49.035+0000] {manager.py:737} INFO - Searching for files in /opt/airflow/dags
[2026-05-13T13:11:52.298+0000] {manager.py:740} INFO - There are 0 files in /opt/airflow/dags
[2026-05-13T13:16:49.261+0000] {manager.py:737} INFO - Searching for files in /opt/airflow/dags
[2026-05-13T13:16:49.635+0000] {manager.py:740} INFO - There are 0 files in /opt/airflow/dags
[2026-05-13T13:21:49.373+0000] {manager.py:737} INFO - Searching for files in /opt/airflow/dags
[2026-05-13T13:21:49.701+0000] {manager.py:740} INFO - There are 0 files in /opt/airflow/dags
[2026-05-13T13:26:49.886+0000] {manager.py:737} INFO - Searching for files in /opt/airflow/dags
[2026-05-13T13:26:50.073+0000] {manager.py:740} INFO - There are 0 files in /opt/airflow/dags
[2026-05-13T13:31:49.941+0000] {manager.py:737} INFO - Searching for files in /opt/airflow/dags
[2026-05-13T13:31:49.968+0000] {manager.py:740} INFO - There are 0 files in /opt/airflow/dags
[2026-05-13T13:36:50.682+0000] {manager.py:737} INFO - Searching for files in /opt/airflow/dags
[2026-05-13T13:36:50.711+0000] {manager.py:740} INFO - There are 0 files in /opt/airflow/dags
[2026-05-13T13:41:51.621+0000] {manager.py:737} INFO - Searching for files in /opt/airflow/dags
[2026-05-13T13:41:51.630+0000] {manager.py:740} INFO - There are 0 files in /opt/airflow/dags
[2026-05-13T13:46:52.205+0000] {manager.py:737} INFO - Searching for files in /opt/airflow/dags
[2026-05-13T13:46:52.214+0000] {manager.py:740} INFO - There are 0 files in /opt/airflow/dags
[2026-05-13T13:51:52.880+0000] {manager.py:737} INFO - Searching for files in /opt/airflow/dags
[2026-05-13T13:51:52.962+0000] {manager.py:740} INFO - There are 0 files in /opt/airflow/dags
[2026-05-13T13:56:53.416+0000] {manager.py:737} INFO - Searching for files in /opt/airflow/dags
[2026-05-13T13:56:53.450+0000] {manager.py:740} INFO - There are 0 files in /opt/airflow/dags
[2026-05-13T14:01:54.001+0000] {manager.py:737} INFO - Searching for files in /opt/airflow/dags
[2026-05-13T14:01:54.011+0000] {manager.py:740} INFO - There are 0 files in /opt/airflow/dags
[2026-05-13T14:06:54.137+0000] {manager.py:737} INFO - Searching for files in /opt/airflow/dags
[2026-05-13T14:06:54.200+0000] {manager.py:740} INFO - There are 0 files in /opt/airflow/dags
[2026-05-13T14:11:55.139+0000] {manager.py:737} INFO - Searching for files in /opt/airflow/dags
[2026-05-13T14:11:55.206+0000] {manager.py:740} INFO - There are 0 files in /opt/airflow/dags
[2026-05-13T14:16:55.951+0000] {manager.py:737} INFO - Searching for files in /opt/airflow/dags
[2026-05-13T14:16:55.982+0000] {manager.py:740} INFO - There are 0 files in /opt/airflow/dags
[2026-05-13T14:21:56.606+0000] {manager.py:737} INFO - Searching for files in /opt/airflow/dags
[2026-05-13T14:21:56.618+0000] {manager.py:740} INFO - There are 0 files in /opt/airflow/dags
[2026-05-13T14:26:57.204+0000] {manager.py:737} INFO - Searching for files in /opt/airflow/dags
[2026-05-13T14:26:57.214+0000] {manager.py:740} INFO - There are 0 files in /opt/airflow/dags
[2026-05-13T14:31:57.766+0000] {manager.py:737} INFO - Searching for files in /opt/airflow/dags
[2026-05-13T14:31:57.797+0000] {manager.py:740} INFO - There are 0 files in /opt/airflow/dags
[2026-05-13T14:36:58.064+0000] {manager.py:737} INFO - Searching for files in /opt/airflow/dags
[2026-05-13T14:36:58.168+0000] {manager.py:740} INFO - There are 0 files in /opt/airflow/dags
[2026-05-13T14:41:58.209+0000] {manager.py:737} INFO - Searching for files in /opt/airflow/dags
[2026-05-13T14:42:00.750+0000] {manager.py:740} INFO - There are 0 files in /opt/airflow/dags
[2026-05-13T14:46:59.009+0000] {manager.py:737} INFO - Searching for files in /opt/airflow/dags
[2026-05-13T14:46:59.086+0000] {manager.py:740} INFO - There are 0 files in /opt/airflow/dags
[2026-05-13T14:51:59.237+0000] {manager.py:737} INFO - Searching for files in /opt/airflow/dags
[2026-05-13T14:51:59.260+0000] {manager.py:740} INFO - There are 0 files in /opt/airflow/dags
[2026-05-13T14:56:59.790+0000] {manager.py:737} INFO - Searching for files in /opt/airflow/dags
[2026-05-13T14:56:59.800+0000] {manager.py:740} INFO - There are 0 files in /opt/airflow/dags
[2026-05-13T15:02:00.198+0000] {manager.py:737} INFO - Searching for files in /opt/airflow/dags
[2026-05-13T15:02:00.226+0000] {manager.py:740} INFO - There are 0 files in /opt/airflow/dags
[2026-05-13T15:07:01.192+0000] {manager.py:737} INFO - Searching for files in /opt/airflow/dags
[2026-05-13T15:07:01.265+0000] {manager.py:740} INFO - There are 0 files in /opt/airflow/dags
[2026-05-13T15:12:02.240+0000] {manager.py:737} INFO - Searching for files in /opt/airflow/dags
[2026-05-13T15:12:02.416+0000] {manager.py:740} INFO - There are 0 files in /opt/airflow/dags
[2026-05-13T15:17:02.500+0000] {manager.py:737} INFO - Searching for files in /opt/airflow/dags
[2026-05-13T15:17:04.279+0000] {manager.py:740} INFO - There are 0 files in /opt/airflow/dags
[2026-05-13T15:22:03.028+0000] {manager.py:737} INFO - Searching for files in /opt/airflow/dags
[2026-05-13T15:22:04.960+0000] {manager.py:740} INFO - There are 0 files in /opt/airflow/dags
[2026-05-13T15:27:03.279+0000] {manager.py:737} INFO - Searching for files in /opt/airflow/dags
[2026-05-13T15:27:03.346+0000] {manager.py:740} INFO - There are 0 files in /opt/airflow/dags
[2026-05-13T15:32:04.009+0000] {manager.py:737} INFO - Searching for files in /opt/airflow/dags
[2026-05-13T15:32:04.057+0000] {manager.py:740} INFO - There are 0 files in /opt/airflow/dags
[2026-05-13T15:37:04.029+0000] {manager.py:737} INFO - Searching for files in /opt/airflow/dags
[2026-05-13T15:37:04.247+0000] {manager.py:740} INFO - There are 0 files in /opt/airflow/dags
[2026-05-13T15:42:04.343+0000] {manager.py:737} INFO - Searching for files in /opt/airflow/dags
[2026-05-13T15:42:04.356+0000] {manager.py:740} INFO - There are 0 files in /opt/airflow/dags
[2026-05-13T15:47:05.163+0000] {manager.py:737} INFO - Searching for files in /opt/airflow/dags
[2026-05-13T15:47:05.198+0000] {manager.py:740} INFO - There are 0 files in /opt/airflow/dags
[2026-05-13T15:52:05.340+0000] {manager.py:737} INFO - Searching for files in /opt/airflow/dags
[2026-05-13T15:52:05.492+0000] {manager.py:740} INFO - There are 0 files in /opt/airflow/dags
[2026-05-13T15:57:05.343+0000] {manager.py:737} INFO - Searching for files in /opt/airflow/dags
[2026-05-13T15:57:05.475+0000] {manager.py:740} INFO - There are 0 files in /opt/airflow/dags
[2026-05-13T16:02:05.374+0000] {manager.py:737} INFO - Searching for files in /opt/airflow/dags
[2026-05-13T16:02:05.881+0000] {manager.py:740} INFO - There are 0 files in /opt/airflow/dags
[2026-05-13T16:07:05.383+0000] {manager.py:737} INFO - Searching for files in /opt/airflow/dags
[2026-05-13T16:07:05.450+0000] {manager.py:740} INFO - There are 0 files in /opt/airflow/dags
[2026-05-13T16:12:05.410+0000] {manager.py:737} INFO - Searching for files in /opt/airflow/dags
[2026-05-13T16:12:05.424+0000] {manager.py:740} INFO - There are 0 files in /opt/airflow/dags
[2026-05-13T16:17:05.516+0000] {manager.py:737} INFO - Searching for files in /opt/airflow/dags
[2026-05-13T16:17:05.610+0000] {manager.py:740} INFO - There are 0 files in /opt/airflow/dags
[2026-05-13T16:22:06.252+0000] {manager.py:737} INFO - Searching for files in /opt/airflow/dags
[2026-05-13T16:22:06.305+0000] {manager.py:740} INFO - There are 0 files in /opt/airflow/dags
[2026-05-13T16:27:06.251+0000] {manager.py:737} INFO - Searching for files in /opt/airflow/dags
[2026-05-13T16:27:06.263+0000] {manager.py:740} INFO - There are 0 files in /opt/airflow/dags
[2026-05-14T09:33:53.155+0000] {manager.py:470} INFO - Processing files using up to 2 processes at a time 
[2026-05-14T09:33:53.162+0000] {manager.py:471} INFO - Process each file at most once every 30 seconds
[2026-05-14T09:33:53.169+0000] {manager.py:472} INFO - Checking for new files in /opt/airflow/dags every 300 seconds
[2026-05-14T09:33:53.171+0000] {manager.py:737} INFO - Searching for files in /opt/airflow/dags
[2026-05-14T09:33:53.180+0000] {manager.py:740} INFO - There are 0 files in /opt/airflow/dags
[2026-05-14T09:38:53.271+0000] {manager.py:737} INFO - Searching for files in /opt/airflow/dags
[2026-05-14T09:38:53.383+0000] {manager.py:740} INFO - There are 0 files in /opt/airflow/dags
[2026-05-14T09:43:53.770+0000] {manager.py:737} INFO - Searching for files in /opt/airflow/dags
[2026-05-14T09:43:53.784+0000] {manager.py:740} INFO - There are 0 files in /opt/airflow/dags
[2026-05-14T09:48:54.148+0000] {manager.py:737} INFO - Searching for files in /opt/airflow/dags
[2026-05-14T09:48:54.156+0000] {manager.py:740} INFO - There are 0 files in /opt/airflow/dags
[2026-05-14T09:53:54.513+0000] {manager.py:737} INFO - Searching for files in /opt/airflow/dags
[2026-05-14T09:53:54.526+0000] {manager.py:740} INFO - There are 0 files in /opt/airflow/dags
[2026-05-14T09:58:54.932+0000] {manager.py:737} INFO - Searching for files in /opt/airflow/dags
[2026-05-14T09:58:54.943+0000] {manager.py:740} INFO - There are 0 files in /opt/airflow/dags
[2026-05-14T10:03:55.400+0000] {manager.py:737} INFO - Searching for files in /opt/airflow/dags
[2026-05-14T10:03:55.415+0000] {manager.py:740} INFO - There are 0 files in /opt/airflow/dags
[2026-05-14T10:08:55.880+0000] {manager.py:737} INFO - Searching for files in /opt/airflow/dags
[2026-05-14T10:08:55.888+0000] {manager.py:740} INFO - There are 0 files in /opt/airflow/dags
[2026-05-14T10:13:56.702+0000] {manager.py:737} INFO - Searching for files in /opt/airflow/dags
[2026-05-14T10:13:56.712+0000] {manager.py:740} INFO - There are 0 files in /opt/airflow/dags
[2026-05-14T10:18:56.795+0000] {manager.py:737} INFO - Searching for files in /opt/airflow/dags
[2026-05-14T10:18:56.815+0000] {manager.py:740} INFO - There are 0 files in /opt/airflow/dags
[2026-05-14T10:23:57.290+0000] {manager.py:737} INFO - Searching for files in /opt/airflow/dags
[2026-05-14T10:23:57.321+0000] {manager.py:740} INFO - There are 0 files in /opt/airflow/dags
[2026-05-14T10:28:57.913+0000] {manager.py:737} INFO - Searching for files in /opt/airflow/dags
[2026-05-14T10:28:57.930+0000] {manager.py:740} INFO - There are 0 files in /opt/airflow/dags
[2026-05-14T10:33:58.425+0000] {manager.py:737} INFO - Searching for files in /opt/airflow/dags
[2026-05-14T10:33:58.531+0000] {manager.py:740} INFO - There are 0 files in /opt/airflow/dags
[2026-05-14T10:41:07.794+0000] {manager.py:470} INFO - Processing files using up to 2 processes at a time 
[2026-05-14T10:41:07.833+0000] {manager.py:471} INFO - Process each file at most once every 30 seconds
[2026-05-14T10:41:07.850+0000] {manager.py:472} INFO - Checking for new files in /opt/airflow/dags every 300 seconds
[2026-05-14T10:41:07.888+0000] {manager.py:737} INFO - Searching for files in /opt/airflow/dags
[2026-05-14T10:41:08.076+0000] {manager.py:740} INFO - There are 1 files in /opt/airflow/dags
[2026-05-14T10:41:09.404+0000] {manager.py:878} INFO - 
================================================================================
DAG File Processing Stats

File Path                    PID  Runtime      # DAGs    # Errors  Last Runtime    Last Run
-------------------------  -----  ---------  --------  ----------  --------------  ----------
/opt/airflow/dags/main.py     64  0.56s             0           0
================================================================================
[2026-05-14T10:41:40.141+0000] {manager.py:878} INFO - 
================================================================================
DAG File Processing Stats

File Path                  PID    Runtime      # DAGs    # Errors  Last Runtime    Last Run
-------------------------  -----  ---------  --------  ----------  --------------  -------------------
/opt/airflow/dags/main.py                           1           0  8.07s           2026-05-14T10:41:16
================================================================================
[2026-05-14T10:42:10.293+0000] {manager.py:878} INFO - 
================================================================================
DAG File Processing Stats

File Path                  PID    Runtime      # DAGs    # Errors  Last Runtime    Last Run
-------------------------  -----  ---------  --------  ----------  --------------  -------------------
/opt/airflow/dags/main.py                           1           0  1.37s           2026-05-14T10:41:48
================================================================================
[2026-05-14T10:42:40.833+0000] {manager.py:878} INFO - 
================================================================================
DAG File Processing Stats

File Path                  PID    Runtime      # DAGs    # Errors  Last Runtime    Last Run
-------------------------  -----  ---------  --------  ----------  --------------  -------------------
/opt/airflow/dags/main.py                           1           0  0.79s           2026-05-14T10:42:19
================================================================================
[2026-05-14T10:43:10.988+0000] {manager.py:878} INFO - 
================================================================================
DAG File Processing Stats

File Path                  PID    Runtime      # DAGs    # Errors  Last Runtime    Last Run
-------------------------  -----  ---------  --------  ----------  --------------  -------------------
/opt/airflow/dags/main.py                           0           1  0.29s           2026-05-14T10:43:05
================================================================================
[2026-05-14T10:43:41.206+0000] {manager.py:878} INFO - 
================================================================================
DAG File Processing Stats

File Path                  PID    Runtime      # DAGs    # Errors  Last Runtime    Last Run
-------------------------  -----  ---------  --------  ----------  --------------  -------------------
/opt/airflow/dags/main.py                           1           0  3.61s           2026-05-14T10:43:19
================================================================================
[2026-05-14T10:44:11.625+0000] {manager.py:878} INFO - 
================================================================================
DAG File Processing Stats

File Path                  PID    Runtime      # DAGs    # Errors  Last Runtime    Last Run
-------------------------  -----  ---------  --------  ----------  --------------  -------------------
/opt/airflow/dags/main.py                           1           0  1.04s           2026-05-14T10:43:50
================================================================================
[2026-05-14T10:44:41.978+0000] {manager.py:878} INFO - 
================================================================================
DAG File Processing Stats

File Path                  PID    Runtime      # DAGs    # Errors  Last Runtime    Last Run
-------------------------  -----  ---------  --------  ----------  --------------  -------------------
/opt/airflow/dags/main.py                           1           0  0.31s           2026-05-14T10:44:21
================================================================================
[2026-05-14T10:45:12.356+0000] {manager.py:878} INFO - 
================================================================================
DAG File Processing Stats

File Path                  PID    Runtime      # DAGs    # Errors  Last Runtime    Last Run
-------------------------  -----  ---------  --------  ----------  --------------  -------------------
/opt/airflow/dags/main.py                           1           0  0.28s           2026-05-14T10:44:51
================================================================================
[2026-05-14T10:45:42.927+0000] {manager.py:878} INFO - 
================================================================================
DAG File Processing Stats

File Path                  PID    Runtime      # DAGs    # Errors  Last Runtime    Last Run
-------------------------  -----  ---------  --------  ----------  --------------  -------------------
/opt/airflow/dags/main.py                           1           0  0.28s           2026-05-14T10:45:21
================================================================================
[2026-05-14T10:46:08.333+0000] {manager.py:737} INFO - Searching for files in /opt/airflow/dags
[2026-05-14T10:46:08.443+0000] {manager.py:740} INFO - There are 1 files in /opt/airflow/dags
[2026-05-14T10:46:13.507+0000] {manager.py:878} INFO - 
================================================================================
DAG File Processing Stats

File Path                  PID    Runtime      # DAGs    # Errors  Last Runtime    Last Run
-------------------------  -----  ---------  --------  ----------  --------------  -------------------
/opt/airflow/dags/main.py                           1           0  0.32s           2026-05-14T10:45:52
================================================================================
[2026-05-14T10:46:43.935+0000] {manager.py:878} INFO - 
================================================================================
DAG File Processing Stats

File Path                  PID    Runtime      # DAGs    # Errors  Last Runtime    Last Run
-------------------------  -----  ---------  --------  ----------  --------------  -------------------
/opt/airflow/dags/main.py                           1           0  0.27s           2026-05-14T10:46:22
================================================================================
[2026-05-14T10:47:14.022+0000] {manager.py:878} INFO - 
================================================================================
DAG File Processing Stats

File Path                  PID    Runtime      # DAGs    # Errors  Last Runtime    Last Run
-------------------------  -----  ---------  --------  ----------  --------------  -------------------
/opt/airflow/dags/main.py                           1           0  2.03s           2026-05-14T10:46:55
================================================================================
[2026-05-14T10:47:44.069+0000] {manager.py:878} INFO - 
================================================================================
DAG File Processing Stats

File Path                  PID    Runtime      # DAGs    # Errors  Last Runtime    Last Run
-------------------------  -----  ---------  --------  ----------  --------------  -------------------
/opt/airflow/dags/main.py                           1           0  0.45s           2026-05-14T10:47:26
================================================================================
[2026-05-14T10:48:14.790+0000] {manager.py:878} INFO - 
================================================================================
DAG File Processing Stats

File Path                  PID    Runtime      # DAGs    # Errors  Last Runtime    Last Run
-------------------------  -----  ---------  --------  ----------  --------------  -------------------
/opt/airflow/dags/main.py                           1           0  0.28s           2026-05-14T10:47:56
================================================================================
[2026-05-14T10:48:45.404+0000] {manager.py:878} INFO - 
================================================================================
DAG File Processing Stats

File Path                  PID    Runtime      # DAGs    # Errors  Last Runtime    Last Run
-------------------------  -----  ---------  --------  ----------  --------------  -------------------
/opt/airflow/dags/main.py                           1           0  0.33s           2026-05-14T10:48:27
================================================================================
[2026-05-14T10:49:15.803+0000] {manager.py:878} INFO - 
================================================================================
DAG File Processing Stats

File Path                  PID    Runtime      # DAGs    # Errors  Last Runtime    Last Run
-------------------------  -----  ---------  --------  ----------  --------------  -------------------
/opt/airflow/dags/main.py                           1           0  0.97s           2026-05-14T10:48:58
================================================================================
[2026-05-14T10:49:46.244+0000] {manager.py:878} INFO - 
================================================================================
DAG File Processing Stats

File Path                  PID    Runtime      # DAGs    # Errors  Last Runtime    Last Run
-------------------------  -----  ---------  --------  ----------  --------------  -------------------
/opt/airflow/dags/main.py                           1           0  0.32s           2026-05-14T10:49:29
================================================================================
[2026-05-14T10:50:16.851+0000] {manager.py:878} INFO - 
================================================================================
DAG File Processing Stats

File Path                  PID    Runtime      # DAGs    # Errors  Last Runtime    Last Run
-------------------------  -----  ---------  --------  ----------  --------------  -------------------
/opt/airflow/dags/main.py                           1           0  0.33s           2026-05-14T10:49:59
================================================================================
[2026-05-14T10:50:47.420+0000] {manager.py:878} INFO - 
================================================================================
DAG File Processing Stats

File Path                  PID    Runtime      # DAGs    # Errors  Last Runtime    Last Run
-------------------------  -----  ---------  --------  ----------  --------------  -------------------
/opt/airflow/dags/main.py                           1           0  0.25s           2026-05-14T10:50:30
================================================================================
[2026-05-14T10:51:08.751+0000] {manager.py:737} INFO - Searching for files in /opt/airflow/dags
[2026-05-14T10:51:08.888+0000] {manager.py:740} INFO - There are 1 files in /opt/airflow/dags
[2026-05-14T10:51:18.058+0000] {manager.py:878} INFO - 
================================================================================
DAG File Processing Stats

File Path                  PID    Runtime      # DAGs    # Errors  Last Runtime    Last Run
-------------------------  -----  ---------  --------  ----------  --------------  -------------------
/opt/airflow/dags/main.py                           1           0  0.32s           2026-05-14T10:51:00
================================================================================
[2026-05-14T10:51:48.518+0000] {manager.py:878} INFO - 
================================================================================
DAG File Processing Stats

File Path                  PID    Runtime      # DAGs    # Errors  Last Runtime    Last Run
-------------------------  -----  ---------  --------  ----------  --------------  -------------------
/opt/airflow/dags/main.py                           1           0  0.28s           2026-05-14T10:51:31
================================================================================
[2026-05-14T10:52:19.030+0000] {manager.py:878} INFO - 
================================================================================
DAG File Processing Stats

File Path                  PID    Runtime      # DAGs    # Errors  Last Runtime    Last Run
-------------------------  -----  ---------  --------  ----------  --------------  -------------------
/opt/airflow/dags/main.py                           1           0  0.27s           2026-05-14T10:52:01
================================================================================
[2026-05-14T10:52:49.517+0000] {manager.py:878} INFO - 
================================================================================
DAG File Processing Stats

File Path                  PID    Runtime      # DAGs    # Errors  Last Runtime    Last Run
-------------------------  -----  ---------  --------  ----------  --------------  -------------------
/opt/airflow/dags/main.py                           1           0  0.28s           2026-05-14T10:52:32
================================================================================
[2026-05-14T10:53:20.034+0000] {manager.py:878} INFO - 
================================================================================
DAG File Processing Stats

File Path                  PID    Runtime      # DAGs    # Errors  Last Runtime    Last Run
-------------------------  -----  ---------  --------  ----------  --------------  -------------------
/opt/airflow/dags/main.py                           1           0  0.25s           2026-05-14T10:53:02
================================================================================
[2026-05-14T10:53:50.466+0000] {manager.py:878} INFO - 
================================================================================
DAG File Processing Stats

File Path                  PID    Runtime      # DAGs    # Errors  Last Runtime    Last Run
-------------------------  -----  ---------  --------  ----------  --------------  -------------------
/opt/airflow/dags/main.py                           1           0  0.25s           2026-05-14T10:53:33
================================================================================
[2026-05-14T10:54:21.028+0000] {manager.py:878} INFO - 
================================================================================
DAG File Processing Stats

File Path                  PID    Runtime      # DAGs    # Errors  Last Runtime    Last Run
-------------------------  -----  ---------  --------  ----------  --------------  -------------------
/opt/airflow/dags/main.py                           1           0  0.26s           2026-05-14T10:54:04
================================================================================
[2026-05-14T10:54:51.577+0000] {manager.py:878} INFO - 
================================================================================
DAG File Processing Stats

File Path                  PID    Runtime      # DAGs    # Errors  Last Runtime    Last Run
-------------------------  -----  ---------  --------  ----------  --------------  -------------------
/opt/airflow/dags/main.py                           1           0  0.33s           2026-05-14T10:54:34
================================================================================
[2026-05-14T10:55:21.656+0000] {manager.py:878} INFO - 
================================================================================
DAG File Processing Stats

File Path                  PID    Runtime      # DAGs    # Errors  Last Runtime    Last Run
-------------------------  -----  ---------  --------  ----------  --------------  -------------------
/opt/airflow/dags/main.py                           1           0  0.89s           2026-05-14T10:55:06
================================================================================
[2026-05-14T10:55:52.007+0000] {manager.py:878} INFO - 
================================================================================
DAG File Processing Stats

File Path                  PID    Runtime      # DAGs    # Errors  Last Runtime    Last Run
-------------------------  -----  ---------  --------  ----------  --------------  -------------------
/opt/airflow/dags/main.py                           1           0  0.81s           2026-05-14T10:55:37
================================================================================
[2026-05-14T10:56:09.579+0000] {manager.py:737} INFO - Searching for files in /opt/airflow/dags
[2026-05-14T10:56:09.739+0000] {manager.py:740} INFO - There are 1 files in /opt/airflow/dags
[2026-05-14T10:56:22.908+0000] {manager.py:878} INFO - 
================================================================================
DAG File Processing Stats

File Path                  PID    Runtime      # DAGs    # Errors  Last Runtime    Last Run
-------------------------  -----  ---------  --------  ----------  --------------  -------------------
/opt/airflow/dags/main.py                           1           0  0.48s           2026-05-14T10:56:08
================================================================================
[2026-05-14T10:56:53.283+0000] {manager.py:878} INFO - 
================================================================================
DAG File Processing Stats

File Path                  PID    Runtime      # DAGs    # Errors  Last Runtime    Last Run
-------------------------  -----  ---------  --------  ----------  --------------  -------------------
/opt/airflow/dags/main.py                           1           0  0.29s           2026-05-14T10:56:39
================================================================================
[2026-05-14T10:57:23.861+0000] {manager.py:878} INFO - 
================================================================================
DAG File Processing Stats

File Path                  PID    Runtime      # DAGs    # Errors  Last Runtime    Last Run
-------------------------  -----  ---------  --------  ----------  --------------  -------------------
/opt/airflow/dags/main.py                           1           0  0.27s           2026-05-14T10:57:09
================================================================================
[2026-05-14T10:57:54.284+0000] {manager.py:878} INFO - 
================================================================================
DAG File Processing Stats

File Path                  PID    Runtime      # DAGs    # Errors  Last Runtime    Last Run
-------------------------  -----  ---------  --------  ----------  --------------  -------------------
/opt/airflow/dags/main.py                           1           0  0.28s           2026-05-14T10:57:40
================================================================================
[2026-05-14T10:58:24.878+0000] {manager.py:878} INFO - 
================================================================================
DAG File Processing Stats

File Path                  PID    Runtime      # DAGs    # Errors  Last Runtime    Last Run
-------------------------  -----  ---------  --------  ----------  --------------  -------------------
/opt/airflow/dags/main.py                           1           0  0.35s           2026-05-14T10:58:10
================================================================================
[2026-05-14T10:58:55.281+0000] {manager.py:878} INFO - 
================================================================================
DAG File Processing Stats

File Path                  PID    Runtime      # DAGs    # Errors  Last Runtime    Last Run
-------------------------  -----  ---------  --------  ----------  --------------  -------------------
/opt/airflow/dags/main.py                           1           0  0.25s           2026-05-14T10:58:41
================================================================================
[2026-05-14T10:59:25.835+0000] {manager.py:878} INFO - 
================================================================================
DAG File Processing Stats

File Path                  PID    Runtime      # DAGs    # Errors  Last Runtime    Last Run
-------------------------  -----  ---------  --------  ----------  --------------  -------------------
/opt/airflow/dags/main.py                           1           0  0.26s           2026-05-14T10:59:11
================================================================================
[2026-05-14T10:59:55.855+0000] {manager.py:878} INFO - 
================================================================================
DAG File Processing Stats

File Path                  PID    Runtime      # DAGs    # Errors  Last Runtime    Last Run
-------------------------  -----  ---------  --------  ----------  --------------  -------------------
/opt/airflow/dags/main.py                           1           0  0.61s           2026-05-14T10:59:42
================================================================================
[2026-05-14T11:00:26.217+0000] {manager.py:878} INFO - 
================================================================================
DAG File Processing Stats

File Path                  PID    Runtime      # DAGs    # Errors  Last Runtime    Last Run
-------------------------  -----  ---------  --------  ----------  --------------  -------------------
/opt/airflow/dags/main.py                           1           0  0.25s           2026-05-14T11:00:13
================================================================================
[2026-05-14T11:00:56.823+0000] {manager.py:878} INFO - 
================================================================================
DAG File Processing Stats

File Path                  PID    Runtime      # DAGs    # Errors  Last Runtime    Last Run
-------------------------  -----  ---------  --------  ----------  --------------  -------------------
/opt/airflow/dags/main.py                           1           0  0.26s           2026-05-14T11:00:43
================================================================================
[2026-05-14T11:01:10.026+0000] {manager.py:737} INFO - Searching for files in /opt/airflow/dags
[2026-05-14T11:01:10.113+0000] {manager.py:740} INFO - There are 1 files in /opt/airflow/dags
[2026-05-14T11:01:27.398+0000] {manager.py:878} INFO - 
================================================================================
DAG File Processing Stats

File Path                  PID    Runtime      # DAGs    # Errors  Last Runtime    Last Run
-------------------------  -----  ---------  --------  ----------  --------------  -------------------
/opt/airflow/dags/main.py                           1           0  0.43s           2026-05-14T11:01:14
================================================================================
[2026-05-14T11:01:58.057+0000] {manager.py:878} INFO - 
================================================================================
DAG File Processing Stats

File Path                  PID    Runtime      # DAGs    # Errors  Last Runtime    Last Run
-------------------------  -----  ---------  --------  ----------  --------------  -------------------
/opt/airflow/dags/main.py                           1           0  0.25s           2026-05-14T11:01:45
================================================================================
[2026-05-14T11:02:28.684+0000] {manager.py:878} INFO - 
================================================================================
DAG File Processing Stats

File Path                  PID    Runtime      # DAGs    # Errors  Last Runtime    Last Run
-------------------------  -----  ---------  --------  ----------  --------------  -------------------
/opt/airflow/dags/main.py                           1           0  0.27s           2026-05-14T11:02:15
================================================================================
[2026-05-14T11:02:59.034+0000] {manager.py:878} INFO - 
================================================================================
DAG File Processing Stats

File Path                  PID    Runtime      # DAGs    # Errors  Last Runtime    Last Run
-------------------------  -----  ---------  --------  ----------  --------------  -------------------
/opt/airflow/dags/main.py                           1           0  0.27s           2026-05-14T11:02:46
================================================================================
[2026-05-14T11:03:29.643+0000] {manager.py:878} INFO - 
================================================================================
DAG File Processing Stats

File Path                  PID    Runtime      # DAGs    # Errors  Last Runtime    Last Run
-------------------------  -----  ---------  --------  ----------  --------------  -------------------
/opt/airflow/dags/main.py                           1           0  0.27s           2026-05-14T11:03:16
================================================================================
[2026-05-14T11:04:00.075+0000] {manager.py:878} INFO - 
================================================================================
DAG File Processing Stats

File Path                  PID    Runtime      # DAGs    # Errors  Last Runtime    Last Run
-------------------------  -----  ---------  --------  ----------  --------------  -------------------
/opt/airflow/dags/main.py                           1           0  0.35s           2026-05-14T11:03:47
================================================================================
[2026-05-14T11:04:30.826+0000] {manager.py:878} INFO - 
================================================================================
DAG File Processing Stats

File Path                  PID    Runtime      # DAGs    # Errors  Last Runtime    Last Run
-------------------------  -----  ---------  --------  ----------  --------------  -------------------
/opt/airflow/dags/main.py                           1           0  0.36s           2026-05-14T11:04:17
================================================================================
[2026-05-14T11:05:01.181+0000] {manager.py:878} INFO - 
================================================================================
DAG File Processing Stats

File Path                  PID    Runtime      # DAGs    # Errors  Last Runtime    Last Run
-------------------------  -----  ---------  --------  ----------  --------------  -------------------
/opt/airflow/dags/main.py                           1           0  0.60s           2026-05-14T11:04:48
================================================================================
[2026-05-14T11:05:31.485+0000] {manager.py:878} INFO - 
================================================================================
DAG File Processing Stats

File Path                  PID    Runtime      # DAGs    # Errors  Last Runtime    Last Run
-------------------------  -----  ---------  --------  ----------  --------------  -------------------
/opt/airflow/dags/main.py                           1           0  0.27s           2026-05-14T11:05:19
================================================================================
[2026-05-14T11:06:01.636+0000] {manager.py:878} INFO - 
================================================================================
DAG File Processing Stats

File Path                  PID    Runtime      # DAGs    # Errors  Last Runtime    Last Run
-------------------------  -----  ---------  --------  ----------  --------------  -------------------
/opt/airflow/dags/main.py                           1           0  0.37s           2026-05-14T11:05:49
================================================================================
[2026-05-14T11:06:10.049+0000] {manager.py:737} INFO - Searching for files in /opt/airflow/dags
[2026-05-14T11:06:10.199+0000] {manager.py:740} INFO - There are 1 files in /opt/airflow/dags
[2026-05-14T11:06:31.764+0000] {manager.py:878} INFO - 
================================================================================
DAG File Processing Stats

File Path                  PID    Runtime      # DAGs    # Errors  Last Runtime    Last Run
-------------------------  -----  ---------  --------  ----------  --------------  -------------------
/opt/airflow/dags/main.py                           1           0  0.44s           2026-05-14T11:06:20
================================================================================
[2026-05-14T11:07:01.816+0000] {manager.py:878} INFO - 
================================================================================
DAG File Processing Stats

File Path                  PID    Runtime      # DAGs    # Errors  Last Runtime    Last Run
-------------------------  -----  ---------  --------  ----------  --------------  -------------------
/opt/airflow/dags/main.py                           1           0  0.53s           2026-05-14T11:06:51
================================================================================
[2026-05-14T11:07:32.626+0000] {manager.py:878} INFO - 
================================================================================
DAG File Processing Stats

File Path                  PID    Runtime      # DAGs    # Errors  Last Runtime    Last Run
-------------------------  -----  ---------  --------  ----------  --------------  -------------------
/opt/airflow/dags/main.py                           1           0  0.31s           2026-05-14T11:07:21
================================================================================
[2026-05-14T11:08:02.957+0000] {manager.py:878} INFO - 
================================================================================
DAG File Processing Stats

File Path                  PID    Runtime      # DAGs    # Errors  Last Runtime    Last Run
-------------------------  -----  ---------  --------  ----------  --------------  -------------------
/opt/airflow/dags/main.py                           1           0  0.29s           2026-05-14T11:07:52
================================================================================
[2026-05-14T11:08:33.112+0000] {manager.py:878} INFO - 
================================================================================
DAG File Processing Stats

File Path                  PID    Runtime      # DAGs    # Errors  Last Runtime    Last Run
-------------------------  -----  ---------  --------  ----------  --------------  -------------------
/opt/airflow/dags/main.py                           1           0  0.55s           2026-05-14T11:08:22
================================================================================
[2026-05-14T11:09:03.554+0000] {manager.py:878} INFO - 
================================================================================
DAG File Processing Stats

File Path                  PID    Runtime      # DAGs    # Errors  Last Runtime    Last Run
-------------------------  -----  ---------  --------  ----------  --------------  -------------------
/opt/airflow/dags/main.py                           1           0  0.24s           2026-05-14T11:08:53
================================================================================
[2026-05-14T11:09:34.319+0000] {manager.py:878} INFO - 
================================================================================
DAG File Processing Stats

File Path                  PID    Runtime      # DAGs    # Errors  Last Runtime    Last Run
-------------------------  -----  ---------  --------  ----------  --------------  -------------------
/opt/airflow/dags/main.py                           1           0  0.45s           2026-05-14T11:09:24
================================================================================
[2026-05-14T11:10:04.929+0000] {manager.py:878} INFO - 
================================================================================
DAG File Processing Stats

File Path                  PID    Runtime      # DAGs    # Errors  Last Runtime    Last Run
-------------------------  -----  ---------  --------  ----------  --------------  -------------------
/opt/airflow/dags/main.py                           1           0  0.30s           2026-05-14T11:09:54
================================================================================
[2026-05-14T11:10:35.390+0000] {manager.py:878} INFO - 
================================================================================
DAG File Processing Stats

File Path                  PID    Runtime      # DAGs    # Errors  Last Runtime    Last Run
-------------------------  -----  ---------  --------  ----------  --------------  -------------------
/opt/airflow/dags/main.py                           1           0  0.47s           2026-05-14T11:10:25
================================================================================
[2026-05-14T11:11:05.603+0000] {manager.py:878} INFO - 
================================================================================
DAG File Processing Stats

File Path                  PID    Runtime      # DAGs    # Errors  Last Runtime    Last Run
-------------------------  -----  ---------  --------  ----------  --------------  -------------------
/opt/airflow/dags/main.py                           1           0  0.35s           2026-05-14T11:10:56
================================================================================
[2026-05-14T11:11:10.701+0000] {manager.py:737} INFO - Searching for files in /opt/airflow/dags
[2026-05-14T11:11:10.999+0000] {manager.py:740} INFO - There are 1 files in /opt/airflow/dags
[2026-05-14T11:11:35.860+0000] {manager.py:878} INFO - 
================================================================================
DAG File Processing Stats

File Path                  PID    Runtime      # DAGs    # Errors  Last Runtime    Last Run
-------------------------  -----  ---------  --------  ----------  --------------  -------------------
/opt/airflow/dags/main.py                           1           0  0.53s           2026-05-14T11:11:27
================================================================================
[2026-05-14T11:12:06.701+0000] {manager.py:878} INFO - 
================================================================================
DAG File Processing Stats

File Path                  PID    Runtime      # DAGs    # Errors  Last Runtime    Last Run
-------------------------  -----  ---------  --------  ----------  --------------  -------------------
/opt/airflow/dags/main.py                           1           0  0.53s           2026-05-14T11:11:58
================================================================================
[2026-05-14T11:12:37.223+0000] {manager.py:878} INFO - 
================================================================================
DAG File Processing Stats

File Path                  PID    Runtime      # DAGs    # Errors  Last Runtime    Last Run
-------------------------  -----  ---------  --------  ----------  --------------  -------------------
/opt/airflow/dags/main.py                           1           0  0.25s           2026-05-14T11:12:29
================================================================================
[2026-05-14T11:13:07.634+0000] {manager.py:878} INFO - 
================================================================================
DAG File Processing Stats

File Path                  PID    Runtime      # DAGs    # Errors  Last Runtime    Last Run
-------------------------  -----  ---------  --------  ----------  --------------  -------------------
/opt/airflow/dags/main.py                           1           0  0.48s           2026-05-14T11:12:59
================================================================================
[2026-05-14T11:13:37.681+0000] {manager.py:878} INFO - 
================================================================================
DAG File Processing Stats

File Path                  PID    Runtime      # DAGs    # Errors  Last Runtime    Last Run
-------------------------  -----  ---------  --------  ----------  --------------  -------------------
/opt/airflow/dags/main.py                           1           0  0.35s           2026-05-14T11:13:30
================================================================================
[2026-05-14T11:14:07.729+0000] {manager.py:878} INFO - 
================================================================================
DAG File Processing Stats

File Path                  PID    Runtime      # DAGs    # Errors  Last Runtime    Last Run
-------------------------  -----  ---------  --------  ----------  --------------  -------------------
/opt/airflow/dags/main.py                           1           0  0.50s           2026-05-14T11:14:01
================================================================================
[2026-05-14T11:14:38.119+0000] {manager.py:878} INFO - 
================================================================================
DAG File Processing Stats

File Path                  PID    Runtime      # DAGs    # Errors  Last Runtime    Last Run
-------------------------  -----  ---------  --------  ----------  --------------  -------------------
/opt/airflow/dags/main.py                           1           0  0.27s           2026-05-14T11:14:32
================================================================================
[2026-05-14T11:15:08.718+0000] {manager.py:878} INFO - 
================================================================================
DAG File Processing Stats

File Path                  PID    Runtime      # DAGs    # Errors  Last Runtime    Last Run
-------------------------  -----  ---------  --------  ----------  --------------  -------------------
/opt/airflow/dags/main.py                           1           0  0.31s           2026-05-14T11:15:02
================================================================================
[2026-05-14T11:15:39.170+0000] {manager.py:878} INFO - 
================================================================================
DAG File Processing Stats

File Path                  PID    Runtime      # DAGs    # Errors  Last Runtime    Last Run
-------------------------  -----  ---------  --------  ----------  --------------  -------------------
/opt/airflow/dags/main.py                           1           0  0.34s           2026-05-14T11:15:33
================================================================================
[2026-05-14T11:16:09.507+0000] {manager.py:878} INFO - 
================================================================================
DAG File Processing Stats

File Path                  PID    Runtime      # DAGs    # Errors  Last Runtime    Last Run
-------------------------  -----  ---------  --------  ----------  --------------  -------------------
/opt/airflow/dags/main.py                           1           0  0.26s           2026-05-14T11:16:03
================================================================================
[2026-05-14T11:16:10.773+0000] {manager.py:737} INFO - Searching for files in /opt/airflow/dags
[2026-05-14T11:16:11.022+0000] {manager.py:740} INFO - There are 1 files in /opt/airflow/dags
[2026-05-14T11:16:40.029+0000] {manager.py:878} INFO - 
================================================================================
DAG File Processing Stats

File Path                  PID    Runtime      # DAGs    # Errors  Last Runtime    Last Run
-------------------------  -----  ---------  --------  ----------  --------------  -------------------
/opt/airflow/dags/main.py                           1           0  0.28s           2026-05-14T11:16:34
================================================================================
[2026-05-14T11:17:10.897+0000] {manager.py:878} INFO - 
================================================================================
DAG File Processing Stats

File Path                  PID    Runtime      # DAGs    # Errors  Last Runtime    Last Run
-------------------------  -----  ---------  --------  ----------  --------------  -------------------
/opt/airflow/dags/main.py                           1           0  0.35s           2026-05-14T11:17:04
================================================================================
[2026-05-14T11:17:41.588+0000] {manager.py:878} INFO - 
================================================================================
DAG File Processing Stats

File Path                  PID    Runtime      # DAGs    # Errors  Last Runtime    Last Run
-------------------------  -----  ---------  --------  ----------  --------------  -------------------
/opt/airflow/dags/main.py                           1           0  0.29s           2026-05-14T11:17:35
================================================================================
[2026-05-14T11:18:12.140+0000] {manager.py:878} INFO - 
================================================================================
DAG File Processing Stats

File Path                  PID    Runtime      # DAGs    # Errors  Last Runtime    Last Run
-------------------------  -----  ---------  --------  ----------  --------------  -------------------
/opt/airflow/dags/main.py                           1           0  0.28s           2026-05-14T11:18:06
================================================================================
[2026-05-14T11:18:42.487+0000] {manager.py:878} INFO - 
================================================================================
DAG File Processing Stats

File Path                  PID    Runtime      # DAGs    # Errors  Last Runtime    Last Run
-------------------------  -----  ---------  --------  ----------  --------------  -------------------
/opt/airflow/dags/main.py                           1           0  1.52s           2026-05-14T11:18:37
================================================================================
[2026-05-14T11:19:12.818+0000] {manager.py:878} INFO - 
================================================================================
DAG File Processing Stats

File Path                  PID    Runtime      # DAGs    # Errors  Last Runtime    Last Run
-------------------------  -----  ---------  --------  ----------  --------------  -------------------
/opt/airflow/dags/main.py                           1           0  0.83s           2026-05-14T11:19:09
================================================================================
[2026-05-14T11:19:43.258+0000] {manager.py:878} INFO - 
================================================================================
DAG File Processing Stats

File Path                  PID    Runtime      # DAGs    # Errors  Last Runtime    Last Run
-------------------------  -----  ---------  --------  ----------  --------------  -------------------
/opt/airflow/dags/main.py                           1           0  0.59s           2026-05-14T11:19:40
================================================================================
[2026-05-14T11:20:13.454+0000] {manager.py:878} INFO - 
================================================================================
DAG File Processing Stats

File Path                  PID    Runtime      # DAGs    # Errors  Last Runtime    Last Run
-------------------------  -----  ---------  --------  ----------  --------------  -------------------
/opt/airflow/dags/main.py                           1           0  0.48s           2026-05-14T11:20:01
================================================================================
[2026-05-14T11:20:43.996+0000] {manager.py:878} INFO - 
================================================================================
DAG File Processing Stats

File Path                  PID    Runtime      # DAGs    # Errors  Last Runtime    Last Run
-------------------------  -----  ---------  --------  ----------  --------------  -------------------
/opt/airflow/dags/main.py                           1           0  1.42s           2026-05-14T11:20:33
================================================================================
[2026-05-14T11:21:11.517+0000] {manager.py:737} INFO - Searching for files in /opt/airflow/dags
[2026-05-14T11:21:11.693+0000] {manager.py:740} INFO - There are 1 files in /opt/airflow/dags
[2026-05-14T11:21:14.748+0000] {manager.py:878} INFO - 
================================================================================
DAG File Processing Stats

File Path                  PID    Runtime      # DAGs    # Errors  Last Runtime    Last Run
-------------------------  -----  ---------  --------  ----------  --------------  -------------------
/opt/airflow/dags/main.py                           1           0  0.30s           2026-05-14T11:21:04
================================================================================
[2026-05-14T11:21:45.136+0000] {manager.py:878} INFO - 
================================================================================
DAG File Processing Stats

File Path                  PID    Runtime      # DAGs    # Errors  Last Runtime    Last Run
-------------------------  -----  ---------  --------  ----------  --------------  -------------------
/opt/airflow/dags/main.py                           1           0  0.34s           2026-05-14T11:21:35
================================================================================
[2026-05-14T11:22:15.740+0000] {manager.py:878} INFO - 
================================================================================
DAG File Processing Stats

File Path                  PID    Runtime      # DAGs    # Errors  Last Runtime    Last Run
-------------------------  -----  ---------  --------  ----------  --------------  -------------------
/opt/airflow/dags/main.py                           1           0  0.43s           2026-05-14T11:22:05
================================================================================
[2026-05-14T11:22:46.191+0000] {manager.py:878} INFO - 
================================================================================
DAG File Processing Stats

File Path                  PID    Runtime      # DAGs    # Errors  Last Runtime    Last Run
-------------------------  -----  ---------  --------  ----------  --------------  -------------------
/opt/airflow/dags/main.py                           1           0  0.38s           2026-05-14T11:22:36
================================================================================
[2026-05-14T11:23:16.751+0000] {manager.py:878} INFO - 
================================================================================
DAG File Processing Stats

File Path                  PID    Runtime      # DAGs    # Errors  Last Runtime    Last Run
-------------------------  -----  ---------  --------  ----------  --------------  -------------------
/opt/airflow/dags/main.py                           1           0  0.29s           2026-05-14T11:23:06
================================================================================
[2026-05-14T11:23:47.125+0000] {manager.py:878} INFO - 
================================================================================
DAG File Processing Stats

File Path                  PID    Runtime      # DAGs    # Errors  Last Runtime    Last Run
-------------------------  -----  ---------  --------  ----------  --------------  -------------------
/opt/airflow/dags/main.py                           1           0  0.22s           2026-05-14T11:23:37
================================================================================
[2026-05-14T11:24:17.693+0000] {manager.py:878} INFO - 
================================================================================
DAG File Processing Stats

File Path                  PID    Runtime      # DAGs    # Errors  Last Runtime    Last Run
-------------------------  -----  ---------  --------  ----------  --------------  -------------------
/opt/airflow/dags/main.py                           1           0  0.26s           2026-05-14T11:24:07
================================================================================
[2026-05-14T11:24:48.122+0000] {manager.py:878} INFO - 
================================================================================
DAG File Processing Stats

File Path                  PID    Runtime      # DAGs    # Errors  Last Runtime    Last Run
-------------------------  -----  ---------  --------  ----------  --------------  -------------------
/opt/airflow/dags/main.py                           1           0  0.27s           2026-05-14T11:24:38
================================================================================
[2026-05-14T11:25:18.614+0000] {manager.py:878} INFO - 
================================================================================
DAG File Processing Stats

File Path                  PID    Runtime      # DAGs    # Errors  Last Runtime    Last Run
-------------------------  -----  ---------  --------  ----------  --------------  -------------------
/opt/airflow/dags/main.py                           1           0  0.28s           2026-05-14T11:25:08
================================================================================
[2026-05-14T11:25:49.062+0000] {manager.py:878} INFO - 
================================================================================
DAG File Processing Stats

File Path                  PID    Runtime      # DAGs    # Errors  Last Runtime    Last Run
-------------------------  -----  ---------  --------  ----------  --------------  -------------------
/opt/airflow/dags/main.py                           1           0  0.33s           2026-05-14T11:25:39
================================================================================
[2026-05-14T11:26:11.681+0000] {manager.py:737} INFO - Searching for files in /opt/airflow/dags
[2026-05-14T11:26:11.847+0000] {manager.py:740} INFO - There are 1 files in /opt/airflow/dags
[2026-05-14T11:26:19.554+0000] {manager.py:878} INFO - 
================================================================================
DAG File Processing Stats

File Path                  PID    Runtime      # DAGs    # Errors  Last Runtime    Last Run
-------------------------  -----  ---------  --------  ----------  --------------  -------------------
/opt/airflow/dags/main.py                           1           0  0.34s           2026-05-14T11:26:09
================================================================================
[2026-05-14T11:26:49.981+0000] {manager.py:878} INFO - 
================================================================================
DAG File Processing Stats

File Path                  PID    Runtime      # DAGs    # Errors  Last Runtime    Last Run
-------------------------  -----  ---------  --------  ----------  --------------  -------------------
/opt/airflow/dags/main.py                           1           0  0.26s           2026-05-14T11:26:40
================================================================================
[2026-05-14T11:27:20.572+0000] {manager.py:878} INFO - 
================================================================================
DAG File Processing Stats

File Path                  PID    Runtime      # DAGs    # Errors  Last Runtime    Last Run
-------------------------  -----  ---------  --------  ----------  --------------  -------------------
/opt/airflow/dags/main.py                           1           0  0.33s           2026-05-14T11:27:10
================================================================================
[2026-05-14T11:27:51.191+0000] {manager.py:878} INFO - 
================================================================================
DAG File Processing Stats

File Path                  PID    Runtime      # DAGs    # Errors  Last Runtime    Last Run
-------------------------  -----  ---------  --------  ----------  --------------  -------------------
/opt/airflow/dags/main.py                           1           0  0.28s           2026-05-14T11:27:41
================================================================================
[2026-05-14T11:28:21.685+0000] {manager.py:878} INFO - 
================================================================================
DAG File Processing Stats

File Path                  PID    Runtime      # DAGs    # Errors  Last Runtime    Last Run
-------------------------  -----  ---------  --------  ----------  --------------  -------------------
/opt/airflow/dags/main.py                           1           0  0.28s           2026-05-14T11:28:11
================================================================================
[2026-05-14T11:28:52.190+0000] {manager.py:878} INFO - 
================================================================================
DAG File Processing Stats

File Path                  PID    Runtime      # DAGs    # Errors  Last Runtime    Last Run
-------------------------  -----  ---------  --------  ----------  --------------  -------------------
/opt/airflow/dags/main.py                           1           0  0.26s           2026-05-14T11:28:42
================================================================================
[2026-05-14T11:29:22.675+0000] {manager.py:878} INFO - 
================================================================================
DAG File Processing Stats

File Path                  PID    Runtime      # DAGs    # Errors  Last Runtime    Last Run
-------------------------  -----  ---------  --------  ----------  --------------  -------------------
/opt/airflow/dags/main.py                           1           0  0.27s           2026-05-14T11:29:12
================================================================================
[2026-05-14T11:29:53.270+0000] {manager.py:878} INFO - 
================================================================================
DAG File Processing Stats

File Path                  PID    Runtime      # DAGs    # Errors  Last Runtime    Last Run
-------------------------  -----  ---------  --------  ----------  --------------  -------------------
/opt/airflow/dags/main.py                           1           0  0.24s           2026-05-14T11:29:43
================================================================================
[2026-05-14T11:30:23.669+0000] {manager.py:878} INFO - 
================================================================================
DAG File Processing Stats

File Path                  PID    Runtime      # DAGs    # Errors  Last Runtime    Last Run
-------------------------  -----  ---------  --------  ----------  --------------  -------------------
/opt/airflow/dags/main.py                           1           0  0.22s           2026-05-14T11:30:13
================================================================================
[2026-05-14T11:30:54.300+0000] {manager.py:878} INFO - 
================================================================================
DAG File Processing Stats

File Path                  PID    Runtime      # DAGs    # Errors  Last Runtime    Last Run
-------------------------  -----  ---------  --------  ----------  --------------  -------------------
/opt/airflow/dags/main.py                           1           0  0.25s           2026-05-14T11:30:44
================================================================================
[2026-05-14T11:31:12.542+0000] {manager.py:737} INFO - Searching for files in /opt/airflow/dags
[2026-05-14T11:31:12.709+0000] {manager.py:740} INFO - There are 1 files in /opt/airflow/dags
[2026-05-14T11:31:24.912+0000] {manager.py:878} INFO - 
================================================================================
DAG File Processing Stats

File Path                  PID    Runtime      # DAGs    # Errors  Last Runtime    Last Run
-------------------------  -----  ---------  --------  ----------  --------------  -------------------
/opt/airflow/dags/main.py                           1           0  0.24s           2026-05-14T11:31:15
================================================================================
[2026-05-14T11:31:55.448+0000] {manager.py:878} INFO - 
================================================================================
DAG File Processing Stats

File Path                  PID    Runtime      # DAGs    # Errors  Last Runtime    Last Run
-------------------------  -----  ---------  --------  ----------  --------------  -------------------
/opt/airflow/dags/main.py                           1           0  0.24s           2026-05-14T11:31:45
================================================================================
[2026-05-14T11:32:25.877+0000] {manager.py:878} INFO - 
================================================================================
DAG File Processing Stats

File Path                  PID    Runtime      # DAGs    # Errors  Last Runtime    Last Run
-------------------------  -----  ---------  --------  ----------  --------------  -------------------
/opt/airflow/dags/main.py                           1           0  0.25s           2026-05-14T11:32:15
================================================================================
[2026-05-14T11:32:56.432+0000] {manager.py:878} INFO - 
================================================================================
DAG File Processing Stats

File Path                  PID    Runtime      # DAGs    # Errors  Last Runtime    Last Run
-------------------------  -----  ---------  --------  ----------  --------------  -------------------
/opt/airflow/dags/main.py                           1           0  0.25s           2026-05-14T11:32:46
================================================================================
[2026-05-14T11:33:26.857+0000] {manager.py:878} INFO - 
================================================================================
DAG File Processing Stats

File Path                  PID    Runtime      # DAGs    # Errors  Last Runtime    Last Run
-------------------------  -----  ---------  --------  ----------  --------------  -------------------
/opt/airflow/dags/main.py                           1           0  0.24s           2026-05-14T11:33:16
================================================================================
[2026-05-14T11:33:57.449+0000] {manager.py:878} INFO - 
================================================================================
DAG File Processing Stats

File Path                  PID    Runtime      # DAGs    # Errors  Last Runtime    Last Run
-------------------------  -----  ---------  --------  ----------  --------------  -------------------
/opt/airflow/dags/main.py                           1           0  0.25s           2026-05-14T11:33:47
================================================================================
[2026-05-14T11:34:27.788+0000] {manager.py:878} INFO - 
================================================================================
DAG File Processing Stats

File Path                  PID    Runtime      # DAGs    # Errors  Last Runtime    Last Run
-------------------------  -----  ---------  --------  ----------  --------------  -------------------
/opt/airflow/dags/main.py                           1           0  0.34s           2026-05-14T11:34:18
================================================================================
[2026-05-14T11:34:58.212+0000] {manager.py:878} INFO - 
================================================================================
DAG File Processing Stats

File Path                  PID    Runtime      # DAGs    # Errors  Last Runtime    Last Run
-------------------------  -----  ---------  --------  ----------  --------------  -------------------
/opt/airflow/dags/main.py                           1           0  0.26s           2026-05-14T11:34:48
================================================================================
[2026-05-14T11:35:28.731+0000] {manager.py:878} INFO - 
================================================================================
DAG File Processing Stats

File Path                  PID    Runtime      # DAGs    # Errors  Last Runtime    Last Run
-------------------------  -----  ---------  --------  ----------  --------------  -------------------
/opt/airflow/dags/main.py                           1           0  0.26s           2026-05-14T11:35:18
================================================================================
[2026-05-14T11:35:59.199+0000] {manager.py:878} INFO - 
================================================================================
DAG File Processing Stats

File Path                  PID    Runtime      # DAGs    # Errors  Last Runtime    Last Run
-------------------------  -----  ---------  --------  ----------  --------------  -------------------
/opt/airflow/dags/main.py                           1           0  0.24s           2026-05-14T11:35:49
================================================================================
[2026-05-14T11:36:13.367+0000] {manager.py:737} INFO - Searching for files in /opt/airflow/dags
[2026-05-14T11:36:13.561+0000] {manager.py:740} INFO - There are 1 files in /opt/airflow/dags
[2026-05-14T11:36:29.823+0000] {manager.py:878} INFO - 
================================================================================
DAG File Processing Stats

File Path                  PID    Runtime      # DAGs    # Errors  Last Runtime    Last Run
-------------------------  -----  ---------  --------  ----------  --------------  -------------------
/opt/airflow/dags/main.py                           1           0  0.36s           2026-05-14T11:36:20
================================================================================
[2026-05-14T11:37:00.527+0000] {manager.py:878} INFO - 
================================================================================
DAG File Processing Stats

File Path                  PID    Runtime      # DAGs    # Errors  Last Runtime    Last Run
-------------------------  -----  ---------  --------  ----------  --------------  -------------------
/opt/airflow/dags/main.py                           1           0  0.29s           2026-05-14T11:36:50
================================================================================
[2026-05-14T11:37:30.920+0000] {manager.py:878} INFO - 
================================================================================
DAG File Processing Stats

File Path                  PID    Runtime      # DAGs    # Errors  Last Runtime    Last Run
-------------------------  -----  ---------  --------  ----------  --------------  -------------------
/opt/airflow/dags/main.py                           1           0  0.30s           2026-05-14T11:37:21
================================================================================
[2026-05-14T11:38:01.606+0000] {manager.py:878} INFO - 
================================================================================
DAG File Processing Stats

File Path                  PID    Runtime      # DAGs    # Errors  Last Runtime    Last Run
-------------------------  -----  ---------  --------  ----------  --------------  -------------------
/opt/airflow/dags/main.py                           1           0  0.28s           2026-05-14T11:37:51
================================================================================
[2026-05-14T11:38:32.061+0000] {manager.py:878} INFO - 
================================================================================
DAG File Processing Stats

File Path                  PID    Runtime      # DAGs    # Errors  Last Runtime    Last Run
-------------------------  -----  ---------  --------  ----------  --------------  -------------------
/opt/airflow/dags/main.py                           1           0  0.46s           2026-05-14T11:38:22
================================================================================
[2026-05-14T11:39:02.274+0000] {manager.py:878} INFO - 
================================================================================
DAG File Processing Stats

File Path                  PID    Runtime      # DAGs    # Errors  Last Runtime    Last Run
-------------------------  -----  ---------  --------  ----------  --------------  -------------------
/opt/airflow/dags/main.py                           1           0  0.31s           2026-05-14T11:38:53
================================================================================
[2026-05-14T11:39:32.656+0000] {manager.py:878} INFO - 
================================================================================
DAG File Processing Stats

File Path                  PID    Runtime      # DAGs    # Errors  Last Runtime    Last Run
-------------------------  -----  ---------  --------  ----------  --------------  -------------------
/opt/airflow/dags/main.py                           1           0  0.25s           2026-05-14T11:39:23
================================================================================
[2026-05-14T11:40:03.303+0000] {manager.py:878} INFO - 
================================================================================
DAG File Processing Stats

File Path                  PID    Runtime      # DAGs    # Errors  Last Runtime    Last Run
-------------------------  -----  ---------  --------  ----------  --------------  -------------------
/opt/airflow/dags/main.py                           1           0  0.25s           2026-05-14T11:39:54
================================================================================
[2026-05-14T11:40:33.811+0000] {manager.py:878} INFO - 
================================================================================
DAG File Processing Stats

File Path                  PID    Runtime      # DAGs    # Errors  Last Runtime    Last Run
-------------------------  -----  ---------  --------  ----------  --------------  -------------------
/opt/airflow/dags/main.py                           1           0  0.24s           2026-05-14T11:40:24
================================================================================
[2026-05-14T11:41:04.328+0000] {manager.py:878} INFO - 
================================================================================
DAG File Processing Stats

File Path                  PID    Runtime      # DAGs    # Errors  Last Runtime    Last Run
-------------------------  -----  ---------  --------  ----------  --------------  -------------------
/opt/airflow/dags/main.py                           1           0  0.51s           2026-05-14T11:40:55
================================================================================
[2026-05-14T11:41:13.391+0000] {manager.py:737} INFO - Searching for files in /opt/airflow/dags
[2026-05-14T11:41:13.556+0000] {manager.py:740} INFO - There are 1 files in /opt/airflow/dags
[2026-05-14T11:41:34.928+0000] {manager.py:878} INFO - 
================================================================================
DAG File Processing Stats

File Path                  PID    Runtime      # DAGs    # Errors  Last Runtime    Last Run
-------------------------  -----  ---------  --------  ----------  --------------  -------------------
/opt/airflow/dags/main.py                           1           0  0.26s           2026-05-14T11:41:25
================================================================================
[2026-05-14T11:42:05.352+0000] {manager.py:878} INFO - 
================================================================================
DAG File Processing Stats

File Path                  PID    Runtime      # DAGs    # Errors  Last Runtime    Last Run
-------------------------  -----  ---------  --------  ----------  --------------  -------------------
/opt/airflow/dags/main.py                           1           0  0.34s           2026-05-14T11:41:56
================================================================================
[2026-05-14T11:42:35.818+0000] {manager.py:878} INFO - 
================================================================================
DAG File Processing Stats

File Path                  PID    Runtime      # DAGs    # Errors  Last Runtime    Last Run
-------------------------  -----  ---------  --------  ----------  --------------  -------------------
/opt/airflow/dags/main.py                           1           0  0.25s           2026-05-14T11:42:26
================================================================================
[2026-05-14T11:43:06.472+0000] {manager.py:878} INFO - 
================================================================================
DAG File Processing Stats

File Path                  PID    Runtime      # DAGs    # Errors  Last Runtime    Last Run
-------------------------  -----  ---------  --------  ----------  --------------  -------------------
/opt/airflow/dags/main.py                           1           0  0.27s           2026-05-14T11:42:57
================================================================================
[2026-05-14T11:43:36.824+0000] {manager.py:878} INFO - 
================================================================================
DAG File Processing Stats

File Path                  PID    Runtime      # DAGs    # Errors  Last Runtime    Last Run
-------------------------  -----  ---------  --------  ----------  --------------  -------------------
/opt/airflow/dags/main.py                           1           0  0.24s           2026-05-14T11:43:27
================================================================================
[2026-05-14T11:44:07.489+0000] {manager.py:878} INFO - 
================================================================================
DAG File Processing Stats

File Path                  PID    Runtime      # DAGs    # Errors  Last Runtime    Last Run
-------------------------  -----  ---------  --------  ----------  --------------  -------------------
/opt/airflow/dags/main.py                           1           0  0.25s           2026-05-14T11:43:58
================================================================================
[2026-05-14T11:44:37.933+0000] {manager.py:878} INFO - 
================================================================================
DAG File Processing Stats

File Path                  PID    Runtime      # DAGs    # Errors  Last Runtime    Last Run
-------------------------  -----  ---------  --------  ----------  --------------  -------------------
/opt/airflow/dags/main.py                           1           0  0.26s           2026-05-14T11:44:29
================================================================================
[2026-05-14T11:45:08.497+0000] {manager.py:878} INFO - 
================================================================================
DAG File Processing Stats

File Path                  PID    Runtime      # DAGs    # Errors  Last Runtime    Last Run
-------------------------  -----  ---------  --------  ----------  --------------  -------------------
/opt/airflow/dags/main.py                           1           0  0.25s           2026-05-14T11:44:59
================================================================================
[2026-05-14T11:45:39.056+0000] {manager.py:878} INFO - 
================================================================================
DAG File Processing Stats

File Path                  PID    Runtime      # DAGs    # Errors  Last Runtime    Last Run
-------------------------  -----  ---------  --------  ----------  --------------  -------------------
/opt/airflow/dags/main.py                           1           0  1.73s           2026-05-14T11:45:31
================================================================================
[2026-05-14T11:46:09.205+0000] {manager.py:878} INFO - 
================================================================================
DAG File Processing Stats

File Path                  PID    Runtime      # DAGs    # Errors  Last Runtime    Last Run
-------------------------  -----  ---------  --------  ----------  --------------  -------------------
/opt/airflow/dags/main.py                           1           0  0.42s           2026-05-14T11:46:02
================================================================================
[2026-05-14T11:46:13.543+0000] {manager.py:737} INFO - Searching for files in /opt/airflow/dags
[2026-05-14T11:46:15.246+0000] {manager.py:740} INFO - There are 1 files in /opt/airflow/dags
[2026-05-14T11:46:39.322+0000] {manager.py:878} INFO - 
================================================================================
DAG File Processing Stats

File Path                  PID    Runtime      # DAGs    # Errors  Last Runtime    Last Run
-------------------------  -----  ---------  --------  ----------  --------------  -------------------
/opt/airflow/dags/main.py                           1           0  0.57s           2026-05-14T11:46:33
================================================================================
[2026-05-14T11:47:09.437+0000] {manager.py:878} INFO - 
================================================================================
DAG File Processing Stats

File Path                  PID    Runtime      # DAGs    # Errors  Last Runtime    Last Run
-------------------------  -----  ---------  --------  ----------  --------------  -------------------
/opt/airflow/dags/main.py                           1           0  0.28s           2026-05-14T11:47:04
================================================================================
[2026-05-14T11:47:40.037+0000] {manager.py:878} INFO - 
================================================================================
DAG File Processing Stats

File Path                  PID    Runtime      # DAGs    # Errors  Last Runtime    Last Run
-------------------------  -----  ---------  --------  ----------  --------------  -------------------
/opt/airflow/dags/main.py                           1           0  0.26s           2026-05-14T11:47:35
================================================================================
[2026-05-14T11:48:10.772+0000] {manager.py:878} INFO - 
================================================================================
DAG File Processing Stats

File Path                  PID    Runtime      # DAGs    # Errors  Last Runtime    Last Run
-------------------------  -----  ---------  --------  ----------  --------------  -------------------
/opt/airflow/dags/main.py                           1           0  0.30s           2026-05-14T11:48:05
================================================================================
[2026-05-14T11:48:41.144+0000] {manager.py:878} INFO - 
================================================================================
DAG File Processing Stats

File Path                  PID    Runtime      # DAGs    # Errors  Last Runtime    Last Run
-------------------------  -----  ---------  --------  ----------  --------------  -------------------
/opt/airflow/dags/main.py                           1           0  0.30s           2026-05-14T11:48:36
================================================================================
[2026-05-14T11:49:11.541+0000] {manager.py:878} INFO - 
================================================================================
DAG File Processing Stats

File Path                  PID    Runtime      # DAGs    # Errors  Last Runtime    Last Run
-------------------------  -----  ---------  --------  ----------  --------------  -------------------
/opt/airflow/dags/main.py                           1           0  0.24s           2026-05-14T11:49:06
================================================================================
[2026-05-14T11:49:42.204+0000] {manager.py:878} INFO - 
================================================================================
DAG File Processing Stats

File Path                  PID    Runtime      # DAGs    # Errors  Last Runtime    Last Run
-------------------------  -----  ---------  --------  ----------  --------------  -------------------
/opt/airflow/dags/main.py                           1           0  0.38s           2026-05-14T11:49:37
================================================================================
[2026-05-14T11:50:12.778+0000] {manager.py:878} INFO - 
================================================================================
DAG File Processing Stats

File Path                  PID    Runtime      # DAGs    # Errors  Last Runtime    Last Run
-------------------------  -----  ---------  --------  ----------  --------------  -------------------
/opt/airflow/dags/main.py                           1           0  0.31s           2026-05-14T11:50:07
================================================================================
[2026-05-14T11:50:43.264+0000] {manager.py:878} INFO - 
================================================================================
DAG File Processing Stats

File Path                  PID    Runtime      # DAGs    # Errors  Last Runtime    Last Run
-------------------------  -----  ---------  --------  ----------  --------------  -------------------
/opt/airflow/dags/main.py                           1           0  0.33s           2026-05-14T11:50:38
================================================================================
[2026-05-14T11:51:13.816+0000] {manager.py:737} INFO - Searching for files in /opt/airflow/dags
[2026-05-14T11:51:14.027+0000] {manager.py:740} INFO - There are 1 files in /opt/airflow/dags
[2026-05-14T11:51:14.049+0000] {manager.py:878} INFO - 
================================================================================
DAG File Processing Stats

File Path                  PID    Runtime      # DAGs    # Errors  Last Runtime    Last Run
-------------------------  -----  ---------  --------  ----------  --------------  -------------------
/opt/airflow/dags/main.py                           1           0  0.35s           2026-05-14T11:51:08
================================================================================
[2026-05-14T11:51:44.503+0000] {manager.py:878} INFO - 
================================================================================
DAG File Processing Stats

File Path                  PID    Runtime      # DAGs    # Errors  Last Runtime    Last Run
-------------------------  -----  ---------  --------  ----------  --------------  -------------------
/opt/airflow/dags/main.py                           1           0  0.32s           2026-05-14T11:51:39
================================================================================
[2026-05-14T11:52:15.161+0000] {manager.py:878} INFO - 
================================================================================
DAG File Processing Stats

File Path                  PID    Runtime      # DAGs    # Errors  Last Runtime    Last Run
-------------------------  -----  ---------  --------  ----------  --------------  -------------------
/opt/airflow/dags/main.py                           1           0  0.34s           2026-05-14T11:52:10
================================================================================
[2026-05-14T11:52:45.234+0000] {manager.py:878} INFO - 
================================================================================
DAG File Processing Stats

File Path                  PID    Runtime      # DAGs    # Errors  Last Runtime    Last Run
-------------------------  -----  ---------  --------  ----------  --------------  -------------------
/opt/airflow/dags/main.py                           1           0  0.34s           2026-05-14T11:52:41
================================================================================
[2026-05-14T11:53:15.869+0000] {manager.py:878} INFO - 
================================================================================
DAG File Processing Stats

File Path                  PID    Runtime      # DAGs    # Errors  Last Runtime    Last Run
-------------------------  -----  ---------  --------  ----------  --------------  -------------------
/opt/airflow/dags/main.py                           1           0  0.62s           2026-05-14T11:53:11
================================================================================
[2026-05-14T11:53:46.364+0000] {manager.py:878} INFO - 
================================================================================
DAG File Processing Stats

File Path                  PID    Runtime      # DAGs    # Errors  Last Runtime    Last Run
-------------------------  -----  ---------  --------  ----------  --------------  -------------------
/opt/airflow/dags/main.py                           1           0  0.47s           2026-05-14T11:53:42
================================================================================
[2026-05-14T11:54:16.371+0000] {manager.py:878} INFO - 
================================================================================
DAG File Processing Stats

File Path                  PID    Runtime      # DAGs    # Errors  Last Runtime    Last Run
-------------------------  -----  ---------  --------  ----------  --------------  -------------------
/opt/airflow/dags/main.py                           1           0  0.35s           2026-05-14T11:54:13
================================================================================
[2026-05-14T11:54:46.701+0000] {manager.py:878} INFO - 
================================================================================
DAG File Processing Stats

File Path                  PID    Runtime      # DAGs    # Errors  Last Runtime    Last Run
-------------------------  -----  ---------  --------  ----------  --------------  -------------------
/opt/airflow/dags/main.py                           1           0  0.32s           2026-05-14T11:54:43
================================================================================
[2026-05-14T11:55:17.362+0000] {manager.py:878} INFO - 
================================================================================
DAG File Processing Stats

File Path                  PID    Runtime      # DAGs    # Errors  Last Runtime    Last Run
-------------------------  -----  ---------  --------  ----------  --------------  -------------------
/opt/airflow/dags/main.py                           1           0  0.33s           2026-05-14T11:55:14
================================================================================
[2026-05-14T11:55:47.789+0000] {manager.py:878} INFO - 
================================================================================
DAG File Processing Stats

File Path                  PID    Runtime      # DAGs    # Errors  Last Runtime    Last Run
-------------------------  -----  ---------  --------  ----------  --------------  -------------------
/opt/airflow/dags/main.py                           1           0  0.42s           2026-05-14T11:55:45
================================================================================
[2026-05-14T11:56:13.925+0000] {manager.py:737} INFO - Searching for files in /opt/airflow/dags
[2026-05-14T11:56:14.153+0000] {manager.py:740} INFO - There are 1 files in /opt/airflow/dags
[2026-05-14T11:56:18.239+0000] {manager.py:878} INFO - 
================================================================================
DAG File Processing Stats

File Path                  PID    Runtime      # DAGs    # Errors  Last Runtime    Last Run
-------------------------  -----  ---------  --------  ----------  --------------  -------------------
/opt/airflow/dags/main.py                           1           0  0.38s           2026-05-14T11:56:15
================================================================================
[2026-05-14T11:56:48.448+0000] {manager.py:878} INFO - 
================================================================================
DAG File Processing Stats

File Path                  PID    Runtime      # DAGs    # Errors  Last Runtime    Last Run
-------------------------  -----  ---------  --------  ----------  --------------  -------------------
/opt/airflow/dags/main.py                           1           0  1.63s           2026-05-14T11:56:47
================================================================================
[2026-05-14T11:57:18.538+0000] {manager.py:878} INFO - 
================================================================================
DAG File Processing Stats

File Path                    PID  Runtime      # DAGs    # Errors  Last Runtime    Last Run
-------------------------  -----  ---------  --------  ----------  --------------  -------------------
/opt/airflow/dags/main.py   1144  0.01s             1           0  1.63s           2026-05-14T11:56:47
================================================================================
[2026-05-14T11:57:49.277+0000] {manager.py:878} INFO - 
================================================================================
DAG File Processing Stats

File Path                    PID  Runtime      # DAGs    # Errors  Last Runtime    Last Run
-------------------------  -----  ---------  --------  ----------  --------------  -------------------
/opt/airflow/dags/main.py   1151  0.01s             1           0  0.48s           2026-05-14T11:57:19
================================================================================
[2026-05-14T11:58:19.836+0000] {manager.py:878} INFO - 
================================================================================
DAG File Processing Stats

File Path                    PID  Runtime      # DAGs    # Errors  Last Runtime    Last Run
-------------------------  -----  ---------  --------  ----------  --------------  -------------------
/opt/airflow/dags/main.py   1158  0.01s             1           0  0.26s           2026-05-14T11:57:49
================================================================================
[2026-05-14T11:58:50.305+0000] {manager.py:878} INFO - 
================================================================================
DAG File Processing Stats

File Path                    PID  Runtime      # DAGs    # Errors  Last Runtime    Last Run
-------------------------  -----  ---------  --------  ----------  --------------  -------------------
/opt/airflow/dags/main.py   1166  0.01s             1           0  0.27s           2026-05-14T11:58:20
================================================================================
[2026-05-14T11:59:20.777+0000] {manager.py:878} INFO - 
================================================================================
DAG File Processing Stats

File Path                    PID  Runtime      # DAGs    # Errors  Last Runtime    Last Run
-------------------------  -----  ---------  --------  ----------  --------------  -------------------
/opt/airflow/dags/main.py   1173  0.01s             1           0  0.26s           2026-05-14T11:58:50
================================================================================
[2026-05-14T11:59:50.837+0000] {manager.py:878} INFO - 
================================================================================
DAG File Processing Stats

File Path                  PID    Runtime      # DAGs    # Errors  Last Runtime    Last Run
-------------------------  -----  ---------  --------  ----------  --------------  -------------------
/opt/airflow/dags/main.py                           1           0  0.72s           2026-05-14T11:59:21
================================================================================
[2026-05-14T12:00:21.523+0000] {manager.py:878} INFO - 
================================================================================
DAG File Processing Stats

File Path                  PID    Runtime      # DAGs    # Errors  Last Runtime    Last Run
-------------------------  -----  ---------  --------  ----------  --------------  -------------------
/opt/airflow/dags/main.py                           1           0  0.60s           2026-05-14T11:59:52
================================================================================
[2026-05-14T12:00:52.060+0000] {manager.py:878} INFO - 
================================================================================
DAG File Processing Stats

File Path                  PID    Runtime      # DAGs    # Errors  Last Runtime    Last Run
-------------------------  -----  ---------  --------  ----------  --------------  -------------------
/opt/airflow/dags/main.py                           1           0  0.59s           2026-05-14T12:00:23
================================================================================
[2026-05-14T12:01:14.051+0000] {manager.py:737} INFO - Searching for files in /opt/airflow/dags
[2026-05-14T12:01:14.333+0000] {manager.py:740} INFO - There are 1 files in /opt/airflow/dags
[2026-05-14T12:01:22.459+0000] {manager.py:878} INFO - 
================================================================================
DAG File Processing Stats

File Path                  PID    Runtime      # DAGs    # Errors  Last Runtime    Last Run
-------------------------  -----  ---------  --------  ----------  --------------  -------------------
/opt/airflow/dags/main.py                           1           0  0.34s           2026-05-14T12:00:53
================================================================================
[2026-05-14T12:01:52.833+0000] {manager.py:878} INFO - 
================================================================================
DAG File Processing Stats

File Path                  PID    Runtime      # DAGs    # Errors  Last Runtime    Last Run
-------------------------  -----  ---------  --------  ----------  --------------  -------------------
/opt/airflow/dags/main.py                           1           0  0.28s           2026-05-14T12:01:24
================================================================================
[2026-05-14T12:02:23.428+0000] {manager.py:878} INFO - 
================================================================================
DAG File Processing Stats

File Path                  PID    Runtime      # DAGs    # Errors  Last Runtime    Last Run
-------------------------  -----  ---------  --------  ----------  --------------  -------------------
/opt/airflow/dags/main.py                           1           0  0.28s           2026-05-14T12:01:55
================================================================================
[2026-05-14T12:02:53.413+0000] {manager.py:878} INFO - 
================================================================================
DAG File Processing Stats

File Path                  PID    Runtime      # DAGs    # Errors  Last Runtime    Last Run
-------------------------  -----  ---------  --------  ----------  --------------  -------------------
/opt/airflow/dags/main.py                           1           0  0.27s           2026-05-14T12:02:25
================================================================================
[2026-05-14T13:08:33.892+0000] {manager.py:737} INFO - Searching for files in /opt/airflow/dags
[2026-05-14T13:08:50.833+0000] {manager.py:740} INFO - There are 1 files in /opt/airflow/dags
[2026-05-14T13:08:51.040+0000] {manager.py:878} INFO - 
================================================================================
DAG File Processing Stats

File Path                    PID  Runtime      # DAGs    # Errors  Last Runtime    Last Run
-------------------------  -----  ---------  --------  ----------  --------------  -------------------
/opt/airflow/dags/main.py   1227  0.05s             1           0  0.42s           2026-05-14T12:02:56
================================================================================
[2026-05-14T13:09:22.213+0000] {manager.py:878} INFO - 
================================================================================
DAG File Processing Stats

File Path                  PID    Runtime      # DAGs    # Errors  Last Runtime    Last Run
-------------------------  -----  ---------  --------  ----------  --------------  -------------------
/opt/airflow/dags/main.py                           1           0  4.14s           2026-05-14T13:08:55
================================================================================
[2026-05-14T13:09:52.710+0000] {manager.py:878} INFO - 
================================================================================
DAG File Processing Stats

File Path                  PID    Runtime      # DAGs    # Errors  Last Runtime    Last Run
-------------------------  -----  ---------  --------  ----------  --------------  -------------------
/opt/airflow/dags/main.py                           1           0  1.13s           2026-05-14T13:09:26
================================================================================
[2026-05-14T13:10:22.900+0000] {manager.py:878} INFO - 
================================================================================
DAG File Processing Stats

File Path                  PID    Runtime      # DAGs    # Errors  Last Runtime    Last Run
-------------------------  -----  ---------  --------  ----------  --------------  -------------------
/opt/airflow/dags/main.py                           1           0  0.45s           2026-05-14T13:09:57
================================================================================
[2026-05-14T13:10:53.213+0000] {manager.py:878} INFO - 
================================================================================
DAG File Processing Stats

File Path                  PID    Runtime      # DAGs    # Errors  Last Runtime    Last Run
-------------------------  -----  ---------  --------  ----------  --------------  -------------------
/opt/airflow/dags/main.py                           1           0  0.52s           2026-05-14T13:10:28
================================================================================
[2026-05-14T13:11:23.385+0000] {manager.py:878} INFO - 
================================================================================
DAG File Processing Stats

File Path                  PID    Runtime      # DAGs    # Errors  Last Runtime    Last Run
-------------------------  -----  ---------  --------  ----------  --------------  -------------------
/opt/airflow/dags/main.py                           1           0  0.47s           2026-05-14T13:10:59
================================================================================
[2026-05-14T13:11:54.090+0000] {manager.py:878} INFO - 
================================================================================
DAG File Processing Stats

File Path                  PID    Runtime      # DAGs    # Errors  Last Runtime    Last Run
-------------------------  -----  ---------  --------  ----------  --------------  -------------------
/opt/airflow/dags/main.py                           1           0  1.04s           2026-05-14T13:11:31
================================================================================
[2026-05-14T13:12:24.755+0000] {manager.py:878} INFO - 
================================================================================
DAG File Processing Stats

File Path                  PID    Runtime      # DAGs    # Errors  Last Runtime    Last Run
-------------------------  -----  ---------  --------  ----------  --------------  -------------------
/opt/airflow/dags/main.py                           1           0  2.83s           2026-05-14T13:12:05
================================================================================
[2026-05-14T13:12:55.177+0000] {manager.py:878} INFO - 
================================================================================
DAG File Processing Stats

File Path                  PID    Runtime      # DAGs    # Errors  Last Runtime    Last Run
-------------------------  -----  ---------  --------  ----------  --------------  -------------------
/opt/airflow/dags/main.py                           1           0  1.51s           2026-05-14T13:12:37
================================================================================
[2026-05-14T13:13:25.891+0000] {manager.py:878} INFO - 
================================================================================
DAG File Processing Stats

File Path                  PID    Runtime      # DAGs    # Errors  Last Runtime    Last Run
-------------------------  -----  ---------  --------  ----------  --------------  -------------------
/opt/airflow/dags/main.py                           1           0  1.38s           2026-05-14T13:13:09
================================================================================
[2026-05-14T13:13:34.213+0000] {manager.py:737} INFO - Searching for files in /opt/airflow/dags
[2026-05-14T13:13:36.606+0000] {manager.py:740} INFO - There are 1 files in /opt/airflow/dags
[2026-05-14T13:13:56.013+0000] {manager.py:878} INFO - 
================================================================================
DAG File Processing Stats

File Path                  PID    Runtime      # DAGs    # Errors  Last Runtime    Last Run
-------------------------  -----  ---------  --------  ----------  --------------  -------------------
/opt/airflow/dags/main.py                           1           0  9.14s           2026-05-14T13:13:49
================================================================================
[2026-05-14T13:14:26.127+0000] {manager.py:878} INFO - 
================================================================================
DAG File Processing Stats

File Path                  PID    Runtime      # DAGs    # Errors  Last Runtime    Last Run
-------------------------  -----  ---------  --------  ----------  --------------  -------------------
/opt/airflow/dags/main.py                           1           0  1.13s           2026-05-14T13:14:20
================================================================================
[2026-05-14T13:14:56.291+0000] {manager.py:878} INFO - 
================================================================================
DAG File Processing Stats

File Path                  PID    Runtime      # DAGs    # Errors  Last Runtime    Last Run
-------------------------  -----  ---------  --------  ----------  --------------  -------------------
/opt/airflow/dags/main.py                           1           0  1.79s           2026-05-14T13:14:53
================================================================================
[2026-05-14T13:15:26.305+0000] {manager.py:878} INFO - 
================================================================================
DAG File Processing Stats

File Path                  PID    Runtime      # DAGs    # Errors  Last Runtime    Last Run
-------------------------  -----  ---------  --------  ----------  --------------  -------------------
/opt/airflow/dags/main.py                           1           0  0.81s           2026-05-14T13:15:25
================================================================================
[2026-05-14T13:15:56.331+0000] {manager.py:878} INFO - 
================================================================================
DAG File Processing Stats

File Path                  PID    Runtime      # DAGs    # Errors  Last Runtime    Last Run
-------------------------  -----  ---------  --------  ----------  --------------  -------------------
/opt/airflow/dags/main.py                           1           0  0.87s           2026-05-14T13:15:56
================================================================================
[2026-05-14T13:16:26.453+0000] {manager.py:878} INFO - 
================================================================================
DAG File Processing Stats

File Path                    PID  Runtime      # DAGs    # Errors  Last Runtime    Last Run
-------------------------  -----  ---------  --------  ----------  --------------  -------------------
/opt/airflow/dags/main.py   1331  0.03s             1           0  0.87s           2026-05-14T13:15:56
================================================================================
[2026-05-14T13:16:56.532+0000] {manager.py:878} INFO - 
================================================================================
DAG File Processing Stats

File Path                  PID    Runtime      # DAGs    # Errors  Last Runtime    Last Run
-------------------------  -----  ---------  --------  ----------  --------------  -------------------
/opt/airflow/dags/main.py                           1           0  1.05s           2026-05-14T13:16:27
================================================================================
[2026-05-14T13:17:27.084+0000] {manager.py:878} INFO - 
================================================================================
DAG File Processing Stats

File Path                  PID    Runtime      # DAGs    # Errors  Last Runtime    Last Run
-------------------------  -----  ---------  --------  ----------  --------------  -------------------
/opt/airflow/dags/main.py                           1           0  0.74s           2026-05-14T13:16:58
================================================================================
[2026-05-14T13:17:57.389+0000] {manager.py:878} INFO - 
================================================================================
DAG File Processing Stats

File Path                  PID    Runtime      # DAGs    # Errors  Last Runtime    Last Run
-------------------------  -----  ---------  --------  ----------  --------------  -------------------
/opt/airflow/dags/main.py                           1           0  0.53s           2026-05-14T13:17:28
================================================================================
[2026-05-14T13:18:27.524+0000] {manager.py:878} INFO - 
================================================================================
DAG File Processing Stats

File Path                  PID    Runtime      # DAGs    # Errors  Last Runtime    Last Run
-------------------------  -----  ---------  --------  ----------  --------------  -------------------
/opt/airflow/dags/main.py                           1           0  0.87s           2026-05-14T13:18:00
================================================================================
[2026-05-14T13:18:34.289+0000] {manager.py:737} INFO - Searching for files in /opt/airflow/dags
[2026-05-14T13:18:36.847+0000] {manager.py:740} INFO - There are 1 files in /opt/airflow/dags
[2026-05-14T13:18:57.868+0000] {manager.py:878} INFO - 
================================================================================
DAG File Processing Stats

File Path                  PID    Runtime      # DAGs    # Errors  Last Runtime    Last Run
-------------------------  -----  ---------  --------  ----------  --------------  -------------------
/opt/airflow/dags/main.py                           1           0  6.04s           2026-05-14T13:18:36
================================================================================
[2026-05-14T13:19:28.357+0000] {manager.py:878} INFO - 
================================================================================
DAG File Processing Stats

File Path                  PID    Runtime      # DAGs    # Errors  Last Runtime    Last Run
-------------------------  -----  ---------  --------  ----------  --------------  -------------------
/opt/airflow/dags/main.py                           1           0  1.84s           2026-05-14T13:19:09
================================================================================
[2026-05-14T13:19:58.890+0000] {manager.py:878} INFO - 
================================================================================
DAG File Processing Stats

File Path                  PID    Runtime      # DAGs    # Errors  Last Runtime    Last Run
-------------------------  -----  ---------  --------  ----------  --------------  -------------------
/opt/airflow/dags/main.py                           1           0  0.54s           2026-05-14T13:19:40
================================================================================
[2026-05-14T13:20:29.649+0000] {manager.py:878} INFO - 
================================================================================
DAG File Processing Stats

File Path                  PID    Runtime      # DAGs    # Errors  Last Runtime    Last Run
-------------------------  -----  ---------  --------  ----------  --------------  -------------------
/opt/airflow/dags/main.py                           1           0  0.82s           2026-05-14T13:20:12
================================================================================
[2026-05-14T13:21:01.320+0000] {manager.py:878} INFO - 
================================================================================
DAG File Processing Stats

File Path                  PID    Runtime      # DAGs    # Errors  Last Runtime    Last Run
-------------------------  -----  ---------  --------  ----------  --------------  -------------------
/opt/airflow/dags/main.py                           1           0  7.63s           2026-05-14T13:20:50
================================================================================
[2026-05-14T13:21:35.018+0000] {manager.py:878} INFO - 
================================================================================
DAG File Processing Stats

File Path                  PID    Runtime      # DAGs    # Errors  Last Runtime    Last Run
-------------------------  -----  ---------  --------  ----------  --------------  -------------------
/opt/airflow/dags/main.py                           1           0  5.79s           2026-05-14T13:21:27
================================================================================
[2026-05-14T13:22:05.147+0000] {manager.py:878} INFO - 
================================================================================
DAG File Processing Stats

File Path                  PID    Runtime      # DAGs    # Errors  Last Runtime    Last Run
-------------------------  -----  ---------  --------  ----------  --------------  -------------------
/opt/airflow/dags/main.py                           1           0  0.78s           2026-05-14T13:21:59
================================================================================
[2026-05-14T13:22:35.303+0000] {manager.py:878} INFO - 
================================================================================
DAG File Processing Stats

File Path                  PID    Runtime      # DAGs    # Errors  Last Runtime    Last Run
-------------------------  -----  ---------  --------  ----------  --------------  -------------------
/opt/airflow/dags/main.py                           1           0  5.03s           2026-05-14T13:22:35
================================================================================
[2026-05-14T13:23:06.284+0000] {manager.py:878} INFO - 
================================================================================
DAG File Processing Stats

File Path                    PID  Runtime      # DAGs    # Errors  Last Runtime    Last Run
-------------------------  -----  ---------  --------  ----------  --------------  -------------------
/opt/airflow/dags/main.py   1422  0.05s             1           0  5.03s           2026-05-14T13:22:35
================================================================================
[2026-05-14T13:23:34.311+0000] {manager.py:737} INFO - Searching for files in /opt/airflow/dags
[2026-05-14T13:23:34.741+0000] {manager.py:740} INFO - There are 1 files in /opt/airflow/dags
[2026-05-14T13:23:36.787+0000] {manager.py:878} INFO - 
================================================================================
DAG File Processing Stats

File Path                  PID    Runtime      # DAGs    # Errors  Last Runtime    Last Run
-------------------------  -----  ---------  --------  ----------  --------------  -------------------
/opt/airflow/dags/main.py                           1           0  1.31s           2026-05-14T13:23:07
================================================================================
[2026-05-14T13:24:06.934+0000] {manager.py:878} INFO - 
================================================================================
DAG File Processing Stats

File Path                  PID    Runtime      # DAGs    # Errors  Last Runtime    Last Run
-------------------------  -----  ---------  --------  ----------  --------------  -------------------
/opt/airflow/dags/main.py                           1           0  0.70s           2026-05-14T13:23:38
================================================================================
[2026-05-14T13:24:37.209+0000] {manager.py:878} INFO - 
================================================================================
DAG File Processing Stats

File Path                  PID    Runtime      # DAGs    # Errors  Last Runtime    Last Run
-------------------------  -----  ---------  --------  ----------  --------------  -------------------
/opt/airflow/dags/main.py                           1           0  0.58s           2026-05-14T13:24:09
================================================================================
[2026-05-14T13:25:07.285+0000] {manager.py:878} INFO - 
================================================================================
DAG File Processing Stats

File Path                  PID    Runtime      # DAGs    # Errors  Last Runtime    Last Run
-------------------------  -----  ---------  --------  ----------  --------------  -------------------
/opt/airflow/dags/main.py                           1           0  0.53s           2026-05-14T13:24:40
================================================================================
[2026-05-14T13:25:37.496+0000] {manager.py:878} INFO - 
================================================================================
DAG File Processing Stats

File Path                  PID    Runtime      # DAGs    # Errors  Last Runtime    Last Run
-------------------------  -----  ---------  --------  ----------  --------------  -------------------
/opt/airflow/dags/main.py                           1           0  0.77s           2026-05-14T13:25:11
================================================================================
[2026-05-14T13:26:07.588+0000] {manager.py:878} INFO - 
================================================================================
DAG File Processing Stats

File Path                  PID    Runtime      # DAGs    # Errors  Last Runtime    Last Run
-------------------------  -----  ---------  --------  ----------  --------------  -------------------
/opt/airflow/dags/main.py                           1           0  0.61s           2026-05-14T13:25:42
================================================================================
[2026-05-14T13:26:37.698+0000] {manager.py:878} INFO - 
================================================================================
DAG File Processing Stats

File Path                  PID    Runtime      # DAGs    # Errors  Last Runtime    Last Run
-------------------------  -----  ---------  --------  ----------  --------------  -------------------
/opt/airflow/dags/main.py                           1           0  2.98s           2026-05-14T13:26:15
================================================================================
[2026-05-14T13:27:08.203+0000] {manager.py:878} INFO - 
================================================================================
DAG File Processing Stats

File Path                  PID    Runtime      # DAGs    # Errors  Last Runtime    Last Run
-------------------------  -----  ---------  --------  ----------  --------------  -------------------
/opt/airflow/dags/main.py                           1           0  0.96s           2026-05-14T13:26:46
================================================================================
[2026-05-14T13:27:38.545+0000] {manager.py:878} INFO - 
================================================================================
DAG File Processing Stats

File Path                  PID    Runtime      # DAGs    # Errors  Last Runtime    Last Run
-------------------------  -----  ---------  --------  ----------  --------------  -------------------
/opt/airflow/dags/main.py                           1           0  0.59s           2026-05-14T13:27:18
================================================================================
[2026-05-14T13:28:09.483+0000] {manager.py:878} INFO - 
================================================================================
DAG File Processing Stats

File Path                  PID    Runtime      # DAGs    # Errors  Last Runtime    Last Run
-------------------------  -----  ---------  --------  ----------  --------------  -------------------
/opt/airflow/dags/main.py                           1           0  0.63s           2026-05-14T13:27:48
================================================================================
[2026-05-14T13:28:34.782+0000] {manager.py:737} INFO - Searching for files in /opt/airflow/dags
[2026-05-14T13:28:35.234+0000] {manager.py:740} INFO - There are 1 files in /opt/airflow/dags
[2026-05-14T13:28:40.404+0000] {manager.py:878} INFO - 
================================================================================
DAG File Processing Stats

File Path                  PID    Runtime      # DAGs    # Errors  Last Runtime    Last Run
-------------------------  -----  ---------  --------  ----------  --------------  -------------------
/opt/airflow/dags/main.py                           1           0  0.54s           2026-05-14T13:28:20
================================================================================
[2026-05-14T13:29:11.094+0000] {manager.py:878} INFO - 
================================================================================
DAG File Processing Stats

File Path                  PID    Runtime      # DAGs    # Errors  Last Runtime    Last Run
-------------------------  -----  ---------  --------  ----------  --------------  -------------------
/opt/airflow/dags/main.py                           1           0  0.83s           2026-05-14T13:28:51
================================================================================
[2026-05-14T13:29:41.321+0000] {manager.py:878} INFO - 
================================================================================
DAG File Processing Stats

File Path                  PID    Runtime      # DAGs    # Errors  Last Runtime    Last Run
-------------------------  -----  ---------  --------  ----------  --------------  -------------------
/opt/airflow/dags/main.py                           1           0  1.42s           2026-05-14T13:29:24
================================================================================
[2026-05-14T13:30:11.796+0000] {manager.py:878} INFO - 
================================================================================
DAG File Processing Stats

File Path                  PID    Runtime      # DAGs    # Errors  Last Runtime    Last Run
-------------------------  -----  ---------  --------  ----------  --------------  -------------------
/opt/airflow/dags/main.py                           1           0  3.14s           2026-05-14T13:29:59
================================================================================
[2026-05-14T13:30:41.855+0000] {manager.py:878} INFO - 
================================================================================
DAG File Processing Stats

File Path                  PID    Runtime      # DAGs    # Errors  Last Runtime    Last Run
-------------------------  -----  ---------  --------  ----------  --------------  -------------------
/opt/airflow/dags/main.py                           1           0  0.35s           2026-05-14T13:30:29
================================================================================
[2026-05-14T13:31:12.527+0000] {manager.py:878} INFO - 
================================================================================
DAG File Processing Stats

File Path                  PID    Runtime      # DAGs    # Errors  Last Runtime    Last Run
-------------------------  -----  ---------  --------  ----------  --------------  -------------------
/opt/airflow/dags/main.py                           1           0  0.38s           2026-05-14T13:31:00
================================================================================
[2026-05-14T13:31:43.080+0000] {manager.py:878} INFO - 
================================================================================
DAG File Processing Stats

File Path                  PID    Runtime      # DAGs    # Errors  Last Runtime    Last Run
-------------------------  -----  ---------  --------  ----------  --------------  -------------------
/opt/airflow/dags/main.py                           1           0  0.35s           2026-05-14T13:31:31
================================================================================
[2026-05-14T13:32:13.180+0000] {manager.py:878} INFO - 
================================================================================
DAG File Processing Stats

File Path                  PID    Runtime      # DAGs    # Errors  Last Runtime    Last Run
-------------------------  -----  ---------  --------  ----------  --------------  -------------------
/opt/airflow/dags/main.py                           1           0  0.75s           2026-05-14T13:32:02
================================================================================
[2026-05-14T13:32:43.529+0000] {manager.py:878} INFO - 
================================================================================
DAG File Processing Stats

File Path                  PID    Runtime      # DAGs    # Errors  Last Runtime    Last Run
-------------------------  -----  ---------  --------  ----------  --------------  -------------------
/opt/airflow/dags/main.py                           1           0  0.50s           2026-05-14T13:32:33
================================================================================
[2026-05-14T13:33:14.285+0000] {manager.py:878} INFO - 
================================================================================
DAG File Processing Stats

File Path                  PID    Runtime      # DAGs    # Errors  Last Runtime    Last Run
-------------------------  -----  ---------  --------  ----------  --------------  -------------------
/opt/airflow/dags/main.py                           1           0  0.33s           2026-05-14T13:33:04
================================================================================
[2026-05-14T13:33:35.026+0000] {manager.py:737} INFO - Searching for files in /opt/airflow/dags
[2026-05-14T13:33:35.308+0000] {manager.py:740} INFO - There are 1 files in /opt/airflow/dags
[2026-05-14T13:33:44.416+0000] {manager.py:878} INFO - 
================================================================================
DAG File Processing Stats

File Path                  PID    Runtime      # DAGs    # Errors  Last Runtime    Last Run
-------------------------  -----  ---------  --------  ----------  --------------  -------------------
/opt/airflow/dags/main.py                           1           0  0.49s           2026-05-14T13:33:35
================================================================================
[2026-05-14T13:34:14.991+0000] {manager.py:878} INFO - 
================================================================================
DAG File Processing Stats

File Path                  PID    Runtime      # DAGs    # Errors  Last Runtime    Last Run
-------------------------  -----  ---------  --------  ----------  --------------  -------------------
/opt/airflow/dags/main.py                           1           0  0.40s           2026-05-14T13:34:06
================================================================================
[2026-05-14T13:34:45.594+0000] {manager.py:878} INFO - 
================================================================================
DAG File Processing Stats

File Path                  PID    Runtime      # DAGs    # Errors  Last Runtime    Last Run
-------------------------  -----  ---------  --------  ----------  --------------  -------------------
/opt/airflow/dags/main.py                           1           0  0.46s           2026-05-14T13:34:36
================================================================================
[2026-05-14T13:35:16.200+0000] {manager.py:878} INFO - 
================================================================================
DAG File Processing Stats

File Path                  PID    Runtime      # DAGs    # Errors  Last Runtime    Last Run
-------------------------  -----  ---------  --------  ----------  --------------  -------------------
/opt/airflow/dags/main.py                           1           0  0.31s           2026-05-14T13:35:07
================================================================================
[2026-05-14T13:35:46.321+0000] {manager.py:878} INFO - 
================================================================================
DAG File Processing Stats

File Path                  PID    Runtime      # DAGs    # Errors  Last Runtime    Last Run
-------------------------  -----  ---------  --------  ----------  --------------  -------------------
/opt/airflow/dags/main.py                           1           0  1.91s           2026-05-14T13:35:40
================================================================================
[2026-05-14T13:36:16.761+0000] {manager.py:878} INFO - 
================================================================================
DAG File Processing Stats

File Path                  PID    Runtime      # DAGs    # Errors  Last Runtime    Last Run
-------------------------  -----  ---------  --------  ----------  --------------  -------------------
/opt/airflow/dags/main.py                           1           0  0.38s           2026-05-14T13:36:10
================================================================================
[2026-05-14T13:36:47.488+0000] {manager.py:878} INFO - 
================================================================================
DAG File Processing Stats

File Path                  PID    Runtime      # DAGs    # Errors  Last Runtime    Last Run
-------------------------  -----  ---------  --------  ----------  --------------  -------------------
/opt/airflow/dags/main.py                           1           0  0.34s           2026-05-14T13:36:41
================================================================================
[2026-05-14T13:37:18.032+0000] {manager.py:878} INFO - 
================================================================================
DAG File Processing Stats

File Path                  PID    Runtime      # DAGs    # Errors  Last Runtime    Last Run
-------------------------  -----  ---------  --------  ----------  --------------  -------------------
/opt/airflow/dags/main.py                           1           0  0.50s           2026-05-14T13:37:12
================================================================================
[2026-05-14T13:37:48.135+0000] {manager.py:878} INFO - 
================================================================================
DAG File Processing Stats

File Path                  PID    Runtime      # DAGs    # Errors  Last Runtime    Last Run
-------------------------  -----  ---------  --------  ----------  --------------  -------------------
/opt/airflow/dags/main.py                           1           0  0.40s           2026-05-14T13:37:43
================================================================================
[2026-05-14T13:38:18.488+0000] {manager.py:878} INFO - 
================================================================================
DAG File Processing Stats

File Path                  PID    Runtime      # DAGs    # Errors  Last Runtime    Last Run
-------------------------  -----  ---------  --------  ----------  --------------  -------------------
/opt/airflow/dags/main.py                           1           0  0.32s           2026-05-14T13:38:13
================================================================================
[2026-05-14T13:38:35.054+0000] {manager.py:737} INFO - Searching for files in /opt/airflow/dags
[2026-05-14T13:38:35.303+0000] {manager.py:740} INFO - There are 1 files in /opt/airflow/dags
[2026-05-14T13:38:48.926+0000] {manager.py:878} INFO - 
================================================================================
DAG File Processing Stats

File Path                  PID    Runtime      # DAGs    # Errors  Last Runtime    Last Run
-------------------------  -----  ---------  --------  ----------  --------------  -------------------
/opt/airflow/dags/main.py                           1           0  0.37s           2026-05-14T13:38:44
================================================================================
[2026-05-14T13:39:18.968+0000] {manager.py:878} INFO - 
================================================================================
DAG File Processing Stats

File Path                  PID    Runtime      # DAGs    # Errors  Last Runtime    Last Run
-------------------------  -----  ---------  --------  ----------  --------------  -------------------
/opt/airflow/dags/main.py                           1           0  0.38s           2026-05-14T13:39:14
================================================================================
[2026-05-14T13:39:49.567+0000] {manager.py:878} INFO - 
================================================================================
DAG File Processing Stats

File Path                  PID    Runtime      # DAGs    # Errors  Last Runtime    Last Run
-------------------------  -----  ---------  --------  ----------  --------------  -------------------
/opt/airflow/dags/main.py                           1           0  0.27s           2026-05-14T13:39:45
================================================================================
[2026-05-14T13:40:20.241+0000] {manager.py:878} INFO - 
================================================================================
DAG File Processing Stats

File Path                  PID    Runtime      # DAGs    # Errors  Last Runtime    Last Run
-------------------------  -----  ---------  --------  ----------  --------------  -------------------
/opt/airflow/dags/main.py                           1           0  0.35s           2026-05-14T13:40:16
================================================================================
[2026-05-14T13:40:50.685+0000] {manager.py:878} INFO - 
================================================================================
DAG File Processing Stats

File Path                  PID    Runtime      # DAGs    # Errors  Last Runtime    Last Run
-------------------------  -----  ---------  --------  ----------  --------------  -------------------
/opt/airflow/dags/main.py                           1           0  0.47s           2026-05-14T13:40:47
================================================================================
[2026-05-14T13:41:21.037+0000] {manager.py:878} INFO - 
================================================================================
DAG File Processing Stats

File Path                  PID    Runtime      # DAGs    # Errors  Last Runtime    Last Run
-------------------------  -----  ---------  --------  ----------  --------------  -------------------
/opt/airflow/dags/main.py                           1           0  0.62s           2026-05-14T13:41:17
================================================================================
[2026-05-14T13:41:51.159+0000] {manager.py:878} INFO - 
================================================================================
DAG File Processing Stats

File Path                  PID    Runtime      # DAGs    # Errors  Last Runtime    Last Run
-------------------------  -----  ---------  --------  ----------  --------------  -------------------
/opt/airflow/dags/main.py                           1           0  0.34s           2026-05-14T13:41:49
================================================================================
[2026-05-14T13:42:21.538+0000] {manager.py:878} INFO - 
================================================================================
DAG File Processing Stats

File Path                  PID    Runtime      # DAGs    # Errors  Last Runtime    Last Run
-------------------------  -----  ---------  --------  ----------  --------------  -------------------
/opt/airflow/dags/main.py                           1           0  0.65s           2026-05-14T13:42:19
================================================================================
[2026-05-14T13:42:51.857+0000] {manager.py:878} INFO - 
================================================================================
DAG File Processing Stats

File Path                  PID    Runtime      # DAGs    # Errors  Last Runtime    Last Run
-------------------------  -----  ---------  --------  ----------  --------------  -------------------
/opt/airflow/dags/main.py                           1           0  0.53s           2026-05-14T13:42:50
================================================================================
[2026-05-14T13:43:22.165+0000] {manager.py:878} INFO - 
================================================================================
DAG File Processing Stats

File Path                  PID    Runtime      # DAGs    # Errors  Last Runtime    Last Run
-------------------------  -----  ---------  --------  ----------  --------------  -------------------
/opt/airflow/dags/main.py                           1           0  0.36s           2026-05-14T13:43:21
================================================================================
[2026-05-14T13:43:35.346+0000] {manager.py:737} INFO - Searching for files in /opt/airflow/dags
[2026-05-14T13:43:35.584+0000] {manager.py:740} INFO - There are 1 files in /opt/airflow/dags
[2026-05-14T13:43:52.839+0000] {manager.py:878} INFO - 
================================================================================
DAG File Processing Stats

File Path                  PID    Runtime      # DAGs    # Errors  Last Runtime    Last Run
-------------------------  -----  ---------  --------  ----------  --------------  -------------------
/opt/airflow/dags/main.py                           1           0  0.32s           2026-05-14T13:43:52
================================================================================
[2026-05-14T13:44:22.871+0000] {manager.py:878} INFO - 
================================================================================
DAG File Processing Stats

File Path                    PID  Runtime      # DAGs    # Errors  Last Runtime    Last Run
-------------------------  -----  ---------  --------  ----------  --------------  -------------------
/opt/airflow/dags/main.py   1719  0.32s             1           0  0.32s           2026-05-14T13:43:52
================================================================================
[2026-05-14T13:44:53.285+0000] {manager.py:878} INFO - 
================================================================================
DAG File Processing Stats

File Path                    PID  Runtime      # DAGs    # Errors  Last Runtime    Last Run
-------------------------  -----  ---------  --------  ----------  --------------  -------------------
/opt/airflow/dags/main.py   1726  0.01s             1           0  0.45s           2026-05-14T13:44:23
================================================================================
[2026-05-14T13:45:23.695+0000] {manager.py:878} INFO - 
================================================================================
DAG File Processing Stats

File Path                    PID  Runtime      # DAGs    # Errors  Last Runtime    Last Run
-------------------------  -----  ---------  --------  ----------  --------------  -------------------
/opt/airflow/dags/main.py   1733  0.01s             1           0  0.32s           2026-05-14T13:44:53
================================================================================
[2026-05-14T13:45:54.308+0000] {manager.py:878} INFO - 
================================================================================
DAG File Processing Stats

File Path                    PID  Runtime      # DAGs    # Errors  Last Runtime    Last Run
-------------------------  -----  ---------  --------  ----------  --------------  -------------------
/opt/airflow/dags/main.py   1740  0.01s             1           0  0.30s           2026-05-14T13:45:23
================================================================================
[2026-05-14T13:46:24.775+0000] {manager.py:878} INFO - 
================================================================================
DAG File Processing Stats

File Path                    PID  Runtime      # DAGs    # Errors  Last Runtime    Last Run
-------------------------  -----  ---------  --------  ----------  --------------  -------------------
/opt/airflow/dags/main.py   1747  0.01s             1           0  0.43s           2026-05-14T13:45:54
================================================================================
[2026-05-14T13:46:55.478+0000] {manager.py:878} INFO - 
================================================================================
DAG File Processing Stats

File Path                    PID  Runtime      # DAGs    # Errors  Last Runtime    Last Run
-------------------------  -----  ---------  --------  ----------  --------------  -------------------
/opt/airflow/dags/main.py   1754  0.01s             1           0  0.29s           2026-05-14T13:46:25
================================================================================
[2026-05-14T13:47:25.981+0000] {manager.py:878} INFO - 
================================================================================
DAG File Processing Stats

File Path                    PID  Runtime      # DAGs    # Errors  Last Runtime    Last Run
-------------------------  -----  ---------  --------  ----------  --------------  -------------------
/opt/airflow/dags/main.py   1761  0.01s             1           0  0.45s           2026-05-14T13:46:55
================================================================================
[2026-05-14T13:47:56.271+0000] {manager.py:878} INFO - 
================================================================================
DAG File Processing Stats

File Path                    PID  Runtime      # DAGs    # Errors  Last Runtime    Last Run
-------------------------  -----  ---------  --------  ----------  --------------  -------------------
/opt/airflow/dags/main.py   1769  0.01s             1           0  0.28s           2026-05-14T13:47:26
================================================================================
[2026-05-14T13:48:26.663+0000] {manager.py:878} INFO - 
================================================================================
DAG File Processing Stats

File Path                    PID  Runtime      # DAGs    # Errors  Last Runtime    Last Run
-------------------------  -----  ---------  --------  ----------  --------------  -------------------
/opt/airflow/dags/main.py   1776  0.01s             1           0  0.29s           2026-05-14T13:47:56
================================================================================
[2026-05-14T13:48:36.201+0000] {manager.py:737} INFO - Searching for files in /opt/airflow/dags
[2026-05-14T13:48:36.549+0000] {manager.py:740} INFO - There are 1 files in /opt/airflow/dags
[2026-05-14T13:48:57.259+0000] {manager.py:878} INFO - 
================================================================================
DAG File Processing Stats

File Path                    PID  Runtime      # DAGs    # Errors  Last Runtime    Last Run
-------------------------  -----  ---------  --------  ----------  --------------  -------------------
/opt/airflow/dags/main.py   1783  0.02s             1           0  0.46s           2026-05-14T13:48:27
================================================================================
[2026-05-14T13:49:27.712+0000] {manager.py:878} INFO - 
================================================================================
DAG File Processing Stats

File Path                  PID    Runtime      # DAGs    # Errors  Last Runtime    Last Run
-------------------------  -----  ---------  --------  ----------  --------------  -------------------
/opt/airflow/dags/main.py                           1           0  0.49s           2026-05-14T13:48:57
================================================================================
[2026-05-14T13:49:57.786+0000] {manager.py:878} INFO - 
================================================================================
DAG File Processing Stats

File Path                  PID    Runtime      # DAGs    # Errors  Last Runtime    Last Run
-------------------------  -----  ---------  --------  ----------  --------------  -------------------
/opt/airflow/dags/main.py                           1           0  0.45s           2026-05-14T13:49:28
================================================================================
[2026-05-14T13:50:28.724+0000] {manager.py:878} INFO - 
================================================================================
DAG File Processing Stats

File Path                  PID    Runtime      # DAGs    # Errors  Last Runtime    Last Run
-------------------------  -----  ---------  --------  ----------  --------------  -------------------
/opt/airflow/dags/main.py                           1           0  1.16s           2026-05-14T13:50:00
================================================================================
[2026-05-14T13:50:59.227+0000] {manager.py:878} INFO - 
================================================================================
DAG File Processing Stats

File Path                  PID    Runtime      # DAGs    # Errors  Last Runtime    Last Run
-------------------------  -----  ---------  --------  ----------  --------------  -------------------
/opt/airflow/dags/main.py                           1           0  0.25s           2026-05-14T13:50:31
================================================================================
[2026-05-14T13:51:29.838+0000] {manager.py:878} INFO - 
================================================================================
DAG File Processing Stats

File Path                  PID    Runtime      # DAGs    # Errors  Last Runtime    Last Run
-------------------------  -----  ---------  --------  ----------  --------------  -------------------
/opt/airflow/dags/main.py                           1           0  0.60s           2026-05-14T13:51:01
================================================================================
[2026-05-14T13:51:59.879+0000] {manager.py:878} INFO - 
================================================================================
DAG File Processing Stats

File Path                  PID    Runtime      # DAGs    # Errors  Last Runtime    Last Run
-------------------------  -----  ---------  --------  ----------  --------------  -------------------
/opt/airflow/dags/main.py                           1           0  0.68s           2026-05-14T13:51:32
================================================================================
[2026-05-14T13:52:30.076+0000] {manager.py:878} INFO - 
================================================================================
DAG File Processing Stats

File Path                  PID    Runtime      # DAGs    # Errors  Last Runtime    Last Run
-------------------------  -----  ---------  --------  ----------  --------------  -------------------
/opt/airflow/dags/main.py                           1           0  0.57s           2026-05-14T13:52:03
================================================================================
[2026-05-14T13:53:00.687+0000] {manager.py:878} INFO - 
================================================================================
DAG File Processing Stats

File Path                  PID    Runtime      # DAGs    # Errors  Last Runtime    Last Run
-------------------------  -----  ---------  --------  ----------  --------------  -------------------
/opt/airflow/dags/main.py                           1           0  0.36s           2026-05-14T13:52:34
================================================================================
[2026-05-14T13:53:31.340+0000] {manager.py:878} INFO - 
================================================================================
DAG File Processing Stats

File Path                  PID    Runtime      # DAGs    # Errors  Last Runtime    Last Run
-------------------------  -----  ---------  --------  ----------  --------------  -------------------
/opt/airflow/dags/main.py                           1           0  0.42s           2026-05-14T13:53:05
================================================================================
[2026-05-14T13:53:36.675+0000] {manager.py:737} INFO - Searching for files in /opt/airflow/dags
[2026-05-14T13:53:37.011+0000] {manager.py:740} INFO - There are 1 files in /opt/airflow/dags
[2026-05-14T13:54:01.372+0000] {manager.py:878} INFO - 
================================================================================
DAG File Processing Stats

File Path                  PID    Runtime      # DAGs    # Errors  Last Runtime    Last Run
-------------------------  -----  ---------  --------  ----------  --------------  -------------------
/opt/airflow/dags/main.py                           1           0  0.29s           2026-05-14T13:53:35
================================================================================
[2026-05-14T13:54:31.432+0000] {manager.py:878} INFO - 
================================================================================
DAG File Processing Stats

File Path                  PID    Runtime      # DAGs    # Errors  Last Runtime    Last Run
-------------------------  -----  ---------  --------  ----------  --------------  -------------------
/opt/airflow/dags/main.py                           1           0  0.54s           2026-05-14T13:54:07
================================================================================
[2026-05-14T13:55:01.452+0000] {manager.py:878} INFO - 
================================================================================
DAG File Processing Stats

File Path                  PID    Runtime      # DAGs    # Errors  Last Runtime    Last Run
-------------------------  -----  ---------  --------  ----------  --------------  -------------------
/opt/airflow/dags/main.py                           1           0  0.27s           2026-05-14T13:54:37
================================================================================
[2026-05-14T13:55:31.899+0000] {manager.py:878} INFO - 
================================================================================
DAG File Processing Stats

File Path                  PID    Runtime      # DAGs    # Errors  Last Runtime    Last Run
-------------------------  -----  ---------  --------  ----------  --------------  -------------------
/opt/airflow/dags/main.py                           1           0  0.40s           2026-05-14T13:55:07
================================================================================
[2026-05-14T13:56:02.462+0000] {manager.py:878} INFO - 
================================================================================
DAG File Processing Stats

File Path                  PID    Runtime      # DAGs    # Errors  Last Runtime    Last Run
-------------------------  -----  ---------  --------  ----------  --------------  -------------------
/opt/airflow/dags/main.py                           1           0  1.15s           2026-05-14T13:55:39
================================================================================
[2026-05-14T13:56:33.124+0000] {manager.py:878} INFO - 
================================================================================
DAG File Processing Stats

File Path                  PID    Runtime      # DAGs    # Errors  Last Runtime    Last Run
-------------------------  -----  ---------  --------  ----------  --------------  -------------------
/opt/airflow/dags/main.py                           1           0  0.28s           2026-05-14T13:56:09
================================================================================
[2026-05-14T13:57:03.827+0000] {manager.py:878} INFO - 
================================================================================
DAG File Processing Stats

File Path                  PID    Runtime      # DAGs    # Errors  Last Runtime    Last Run
-------------------------  -----  ---------  --------  ----------  --------------  -------------------
/opt/airflow/dags/main.py                           1           0  0.35s           2026-05-14T13:56:40
================================================================================
[2026-05-14T13:57:34.520+0000] {manager.py:878} INFO - 
================================================================================
DAG File Processing Stats

File Path                  PID    Runtime      # DAGs    # Errors  Last Runtime    Last Run
-------------------------  -----  ---------  --------  ----------  --------------  -------------------
/opt/airflow/dags/main.py                           1           0  0.36s           2026-05-14T13:57:11
================================================================================
[2026-05-14T13:58:04.970+0000] {manager.py:878} INFO - 
================================================================================
DAG File Processing Stats

File Path                  PID    Runtime      # DAGs    # Errors  Last Runtime    Last Run
-------------------------  -----  ---------  --------  ----------  --------------  -------------------
/opt/airflow/dags/main.py                           1           0  0.36s           2026-05-14T13:57:42
================================================================================
[2026-05-14T13:58:35.622+0000] {manager.py:878} INFO - 
================================================================================
DAG File Processing Stats

File Path                  PID    Runtime      # DAGs    # Errors  Last Runtime    Last Run
-------------------------  -----  ---------  --------  ----------  --------------  -------------------
/opt/airflow/dags/main.py                           1           0  0.40s           2026-05-14T13:58:12
================================================================================
[2026-05-14T13:58:36.732+0000] {manager.py:737} INFO - Searching for files in /opt/airflow/dags
[2026-05-14T13:58:37.034+0000] {manager.py:740} INFO - There are 1 files in /opt/airflow/dags
[2026-05-14T13:59:05.995+0000] {manager.py:878} INFO - 
================================================================================
DAG File Processing Stats

File Path                  PID    Runtime      # DAGs    # Errors  Last Runtime    Last Run
-------------------------  -----  ---------  --------  ----------  --------------  -------------------
/opt/airflow/dags/main.py                           1           0  0.30s           2026-05-14T13:58:43
================================================================================
[2026-05-14T13:59:36.599+0000] {manager.py:878} INFO - 
================================================================================
DAG File Processing Stats

File Path                  PID    Runtime      # DAGs    # Errors  Last Runtime    Last Run
-------------------------  -----  ---------  --------  ----------  --------------  -------------------
/opt/airflow/dags/main.py                           1           0  0.32s           2026-05-14T13:59:13
================================================================================
[2026-05-14T14:00:06.998+0000] {manager.py:878} INFO - 
================================================================================
DAG File Processing Stats

File Path                  PID    Runtime      # DAGs    # Errors  Last Runtime    Last Run
-------------------------  -----  ---------  --------  ----------  --------------  -------------------
/opt/airflow/dags/main.py                           1           0  0.25s           2026-05-14T13:59:43
================================================================================
[2026-05-14T14:00:37.535+0000] {manager.py:878} INFO - 
================================================================================
DAG File Processing Stats

File Path                  PID    Runtime      # DAGs    # Errors  Last Runtime    Last Run
-------------------------  -----  ---------  --------  ----------  --------------  -------------------
/opt/airflow/dags/main.py                           1           0  0.27s           2026-05-14T14:00:14
================================================================================
[2026-05-14T14:01:07.903+0000] {manager.py:878} INFO - 
================================================================================
DAG File Processing Stats

File Path                  PID    Runtime      # DAGs    # Errors  Last Runtime    Last Run
-------------------------  -----  ---------  --------  ----------  --------------  -------------------
/opt/airflow/dags/main.py                           1           0  0.25s           2026-05-14T14:00:44
================================================================================
[2026-05-14T14:01:38.164+0000] {manager.py:878} INFO - 
================================================================================
DAG File Processing Stats

File Path                  PID    Runtime      # DAGs    # Errors  Last Runtime    Last Run
-------------------------  -----  ---------  --------  ----------  --------------  -------------------
/opt/airflow/dags/main.py                           1           0  0.49s           2026-05-14T14:01:15
================================================================================
[2026-05-14T14:02:08.565+0000] {manager.py:878} INFO - 
================================================================================
DAG File Processing Stats

File Path                  PID    Runtime      # DAGs    # Errors  Last Runtime    Last Run
-------------------------  -----  ---------  --------  ----------  --------------  -------------------
/opt/airflow/dags/main.py                           1           0  0.31s           2026-05-14T14:01:46
================================================================================
[2026-05-14T14:02:39.057+0000] {manager.py:878} INFO - 
================================================================================
DAG File Processing Stats

File Path                  PID    Runtime      # DAGs    # Errors  Last Runtime    Last Run
-------------------------  -----  ---------  --------  ----------  --------------  -------------------
/opt/airflow/dags/main.py                           1           0  0.32s           2026-05-14T14:02:16
================================================================================
[2026-05-14T14:03:09.642+0000] {manager.py:878} INFO - 
================================================================================
DAG File Processing Stats

File Path                  PID    Runtime      # DAGs    # Errors  Last Runtime    Last Run
-------------------------  -----  ---------  --------  ----------  --------------  -------------------
/opt/airflow/dags/main.py                           1           0  0.25s           2026-05-14T14:02:47
================================================================================
[2026-05-14T14:03:36.963+0000] {manager.py:737} INFO - Searching for files in /opt/airflow/dags
[2026-05-14T14:03:37.160+0000] {manager.py:740} INFO - There are 1 files in /opt/airflow/dags
[2026-05-14T14:03:40.261+0000] {manager.py:878} INFO - 
================================================================================
DAG File Processing Stats

File Path                  PID    Runtime      # DAGs    # Errors  Last Runtime    Last Run
-------------------------  -----  ---------  --------  ----------  --------------  -------------------
/opt/airflow/dags/main.py                           1           0  0.56s           2026-05-14T14:03:18
================================================================================
[2026-05-14T14:04:11.011+0000] {manager.py:878} INFO - 
================================================================================
DAG File Processing Stats

File Path                  PID    Runtime      # DAGs    # Errors  Last Runtime    Last Run
-------------------------  -----  ---------  --------  ----------  --------------  -------------------
/opt/airflow/dags/main.py                           1           0  0.35s           2026-05-14T14:03:48
================================================================================
[2026-05-14T14:04:41.847+0000] {manager.py:878} INFO - 
================================================================================
DAG File Processing Stats

File Path                  PID    Runtime      # DAGs    # Errors  Last Runtime    Last Run
-------------------------  -----  ---------  --------  ----------  --------------  -------------------
/opt/airflow/dags/main.py                           1           0  1.96s           2026-05-14T14:04:21
================================================================================
[2026-05-14T14:05:12.110+0000] {manager.py:878} INFO - 
================================================================================
DAG File Processing Stats

File Path                  PID    Runtime      # DAGs    # Errors  Last Runtime    Last Run
-------------------------  -----  ---------  --------  ----------  --------------  -------------------
/opt/airflow/dags/main.py                           1           0  0.64s           2026-05-14T14:04:52
================================================================================
[2026-05-14T14:05:42.193+0000] {manager.py:878} INFO - 
================================================================================
DAG File Processing Stats

File Path                  PID    Runtime      # DAGs    # Errors  Last Runtime    Last Run
-------------------------  -----  ---------  --------  ----------  --------------  -------------------
/opt/airflow/dags/main.py                           1           0  0.43s           2026-05-14T14:05:23
================================================================================
[2026-05-14T14:06:12.942+0000] {manager.py:878} INFO - 
================================================================================
DAG File Processing Stats

File Path                  PID    Runtime      # DAGs    # Errors  Last Runtime    Last Run
-------------------------  -----  ---------  --------  ----------  --------------  -------------------
/opt/airflow/dags/main.py                           1           0  0.41s           2026-05-14T14:05:53
================================================================================
[2026-05-14T14:06:43.574+0000] {manager.py:878} INFO - 
================================================================================
DAG File Processing Stats

File Path                  PID    Runtime      # DAGs    # Errors  Last Runtime    Last Run
-------------------------  -----  ---------  --------  ----------  --------------  -------------------
/opt/airflow/dags/main.py                           1           0  0.41s           2026-05-14T14:06:24
================================================================================
[2026-05-14T14:07:14.290+0000] {manager.py:878} INFO - 
================================================================================
DAG File Processing Stats

File Path                  PID    Runtime      # DAGs    # Errors  Last Runtime    Last Run
-------------------------  -----  ---------  --------  ----------  --------------  -------------------
/opt/airflow/dags/main.py                           1           0  0.30s           2026-05-14T14:06:55
================================================================================
[2026-05-14T14:07:44.352+0000] {manager.py:878} INFO - 
================================================================================
DAG File Processing Stats

File Path                  PID    Runtime      # DAGs    # Errors  Last Runtime    Last Run
-------------------------  -----  ---------  --------  ----------  --------------  -------------------
/opt/airflow/dags/main.py                           1           0  0.41s           2026-05-14T14:07:26
================================================================================
[2026-05-14T14:08:14.753+0000] {manager.py:878} INFO - 
================================================================================
DAG File Processing Stats

File Path                  PID    Runtime      # DAGs    # Errors  Last Runtime    Last Run
-------------------------  -----  ---------  --------  ----------  --------------  -------------------
/opt/airflow/dags/main.py                           1           0  0.27s           2026-05-14T14:07:56
================================================================================
[2026-05-14T14:08:37.233+0000] {manager.py:737} INFO - Searching for files in /opt/airflow/dags
[2026-05-14T14:08:37.422+0000] {manager.py:740} INFO - There are 1 files in /opt/airflow/dags
[2026-05-14T14:08:45.534+0000] {manager.py:878} INFO - 
================================================================================
DAG File Processing Stats

File Path                  PID    Runtime      # DAGs    # Errors  Last Runtime    Last Run
-------------------------  -----  ---------  --------  ----------  --------------  -------------------
/opt/airflow/dags/main.py                           1           0  0.30s           2026-05-14T14:08:27
================================================================================
[2026-05-14T14:09:15.893+0000] {manager.py:878} INFO - 
================================================================================
DAG File Processing Stats

File Path                  PID    Runtime      # DAGs    # Errors  Last Runtime    Last Run
-------------------------  -----  ---------  --------  ----------  --------------  -------------------
/opt/airflow/dags/main.py                           1           0  0.40s           2026-05-14T14:08:58
================================================================================
[2026-05-14T14:09:45.974+0000] {manager.py:878} INFO - 
================================================================================
DAG File Processing Stats

File Path                  PID    Runtime      # DAGs    # Errors  Last Runtime    Last Run
-------------------------  -----  ---------  --------  ----------  --------------  -------------------
/opt/airflow/dags/main.py                           1           0  0.41s           2026-05-14T14:09:28
================================================================================
[2026-05-14T14:10:16.285+0000] {manager.py:878} INFO - 
================================================================================
DAG File Processing Stats

File Path                  PID    Runtime      # DAGs    # Errors  Last Runtime    Last Run
-------------------------  -----  ---------  --------  ----------  --------------  -------------------
/opt/airflow/dags/main.py                           1           0  0.42s           2026-05-14T14:09:59
================================================================================
[2026-05-14T14:10:46.333+0000] {manager.py:878} INFO - 
================================================================================
DAG File Processing Stats

File Path                  PID    Runtime      # DAGs    # Errors  Last Runtime    Last Run
-------------------------  -----  ---------  --------  ----------  --------------  -------------------
/opt/airflow/dags/main.py                           1           0  0.29s           2026-05-14T14:10:30
================================================================================
[2026-05-14T14:11:16.656+0000] {manager.py:878} INFO - 
================================================================================
DAG File Processing Stats

File Path                  PID    Runtime      # DAGs    # Errors  Last Runtime    Last Run
-------------------------  -----  ---------  --------  ----------  --------------  -------------------
/opt/airflow/dags/main.py                           1           0  0.37s           2026-05-14T14:11:00
================================================================================
[2026-05-14T14:11:47.239+0000] {manager.py:878} INFO - 
================================================================================
DAG File Processing Stats

File Path                  PID    Runtime      # DAGs    # Errors  Last Runtime    Last Run
-------------------------  -----  ---------  --------  ----------  --------------  -------------------
/opt/airflow/dags/main.py                           1           0  0.31s           2026-05-14T14:11:31
================================================================================
[2026-05-14T14:12:17.684+0000] {manager.py:878} INFO - 
================================================================================
DAG File Processing Stats

File Path                  PID    Runtime      # DAGs    # Errors  Last Runtime    Last Run
-------------------------  -----  ---------  --------  ----------  --------------  -------------------
/opt/airflow/dags/main.py                           1           0  0.34s           2026-05-14T14:12:01
================================================================================
[2026-05-14T14:12:48.396+0000] {manager.py:878} INFO - 
================================================================================
DAG File Processing Stats

File Path                  PID    Runtime      # DAGs    # Errors  Last Runtime    Last Run
-------------------------  -----  ---------  --------  ----------  --------------  -------------------
/opt/airflow/dags/main.py                           1           0  0.35s           2026-05-14T14:12:32
================================================================================
[2026-05-14T14:13:19.099+0000] {manager.py:878} INFO - 
================================================================================
DAG File Processing Stats

File Path                  PID    Runtime      # DAGs    # Errors  Last Runtime    Last Run
-------------------------  -----  ---------  --------  ----------  --------------  -------------------
/opt/airflow/dags/main.py                           1           0  0.33s           2026-05-14T14:13:02
================================================================================
[2026-05-14T14:13:37.359+0000] {manager.py:737} INFO - Searching for files in /opt/airflow/dags
[2026-05-14T14:13:37.596+0000] {manager.py:740} INFO - There are 1 files in /opt/airflow/dags
[2026-05-14T14:13:49.836+0000] {manager.py:878} INFO - 
================================================================================
DAG File Processing Stats

File Path                  PID    Runtime      # DAGs    # Errors  Last Runtime    Last Run
-------------------------  -----  ---------  --------  ----------  --------------  -------------------
/opt/airflow/dags/main.py                           1           0  0.24s           2026-05-14T14:13:33
================================================================================
[2026-05-14T14:14:20.323+0000] {manager.py:878} INFO - 
================================================================================
DAG File Processing Stats

File Path                  PID    Runtime      # DAGs    # Errors  Last Runtime    Last Run
-------------------------  -----  ---------  --------  ----------  --------------  -------------------
/opt/airflow/dags/main.py                           1           0  0.57s           2026-05-14T14:14:04
================================================================================
[2026-05-14T14:14:50.809+0000] {manager.py:878} INFO - 
================================================================================
DAG File Processing Stats

File Path                  PID    Runtime      # DAGs    # Errors  Last Runtime    Last Run
-------------------------  -----  ---------  --------  ----------  --------------  -------------------
/opt/airflow/dags/main.py                           1           0  0.80s           2026-05-14T14:14:35
================================================================================
[2026-05-14T14:15:21.292+0000] {manager.py:878} INFO - 
================================================================================
DAG File Processing Stats

File Path                  PID    Runtime      # DAGs    # Errors  Last Runtime    Last Run
-------------------------  -----  ---------  --------  ----------  --------------  -------------------
/opt/airflow/dags/main.py                           1           0  0.32s           2026-05-14T14:15:06
================================================================================
[2026-05-14T14:15:51.890+0000] {manager.py:878} INFO - 
================================================================================
DAG File Processing Stats

File Path                  PID    Runtime      # DAGs    # Errors  Last Runtime    Last Run
-------------------------  -----  ---------  --------  ----------  --------------  -------------------
/opt/airflow/dags/main.py                           1           0  0.30s           2026-05-14T14:15:36
================================================================================
[2026-05-14T14:16:22.527+0000] {manager.py:878} INFO - 
================================================================================
DAG File Processing Stats

File Path                  PID    Runtime      # DAGs    # Errors  Last Runtime    Last Run
-------------------------  -----  ---------  --------  ----------  --------------  -------------------
/opt/airflow/dags/main.py                           1           0  0.35s           2026-05-14T14:16:07
================================================================================
[2026-05-14T14:16:53.071+0000] {manager.py:878} INFO - 
================================================================================
DAG File Processing Stats

File Path                  PID    Runtime      # DAGs    # Errors  Last Runtime    Last Run
-------------------------  -----  ---------  --------  ----------  --------------  -------------------
/opt/airflow/dags/main.py                           1           0  0.25s           2026-05-14T14:16:38
================================================================================
[2026-05-14T14:17:23.795+0000] {manager.py:878} INFO - 
================================================================================
DAG File Processing Stats

File Path                  PID    Runtime      # DAGs    # Errors  Last Runtime    Last Run
-------------------------  -----  ---------  --------  ----------  --------------  -------------------
/opt/airflow/dags/main.py                           1           0  0.28s           2026-05-14T14:17:08
================================================================================
[2026-05-14T14:17:54.278+0000] {manager.py:878} INFO - 
================================================================================
DAG File Processing Stats

File Path                  PID    Runtime      # DAGs    # Errors  Last Runtime    Last Run
-------------------------  -----  ---------  --------  ----------  --------------  -------------------
/opt/airflow/dags/main.py                           1           0  0.41s           2026-05-14T14:17:39
================================================================================
[2026-05-14T14:18:24.980+0000] {manager.py:878} INFO - 
================================================================================
DAG File Processing Stats

File Path                  PID    Runtime      # DAGs    # Errors  Last Runtime    Last Run
-------------------------  -----  ---------  --------  ----------  --------------  -------------------
/opt/airflow/dags/main.py                           1           0  0.40s           2026-05-14T14:18:09
================================================================================
[2026-05-14T14:18:38.155+0000] {manager.py:737} INFO - Searching for files in /opt/airflow/dags
[2026-05-14T14:18:38.380+0000] {manager.py:740} INFO - There are 1 files in /opt/airflow/dags
[2026-05-14T14:18:55.023+0000] {manager.py:878} INFO - 
================================================================================
DAG File Processing Stats

File Path                  PID    Runtime      # DAGs    # Errors  Last Runtime    Last Run
-------------------------  -----  ---------  --------  ----------  --------------  -------------------
/opt/airflow/dags/main.py                           1           0  0.33s           2026-05-14T14:18:40
================================================================================
[2026-05-14T14:19:25.336+0000] {manager.py:878} INFO - 
================================================================================
DAG File Processing Stats

File Path                  PID    Runtime      # DAGs    # Errors  Last Runtime    Last Run
-------------------------  -----  ---------  --------  ----------  --------------  -------------------
/opt/airflow/dags/main.py                           1           0  0.28s           2026-05-14T14:19:11
================================================================================
[2026-05-14T14:19:55.810+0000] {manager.py:878} INFO - 
================================================================================
DAG File Processing Stats

File Path                  PID    Runtime      # DAGs    # Errors  Last Runtime    Last Run
-------------------------  -----  ---------  --------  ----------  --------------  -------------------
/opt/airflow/dags/main.py                           1           0  0.27s           2026-05-14T14:19:41
================================================================================
[2026-05-14T14:20:26.396+0000] {manager.py:878} INFO - 
================================================================================
DAG File Processing Stats

File Path                  PID    Runtime      # DAGs    # Errors  Last Runtime    Last Run
-------------------------  -----  ---------  --------  ----------  --------------  -------------------
/opt/airflow/dags/main.py                           1           0  0.32s           2026-05-14T14:20:12
================================================================================
[2026-05-14T14:20:56.824+0000] {manager.py:878} INFO - 
================================================================================
DAG File Processing Stats

File Path                  PID    Runtime      # DAGs    # Errors  Last Runtime    Last Run
-------------------------  -----  ---------  --------  ----------  --------------  -------------------
/opt/airflow/dags/main.py                           1           0  0.25s           2026-05-14T14:20:42
================================================================================
[2026-05-14T14:21:27.442+0000] {manager.py:878} INFO - 
================================================================================
DAG File Processing Stats

File Path                  PID    Runtime      # DAGs    # Errors  Last Runtime    Last Run
-------------------------  -----  ---------  --------  ----------  --------------  -------------------
/opt/airflow/dags/main.py                           1           0  0.27s           2026-05-14T14:21:13
================================================================================
[2026-05-14T14:21:57.897+0000] {manager.py:878} INFO - 
================================================================================
DAG File Processing Stats

File Path                  PID    Runtime      # DAGs    # Errors  Last Runtime    Last Run
-------------------------  -----  ---------  --------  ----------  --------------  -------------------
/opt/airflow/dags/main.py                           1           0  0.28s           2026-05-14T14:21:43
================================================================================
[2026-05-14T14:22:28.495+0000] {manager.py:878} INFO - 
================================================================================
DAG File Processing Stats

File Path                  PID    Runtime      # DAGs    # Errors  Last Runtime    Last Run
-------------------------  -----  ---------  --------  ----------  --------------  -------------------
/opt/airflow/dags/main.py                           1           0  0.27s           2026-05-14T14:22:14
================================================================================
[2026-05-14T14:22:58.902+0000] {manager.py:878} INFO - 
================================================================================
DAG File Processing Stats

File Path                  PID    Runtime      # DAGs    # Errors  Last Runtime    Last Run
-------------------------  -----  ---------  --------  ----------  --------------  -------------------
/opt/airflow/dags/main.py                           1           0  0.25s           2026-05-14T14:22:44
================================================================================
[2026-05-14T14:23:29.442+0000] {manager.py:878} INFO - 
================================================================================
DAG File Processing Stats

File Path                  PID    Runtime      # DAGs    # Errors  Last Runtime    Last Run
-------------------------  -----  ---------  --------  ----------  --------------  -------------------
/opt/airflow/dags/main.py                           1           0  0.27s           2026-05-14T14:23:15
================================================================================
[2026-05-14T14:23:38.535+0000] {manager.py:737} INFO - Searching for files in /opt/airflow/dags
[2026-05-14T14:23:38.752+0000] {manager.py:740} INFO - There are 1 files in /opt/airflow/dags
[2026-05-14T14:24:00.086+0000] {manager.py:878} INFO - 
================================================================================
DAG File Processing Stats

File Path                  PID    Runtime      # DAGs    # Errors  Last Runtime    Last Run
-------------------------  -----  ---------  --------  ----------  --------------  -------------------
/opt/airflow/dags/main.py                           1           0  0.26s           2026-05-14T14:23:46
================================================================================
[2026-05-14T14:24:30.883+0000] {manager.py:878} INFO - 
================================================================================
DAG File Processing Stats

File Path                  PID    Runtime      # DAGs    # Errors  Last Runtime    Last Run
-------------------------  -----  ---------  --------  ----------  --------------  -------------------
/opt/airflow/dags/main.py                           1           0  0.45s           2026-05-14T14:24:16
================================================================================
[2026-05-14T14:25:01.449+0000] {manager.py:878} INFO - 
================================================================================
DAG File Processing Stats

File Path                  PID    Runtime      # DAGs    # Errors  Last Runtime    Last Run
-------------------------  -----  ---------  --------  ----------  --------------  -------------------
/opt/airflow/dags/main.py                           1           0  0.28s           2026-05-14T14:24:47
================================================================================
[2026-05-14T14:25:32.050+0000] {manager.py:878} INFO - 
================================================================================
DAG File Processing Stats

File Path                  PID    Runtime      # DAGs    # Errors  Last Runtime    Last Run
-------------------------  -----  ---------  --------  ----------  --------------  -------------------
/opt/airflow/dags/main.py                           1           0  0.29s           2026-05-14T14:25:17
================================================================================
[2026-05-14T14:26:02.624+0000] {manager.py:878} INFO - 
================================================================================
DAG File Processing Stats

File Path                  PID    Runtime      # DAGs    # Errors  Last Runtime    Last Run
-------------------------  -----  ---------  --------  ----------  --------------  -------------------
/opt/airflow/dags/main.py                           1           0  0.33s           2026-05-14T14:25:48
================================================================================
[2026-05-14T14:26:33.304+0000] {manager.py:878} INFO - 
================================================================================
DAG File Processing Stats

File Path                  PID    Runtime      # DAGs    # Errors  Last Runtime    Last Run
-------------------------  -----  ---------  --------  ----------  --------------  -------------------
/opt/airflow/dags/main.py                           1           0  0.34s           2026-05-14T14:26:19
================================================================================
[2026-05-14T14:27:03.824+0000] {manager.py:878} INFO - 
================================================================================
DAG File Processing Stats

File Path                  PID    Runtime      # DAGs    # Errors  Last Runtime    Last Run
-------------------------  -----  ---------  --------  ----------  --------------  -------------------
/opt/airflow/dags/main.py                           1           0  0.25s           2026-05-14T14:26:49
================================================================================
[2026-05-14T14:27:34.444+0000] {manager.py:878} INFO - 
================================================================================
DAG File Processing Stats

File Path                  PID    Runtime      # DAGs    # Errors  Last Runtime    Last Run
-------------------------  -----  ---------  --------  ----------  --------------  -------------------
/opt/airflow/dags/main.py                           1           0  0.35s           2026-05-14T14:27:20
================================================================================
[2026-05-14T14:28:05.113+0000] {manager.py:878} INFO - 
================================================================================
DAG File Processing Stats

File Path                  PID    Runtime      # DAGs    # Errors  Last Runtime    Last Run
-------------------------  -----  ---------  --------  ----------  --------------  -------------------
/opt/airflow/dags/main.py                           1           0  0.34s           2026-05-14T14:27:51
================================================================================
[2026-05-14T14:28:35.716+0000] {manager.py:878} INFO - 
================================================================================
DAG File Processing Stats

File Path                  PID    Runtime      # DAGs    # Errors  Last Runtime    Last Run
-------------------------  -----  ---------  --------  ----------  --------------  -------------------
/opt/airflow/dags/main.py                           1           0  0.36s           2026-05-14T14:28:21
================================================================================
[2026-05-14T14:28:38.756+0000] {manager.py:737} INFO - Searching for files in /opt/airflow/dags
[2026-05-14T14:28:38.999+0000] {manager.py:740} INFO - There are 1 files in /opt/airflow/dags
[2026-05-14T14:29:06.432+0000] {manager.py:878} INFO - 
================================================================================
DAG File Processing Stats

File Path                  PID    Runtime      # DAGs    # Errors  Last Runtime    Last Run
-------------------------  -----  ---------  --------  ----------  --------------  -------------------
/opt/airflow/dags/main.py                           1           0  0.24s           2026-05-14T14:28:52
================================================================================
[2026-05-14T14:29:37.095+0000] {manager.py:878} INFO - 
================================================================================
DAG File Processing Stats

File Path                  PID    Runtime      # DAGs    # Errors  Last Runtime    Last Run
-------------------------  -----  ---------  --------  ----------  --------------  -------------------
/opt/airflow/dags/main.py                           1           0  0.33s           2026-05-14T14:29:23
================================================================================
[2026-05-14T14:30:07.488+0000] {manager.py:878} INFO - 
================================================================================
DAG File Processing Stats

File Path                  PID    Runtime      # DAGs    # Errors  Last Runtime    Last Run
-------------------------  -----  ---------  --------  ----------  --------------  -------------------
/opt/airflow/dags/main.py                           1           0  0.25s           2026-05-14T14:29:53
================================================================================
[2026-05-14T14:30:38.131+0000] {manager.py:878} INFO - 
================================================================================
DAG File Processing Stats

File Path                  PID    Runtime      # DAGs    # Errors  Last Runtime    Last Run
-------------------------  -----  ---------  --------  ----------  --------------  -------------------
/opt/airflow/dags/main.py                           1           0  0.26s           2026-05-14T14:30:23
================================================================================
[2026-05-14T14:31:08.665+0000] {manager.py:878} INFO - 
================================================================================
DAG File Processing Stats

File Path                  PID    Runtime      # DAGs    # Errors  Last Runtime    Last Run
-------------------------  -----  ---------  --------  ----------  --------------  -------------------
/opt/airflow/dags/main.py                           1           0  0.25s           2026-05-14T14:30:54
================================================================================
[2026-05-14T14:31:39.139+0000] {manager.py:878} INFO - 
================================================================================
DAG File Processing Stats

File Path                  PID    Runtime      # DAGs    # Errors  Last Runtime    Last Run
-------------------------  -----  ---------  --------  ----------  --------------  -------------------
/opt/airflow/dags/main.py                           1           0  0.26s           2026-05-14T14:31:25
================================================================================
[2026-05-14T14:32:09.859+0000] {manager.py:878} INFO - 
================================================================================
DAG File Processing Stats

File Path                  PID    Runtime      # DAGs    # Errors  Last Runtime    Last Run
-------------------------  -----  ---------  --------  ----------  --------------  -------------------
/opt/airflow/dags/main.py                           1           0  0.26s           2026-05-14T14:31:55
================================================================================
[2026-05-14T14:32:40.310+0000] {manager.py:878} INFO - 
================================================================================
DAG File Processing Stats

File Path                  PID    Runtime      # DAGs    # Errors  Last Runtime    Last Run
-------------------------  -----  ---------  --------  ----------  --------------  -------------------
/opt/airflow/dags/main.py                           1           0  0.39s           2026-05-14T14:32:26
================================================================================
[2026-05-14T14:33:10.383+0000] {manager.py:878} INFO - 
================================================================================
DAG File Processing Stats

File Path                  PID    Runtime      # DAGs    # Errors  Last Runtime    Last Run
-------------------------  -----  ---------  --------  ----------  --------------  -------------------
/opt/airflow/dags/main.py                           1           0  0.34s           2026-05-14T14:32:57
================================================================================
[2026-05-14T14:33:38.792+0000] {manager.py:737} INFO - Searching for files in /opt/airflow/dags
[2026-05-14T14:33:39.012+0000] {manager.py:740} INFO - There are 1 files in /opt/airflow/dags
[2026-05-14T14:33:41.065+0000] {manager.py:878} INFO - 
================================================================================
DAG File Processing Stats

File Path                  PID    Runtime      # DAGs    # Errors  Last Runtime    Last Run
-------------------------  -----  ---------  --------  ----------  --------------  -------------------
/opt/airflow/dags/main.py                           1           0  0.32s           2026-05-14T14:33:27
================================================================================
[2026-05-14T14:34:11.476+0000] {manager.py:878} INFO - 
================================================================================
DAG File Processing Stats

File Path                  PID    Runtime      # DAGs    # Errors  Last Runtime    Last Run
-------------------------  -----  ---------  --------  ----------  --------------  -------------------
/opt/airflow/dags/main.py                           1           0  0.85s           2026-05-14T14:33:58
================================================================================
[2026-05-14T14:34:41.658+0000] {manager.py:878} INFO - 
================================================================================
DAG File Processing Stats

File Path                  PID    Runtime      # DAGs    # Errors  Last Runtime    Last Run
-------------------------  -----  ---------  --------  ----------  --------------  -------------------
/opt/airflow/dags/main.py                           1           0  0.40s           2026-05-14T14:34:29
================================================================================
[2026-05-14T14:35:11.955+0000] {manager.py:878} INFO - 
================================================================================
DAG File Processing Stats

File Path                  PID    Runtime      # DAGs    # Errors  Last Runtime    Last Run
-------------------------  -----  ---------  --------  ----------  --------------  -------------------
/opt/airflow/dags/main.py                           1           0  0.39s           2026-05-14T14:35:00
================================================================================
[2026-05-14T14:35:42.070+0000] {manager.py:878} INFO - 
================================================================================
DAG File Processing Stats

File Path                  PID    Runtime      # DAGs    # Errors  Last Runtime    Last Run
-------------------------  -----  ---------  --------  ----------  --------------  -------------------
/opt/airflow/dags/main.py                           1           0  0.59s           2026-05-14T14:35:31
================================================================================
[2026-05-14T14:36:12.124+0000] {manager.py:878} INFO - 
================================================================================
DAG File Processing Stats

File Path                  PID    Runtime      # DAGs    # Errors  Last Runtime    Last Run
-------------------------  -----  ---------  --------  ----------  --------------  -------------------
/opt/airflow/dags/main.py                           1           0  0.42s           2026-05-14T14:36:01
================================================================================
[2026-05-14T14:36:42.479+0000] {manager.py:878} INFO - 
================================================================================
DAG File Processing Stats

File Path                  PID    Runtime      # DAGs    # Errors  Last Runtime    Last Run
-------------------------  -----  ---------  --------  ----------  --------------  -------------------
/opt/airflow/dags/main.py                           1           0  0.33s           2026-05-14T14:36:32
================================================================================
[2026-05-14T14:37:12.527+0000] {manager.py:878} INFO - 
================================================================================
DAG File Processing Stats

File Path                  PID    Runtime      # DAGs    # Errors  Last Runtime    Last Run
-------------------------  -----  ---------  --------  ----------  --------------  -------------------
/opt/airflow/dags/main.py                           1           0  0.79s           2026-05-14T14:37:03
================================================================================
[2026-05-14T14:37:42.531+0000] {manager.py:878} INFO - 
================================================================================
DAG File Processing Stats

File Path                  PID    Runtime      # DAGs    # Errors  Last Runtime    Last Run
-------------------------  -----  ---------  --------  ----------  --------------  -------------------
/opt/airflow/dags/main.py                           1           0  0.27s           2026-05-14T14:37:33
================================================================================
[2026-05-14T14:38:13.150+0000] {manager.py:878} INFO - 
================================================================================
DAG File Processing Stats

File Path                  PID    Runtime      # DAGs    # Errors  Last Runtime    Last Run
-------------------------  -----  ---------  --------  ----------  --------------  -------------------
/opt/airflow/dags/main.py                           1           0  0.29s           2026-05-14T14:38:04
================================================================================
[2026-05-14T14:38:38.919+0000] {manager.py:737} INFO - Searching for files in /opt/airflow/dags
[2026-05-14T14:38:39.146+0000] {manager.py:740} INFO - There are 1 files in /opt/airflow/dags
[2026-05-14T14:38:43.251+0000] {manager.py:878} INFO - 
================================================================================
DAG File Processing Stats

File Path                  PID    Runtime      # DAGs    # Errors  Last Runtime    Last Run
-------------------------  -----  ---------  --------  ----------  --------------  -------------------
/opt/airflow/dags/main.py                           1           0  0.30s           2026-05-14T14:38:34
================================================================================
[2026-05-14T14:39:13.459+0000] {manager.py:878} INFO - 
================================================================================
DAG File Processing Stats

File Path                  PID    Runtime      # DAGs    # Errors  Last Runtime    Last Run
-------------------------  -----  ---------  --------  ----------  --------------  -------------------
/opt/airflow/dags/main.py                           1           0  0.33s           2026-05-14T14:39:05
================================================================================
[2026-05-14T14:39:43.910+0000] {manager.py:878} INFO - 
================================================================================
DAG File Processing Stats

File Path                  PID    Runtime      # DAGs    # Errors  Last Runtime    Last Run
-------------------------  -----  ---------  --------  ----------  --------------  -------------------
/opt/airflow/dags/main.py                           1           0  0.24s           2026-05-14T14:39:35
================================================================================
[2026-05-14T14:40:14.307+0000] {manager.py:878} INFO - 
================================================================================
DAG File Processing Stats

File Path                  PID    Runtime      # DAGs    # Errors  Last Runtime    Last Run
-------------------------  -----  ---------  --------  ----------  --------------  -------------------
/opt/airflow/dags/main.py                           1           0  0.25s           2026-05-14T14:40:06
================================================================================
[2026-05-14T14:40:44.874+0000] {manager.py:878} INFO - 
================================================================================
DAG File Processing Stats

File Path                  PID    Runtime      # DAGs    # Errors  Last Runtime    Last Run
-------------------------  -----  ---------  --------  ----------  --------------  -------------------
/opt/airflow/dags/main.py                           1           0  0.29s           2026-05-14T14:40:36
================================================================================
[2026-05-14T14:41:14.954+0000] {manager.py:878} INFO - 
================================================================================
DAG File Processing Stats

File Path                  PID    Runtime      # DAGs    # Errors  Last Runtime    Last Run
-------------------------  -----  ---------  --------  ----------  --------------  -------------------
/opt/airflow/dags/main.py                           1           0  0.52s           2026-05-14T14:41:07
================================================================================
[2026-05-14T14:41:45.371+0000] {manager.py:878} INFO - 
================================================================================
DAG File Processing Stats

File Path                  PID    Runtime      # DAGs    # Errors  Last Runtime    Last Run
-------------------------  -----  ---------  --------  ----------  --------------  -------------------
/opt/airflow/dags/main.py                           1           0  0.29s           2026-05-14T14:41:38
================================================================================
[2026-05-14T14:42:15.979+0000] {manager.py:878} INFO - 
================================================================================
DAG File Processing Stats

File Path                  PID    Runtime      # DAGs    # Errors  Last Runtime    Last Run
-------------------------  -----  ---------  --------  ----------  --------------  -------------------
/opt/airflow/dags/main.py                           1           0  0.25s           2026-05-14T14:42:08
================================================================================
[2026-05-14T14:42:46.337+0000] {manager.py:878} INFO - 
================================================================================
DAG File Processing Stats

File Path                  PID    Runtime      # DAGs    # Errors  Last Runtime    Last Run
-------------------------  -----  ---------  --------  ----------  --------------  -------------------
/opt/airflow/dags/main.py                           1           0  0.36s           2026-05-14T14:42:39
================================================================================
[2026-05-14T14:43:16.485+0000] {manager.py:878} INFO - 
================================================================================
DAG File Processing Stats

File Path                  PID    Runtime      # DAGs    # Errors  Last Runtime    Last Run
-------------------------  -----  ---------  --------  ----------  --------------  -------------------
/opt/airflow/dags/main.py                           1           0  0.49s           2026-05-14T14:43:10
================================================================================
[2026-05-14T14:43:38.990+0000] {manager.py:737} INFO - Searching for files in /opt/airflow/dags
[2026-05-14T14:43:39.311+0000] {manager.py:740} INFO - There are 1 files in /opt/airflow/dags
[2026-05-14T14:43:46.774+0000] {manager.py:878} INFO - 
================================================================================
DAG File Processing Stats

File Path                  PID    Runtime      # DAGs    # Errors  Last Runtime    Last Run
-------------------------  -----  ---------  --------  ----------  --------------  -------------------
/opt/airflow/dags/main.py                           1           0  0.33s           2026-05-14T14:43:41
================================================================================
[2026-05-14T14:44:16.859+0000] {manager.py:878} INFO - 
================================================================================
DAG File Processing Stats

File Path                  PID    Runtime      # DAGs    # Errors  Last Runtime    Last Run
-------------------------  -----  ---------  --------  ----------  --------------  -------------------
/opt/airflow/dags/main.py                           1           0  0.26s           2026-05-14T14:44:12
================================================================================
[2026-05-14T14:44:47.540+0000] {manager.py:878} INFO - 
================================================================================
DAG File Processing Stats

File Path                  PID    Runtime      # DAGs    # Errors  Last Runtime    Last Run
-------------------------  -----  ---------  --------  ----------  --------------  -------------------
/opt/airflow/dags/main.py                           1           0  1.00s           2026-05-14T14:44:43
================================================================================
[2026-05-14T14:45:17.590+0000] {manager.py:878} INFO - 
================================================================================
DAG File Processing Stats

File Path                  PID    Runtime      # DAGs    # Errors  Last Runtime    Last Run
-------------------------  -----  ---------  --------  ----------  --------------  -------------------
/opt/airflow/dags/main.py                           1           0  0.64s           2026-05-14T14:45:14
================================================================================
[2026-05-14T14:45:48.039+0000] {manager.py:878} INFO - 
================================================================================
DAG File Processing Stats

File Path                  PID    Runtime      # DAGs    # Errors  Last Runtime    Last Run
-------------------------  -----  ---------  --------  ----------  --------------  -------------------
/opt/airflow/dags/main.py                           1           0  1.23s           2026-05-14T14:45:46
================================================================================
[2026-05-14T14:46:18.610+0000] {manager.py:878} INFO - 
================================================================================
DAG File Processing Stats

File Path                  PID    Runtime      # DAGs    # Errors  Last Runtime    Last Run
-------------------------  -----  ---------  --------  ----------  --------------  -------------------
/opt/airflow/dags/main.py                           1           0  0.27s           2026-05-14T14:46:16
================================================================================
[2026-05-14T14:46:49.035+0000] {manager.py:878} INFO - 
================================================================================
DAG File Processing Stats

File Path                  PID    Runtime      # DAGs    # Errors  Last Runtime    Last Run
-------------------------  -----  ---------  --------  ----------  --------------  -------------------
/opt/airflow/dags/main.py                           1           0  0.33s           2026-05-14T14:46:47
================================================================================
[2026-05-14T14:47:19.626+0000] {manager.py:878} INFO - 
================================================================================
DAG File Processing Stats

File Path                  PID    Runtime      # DAGs    # Errors  Last Runtime    Last Run
-------------------------  -----  ---------  --------  ----------  --------------  -------------------
/opt/airflow/dags/main.py                           1           0  0.48s           2026-05-14T14:47:17
================================================================================
[2026-05-14T14:47:50.145+0000] {manager.py:878} INFO - 
================================================================================
DAG File Processing Stats

File Path                  PID    Runtime      # DAGs    # Errors  Last Runtime    Last Run
-------------------------  -----  ---------  --------  ----------  --------------  -------------------
/opt/airflow/dags/main.py                           1           0  0.28s           2026-05-14T14:47:48
================================================================================
[2026-05-14T14:48:20.455+0000] {manager.py:878} INFO - 
================================================================================
DAG File Processing Stats

File Path                  PID    Runtime      # DAGs    # Errors  Last Runtime    Last Run
-------------------------  -----  ---------  --------  ----------  --------------  -------------------
/opt/airflow/dags/main.py                           1           0  0.62s           2026-05-14T14:48:19
================================================================================
[2026-05-14T14:48:39.045+0000] {manager.py:737} INFO - Searching for files in /opt/airflow/dags
[2026-05-14T14:48:39.233+0000] {manager.py:740} INFO - There are 1 files in /opt/airflow/dags
[2026-05-14T14:48:50.880+0000] {manager.py:878} INFO - 
================================================================================
DAG File Processing Stats

File Path                  PID    Runtime      # DAGs    # Errors  Last Runtime    Last Run
-------------------------  -----  ---------  --------  ----------  --------------  -------------------
/opt/airflow/dags/main.py                           1           0  0.32s           2026-05-14T14:48:50
================================================================================
[2026-05-14T14:49:21.251+0000] {manager.py:878} INFO - 
================================================================================
DAG File Processing Stats

File Path                  PID    Runtime      # DAGs    # Errors  Last Runtime    Last Run
-------------------------  -----  ---------  --------  ----------  --------------  -------------------
/opt/airflow/dags/main.py                           1           0  0.75s           2026-05-14T14:49:21
================================================================================
[2026-05-14T14:49:51.676+0000] {manager.py:878} INFO - 
================================================================================
DAG File Processing Stats

File Path                    PID  Runtime      # DAGs    # Errors  Last Runtime    Last Run
-------------------------  -----  ---------  --------  ----------  --------------  -------------------
/opt/airflow/dags/main.py   2636  0.01s             1           0  0.75s           2026-05-14T14:49:21
================================================================================
[2026-05-14T14:50:22.339+0000] {manager.py:878} INFO - 
================================================================================
DAG File Processing Stats

File Path                    PID  Runtime      # DAGs    # Errors  Last Runtime    Last Run
-------------------------  -----  ---------  --------  ----------  --------------  -------------------
/opt/airflow/dags/main.py   2644  0.01s             1           0  0.27s           2026-05-14T14:49:51
================================================================================
[2026-05-14T14:50:52.796+0000] {manager.py:878} INFO - 
================================================================================
DAG File Processing Stats

File Path                  PID    Runtime      # DAGs    # Errors  Last Runtime    Last Run
-------------------------  -----  ---------  --------  ----------  --------------  -------------------
/opt/airflow/dags/main.py                           1           0  0.97s           2026-05-14T14:50:23
================================================================================
[2026-05-14T14:51:22.835+0000] {manager.py:878} INFO - 
================================================================================
DAG File Processing Stats

File Path                  PID    Runtime      # DAGs    # Errors  Last Runtime    Last Run
-------------------------  -----  ---------  --------  ----------  --------------  -------------------
/opt/airflow/dags/main.py                           1           0  0.59s           2026-05-14T14:50:54
================================================================================
[2026-05-14T14:51:53.264+0000] {manager.py:878} INFO - 
================================================================================
DAG File Processing Stats

File Path                  PID    Runtime      # DAGs    # Errors  Last Runtime    Last Run
-------------------------  -----  ---------  --------  ----------  --------------  -------------------
/opt/airflow/dags/main.py                           1           0  0.31s           2026-05-14T14:51:25
================================================================================
[2026-05-14T14:52:23.966+0000] {manager.py:878} INFO - 
================================================================================
DAG File Processing Stats

File Path                  PID    Runtime      # DAGs    # Errors  Last Runtime    Last Run
-------------------------  -----  ---------  --------  ----------  --------------  -------------------
/opt/airflow/dags/main.py                           1           0  0.24s           2026-05-14T14:51:55
================================================================================
[2026-05-14T14:52:54.443+0000] {manager.py:878} INFO - 
================================================================================
DAG File Processing Stats

File Path                  PID    Runtime      # DAGs    # Errors  Last Runtime    Last Run
-------------------------  -----  ---------  --------  ----------  --------------  -------------------
/opt/airflow/dags/main.py                           1           0  0.32s           2026-05-14T14:52:26
================================================================================
[2026-05-14T14:53:25.171+0000] {manager.py:878} INFO - 
================================================================================
DAG File Processing Stats

File Path                  PID    Runtime      # DAGs    # Errors  Last Runtime    Last Run
-------------------------  -----  ---------  --------  ----------  --------------  -------------------
/opt/airflow/dags/main.py                           1           0  0.32s           2026-05-14T14:52:56
================================================================================
[2026-05-14T14:53:39.448+0000] {manager.py:737} INFO - Searching for files in /opt/airflow/dags
[2026-05-14T14:53:39.659+0000] {manager.py:740} INFO - There are 1 files in /opt/airflow/dags
[2026-05-14T14:53:55.911+0000] {manager.py:878} INFO - 
================================================================================
DAG File Processing Stats

File Path                  PID    Runtime      # DAGs    # Errors  Last Runtime    Last Run
-------------------------  -----  ---------  --------  ----------  --------------  -------------------
/opt/airflow/dags/main.py                           1           0  0.34s           2026-05-14T14:53:27
================================================================================
[2026-05-14T14:54:26.392+0000] {manager.py:878} INFO - 
================================================================================
DAG File Processing Stats

File Path                  PID    Runtime      # DAGs    # Errors  Last Runtime    Last Run
-------------------------  -----  ---------  --------  ----------  --------------  -------------------
/opt/airflow/dags/main.py                           1           0  0.36s           2026-05-14T14:53:58
================================================================================
[2026-05-14T14:54:56.791+0000] {manager.py:878} INFO - 
================================================================================
DAG File Processing Stats

File Path                  PID    Runtime      # DAGs    # Errors  Last Runtime    Last Run
-------------------------  -----  ---------  --------  ----------  --------------  -------------------
/opt/airflow/dags/main.py                           1           0  0.25s           2026-05-14T14:54:28
================================================================================
[2026-05-14T14:55:27.483+0000] {manager.py:878} INFO - 
================================================================================
DAG File Processing Stats

File Path                  PID    Runtime      # DAGs    # Errors  Last Runtime    Last Run
-------------------------  -----  ---------  --------  ----------  --------------  -------------------
/opt/airflow/dags/main.py                           1           0  0.34s           2026-05-14T14:54:59
================================================================================
[2026-05-14T14:55:57.986+0000] {manager.py:878} INFO - 
================================================================================
DAG File Processing Stats

File Path                  PID    Runtime      # DAGs    # Errors  Last Runtime    Last Run
-------------------------  -----  ---------  --------  ----------  --------------  -------------------
/opt/airflow/dags/main.py                           1           0  0.31s           2026-05-14T14:55:29
================================================================================
[2026-05-14T14:56:28.627+0000] {manager.py:878} INFO - 
================================================================================
DAG File Processing Stats

File Path                  PID    Runtime      # DAGs    # Errors  Last Runtime    Last Run
-------------------------  -----  ---------  --------  ----------  --------------  -------------------
/opt/airflow/dags/main.py                           1           0  0.29s           2026-05-14T14:56:00
================================================================================
[2026-05-14T14:56:59.080+0000] {manager.py:878} INFO - 
================================================================================
DAG File Processing Stats

File Path                  PID    Runtime      # DAGs    # Errors  Last Runtime    Last Run
-------------------------  -----  ---------  --------  ----------  --------------  -------------------
/opt/airflow/dags/main.py                           1           0  0.54s           2026-05-14T14:56:31
================================================================================
[2026-05-14T14:57:29.222+0000] {manager.py:878} INFO - 
================================================================================
DAG File Processing Stats

File Path                  PID    Runtime      # DAGs    # Errors  Last Runtime    Last Run
-------------------------  -----  ---------  --------  ----------  --------------  -------------------
/opt/airflow/dags/main.py                           1           0  0.35s           2026-05-14T14:57:01
================================================================================
[2026-05-14T14:57:59.311+0000] {manager.py:878} INFO - 
================================================================================
DAG File Processing Stats

File Path                  PID    Runtime      # DAGs    # Errors  Last Runtime    Last Run
-------------------------  -----  ---------  --------  ----------  --------------  -------------------
/opt/airflow/dags/main.py                           1           0  0.26s           2026-05-14T14:57:32
================================================================================
[2026-05-14T14:58:30.034+0000] {manager.py:878} INFO - 
================================================================================
DAG File Processing Stats

File Path                  PID    Runtime      # DAGs    # Errors  Last Runtime    Last Run
-------------------------  -----  ---------  --------  ----------  --------------  -------------------
/opt/airflow/dags/main.py                           1           0  0.39s           2026-05-14T14:58:02
================================================================================
[2026-05-14T14:58:39.660+0000] {manager.py:737} INFO - Searching for files in /opt/airflow/dags
[2026-05-14T14:58:39.922+0000] {manager.py:740} INFO - There are 1 files in /opt/airflow/dags
[2026-05-14T14:59:00.196+0000] {manager.py:878} INFO - 
================================================================================
DAG File Processing Stats

File Path                  PID    Runtime      # DAGs    # Errors  Last Runtime    Last Run
-------------------------  -----  ---------  --------  ----------  --------------  -------------------
/opt/airflow/dags/main.py                           1           0  0.39s           2026-05-14T14:58:33
================================================================================
[2026-05-14T14:59:30.719+0000] {manager.py:878} INFO - 
================================================================================
DAG File Processing Stats

File Path                  PID    Runtime      # DAGs    # Errors  Last Runtime    Last Run
-------------------------  -----  ---------  --------  ----------  --------------  -------------------
/opt/airflow/dags/main.py                           1           0  0.32s           2026-05-14T14:59:04
================================================================================
[2026-05-14T15:00:00.834+0000] {manager.py:878} INFO - 
================================================================================
DAG File Processing Stats

File Path                  PID    Runtime      # DAGs    # Errors  Last Runtime    Last Run
-------------------------  -----  ---------  --------  ----------  --------------  -------------------
/opt/airflow/dags/main.py                           1           0  0.85s           2026-05-14T14:59:35
================================================================================
[2026-05-14T15:00:31.406+0000] {manager.py:878} INFO - 
================================================================================
DAG File Processing Stats

File Path                  PID    Runtime      # DAGs    # Errors  Last Runtime    Last Run
-------------------------  -----  ---------  --------  ----------  --------------  -------------------
/opt/airflow/dags/main.py                           1           0  0.53s           2026-05-14T15:00:06
================================================================================
[2026-05-14T15:01:02.047+0000] {manager.py:878} INFO - 
================================================================================
DAG File Processing Stats

File Path                  PID    Runtime      # DAGs    # Errors  Last Runtime    Last Run
-------------------------  -----  ---------  --------  ----------  --------------  -------------------
/opt/airflow/dags/main.py                           1           0  0.30s           2026-05-14T15:00:36
================================================================================
[2026-05-14T15:01:32.421+0000] {manager.py:878} INFO - 
================================================================================
DAG File Processing Stats

File Path                  PID    Runtime      # DAGs    # Errors  Last Runtime    Last Run
-------------------------  -----  ---------  --------  ----------  --------------  -------------------
/opt/airflow/dags/main.py                           1           0  0.28s           2026-05-14T15:01:07
================================================================================
[2026-05-14T15:02:02.920+0000] {manager.py:878} INFO - 
================================================================================
DAG File Processing Stats

File Path                  PID    Runtime      # DAGs    # Errors  Last Runtime    Last Run
-------------------------  -----  ---------  --------  ----------  --------------  -------------------
/opt/airflow/dags/main.py                           1           0  0.29s           2026-05-14T15:01:37
================================================================================
[2026-05-14T15:02:33.267+0000] {manager.py:878} INFO - 
================================================================================
DAG File Processing Stats

File Path                  PID    Runtime      # DAGs    # Errors  Last Runtime    Last Run
-------------------------  -----  ---------  --------  ----------  --------------  -------------------
/opt/airflow/dags/main.py                           1           0  0.29s           2026-05-14T15:02:08
================================================================================
[2026-05-14T15:03:03.782+0000] {manager.py:878} INFO - 
================================================================================
DAG File Processing Stats

File Path                  PID    Runtime      # DAGs    # Errors  Last Runtime    Last Run
-------------------------  -----  ---------  --------  ----------  --------------  -------------------
/opt/airflow/dags/main.py                           1           0  0.59s           2026-05-14T15:02:38
================================================================================
[2026-05-14T15:03:33.842+0000] {manager.py:878} INFO - 
================================================================================
DAG File Processing Stats

File Path                  PID    Runtime      # DAGs    # Errors  Last Runtime    Last Run
-------------------------  -----  ---------  --------  ----------  --------------  -------------------
/opt/airflow/dags/main.py                           1           0  0.34s           2026-05-14T15:03:09
================================================================================
[2026-05-14T15:03:39.884+0000] {manager.py:737} INFO - Searching for files in /opt/airflow/dags
[2026-05-14T15:03:40.067+0000] {manager.py:740} INFO - There are 1 files in /opt/airflow/dags
[2026-05-14T15:04:04.309+0000] {manager.py:878} INFO - 
================================================================================
DAG File Processing Stats

File Path                  PID    Runtime      # DAGs    # Errors  Last Runtime    Last Run
-------------------------  -----  ---------  --------  ----------  --------------  -------------------
/opt/airflow/dags/main.py                           1           0  0.32s           2026-05-14T15:03:40
================================================================================
[2026-05-14T15:04:34.402+0000] {manager.py:878} INFO - 
================================================================================
DAG File Processing Stats

File Path                  PID    Runtime      # DAGs    # Errors  Last Runtime    Last Run
-------------------------  -----  ---------  --------  ----------  --------------  -------------------
/opt/airflow/dags/main.py                           1           0  0.38s           2026-05-14T15:04:11
================================================================================
[2026-05-14T15:05:04.725+0000] {manager.py:878} INFO - 
================================================================================
DAG File Processing Stats

File Path                  PID    Runtime      # DAGs    # Errors  Last Runtime    Last Run
-------------------------  -----  ---------  --------  ----------  --------------  -------------------
/opt/airflow/dags/main.py                           1           0  0.30s           2026-05-14T15:04:41
================================================================================
[2026-05-14T15:05:35.199+0000] {manager.py:878} INFO - 
================================================================================
DAG File Processing Stats

File Path                  PID    Runtime      # DAGs    # Errors  Last Runtime    Last Run
-------------------------  -----  ---------  --------  ----------  --------------  -------------------
/opt/airflow/dags/main.py                           1           0  0.41s           2026-05-14T15:05:12
================================================================================
[2026-05-14T15:06:05.696+0000] {manager.py:878} INFO - 
================================================================================
DAG File Processing Stats

File Path                  PID    Runtime      # DAGs    # Errors  Last Runtime    Last Run
-------------------------  -----  ---------  --------  ----------  --------------  -------------------
/opt/airflow/dags/main.py                           1           0  0.30s           2026-05-14T15:05:42
================================================================================
[2026-05-14T15:06:36.075+0000] {manager.py:878} INFO - 
================================================================================
DAG File Processing Stats

File Path                  PID    Runtime      # DAGs    # Errors  Last Runtime    Last Run
-------------------------  -----  ---------  --------  ----------  --------------  -------------------
/opt/airflow/dags/main.py                           1           0  0.32s           2026-05-14T15:06:13
================================================================================
[2026-05-14T15:07:06.608+0000] {manager.py:878} INFO - 
================================================================================
DAG File Processing Stats

File Path                  PID    Runtime      # DAGs    # Errors  Last Runtime    Last Run
-------------------------  -----  ---------  --------  ----------  --------------  -------------------
/opt/airflow/dags/main.py                           1           0  0.35s           2026-05-14T15:06:43
================================================================================
[2026-05-14T15:07:36.907+0000] {manager.py:878} INFO - 
================================================================================
DAG File Processing Stats

File Path                  PID    Runtime      # DAGs    # Errors  Last Runtime    Last Run
-------------------------  -----  ---------  --------  ----------  --------------  -------------------
/opt/airflow/dags/main.py                           1           0  0.33s           2026-05-14T15:07:14
================================================================================
[2026-05-14T15:08:07.556+0000] {manager.py:878} INFO - 
================================================================================
DAG File Processing Stats

File Path                  PID    Runtime      # DAGs    # Errors  Last Runtime    Last Run
-------------------------  -----  ---------  --------  ----------  --------------  -------------------
/opt/airflow/dags/main.py                           1           0  0.28s           2026-05-14T15:07:44
================================================================================
[2026-05-14T15:08:38.165+0000] {manager.py:878} INFO - 
================================================================================
DAG File Processing Stats

File Path                  PID    Runtime      # DAGs    # Errors  Last Runtime    Last Run
-------------------------  -----  ---------  --------  ----------  --------------  -------------------
/opt/airflow/dags/main.py                           1           0  0.30s           2026-05-14T15:08:14
================================================================================
[2026-05-14T15:08:40.180+0000] {manager.py:737} INFO - Searching for files in /opt/airflow/dags
[2026-05-14T15:08:40.378+0000] {manager.py:740} INFO - There are 1 files in /opt/airflow/dags
[2026-05-14T15:09:08.725+0000] {manager.py:878} INFO - 
================================================================================
DAG File Processing Stats

File Path                  PID    Runtime      # DAGs    # Errors  Last Runtime    Last Run
-------------------------  -----  ---------  --------  ----------  --------------  -------------------
/opt/airflow/dags/main.py                           1           0  0.29s           2026-05-14T15:08:45
================================================================================
[2026-05-14T15:09:39.178+0000] {manager.py:878} INFO - 
================================================================================
DAG File Processing Stats

File Path                  PID    Runtime      # DAGs    # Errors  Last Runtime    Last Run
-------------------------  -----  ---------  --------  ----------  --------------  -------------------
/opt/airflow/dags/main.py                           1           0  0.31s           2026-05-14T15:09:16
================================================================================
[2026-05-14T15:10:09.572+0000] {manager.py:878} INFO - 
================================================================================
DAG File Processing Stats

File Path                  PID    Runtime      # DAGs    # Errors  Last Runtime    Last Run
-------------------------  -----  ---------  --------  ----------  --------------  -------------------
/opt/airflow/dags/main.py                           1           0  0.50s           2026-05-14T15:09:46
================================================================================
[2026-05-14T15:10:39.583+0000] {manager.py:878} INFO - 
================================================================================
DAG File Processing Stats

File Path                  PID    Runtime      # DAGs    # Errors  Last Runtime    Last Run
-------------------------  -----  ---------  --------  ----------  --------------  -------------------
/opt/airflow/dags/main.py                           1           0  0.37s           2026-05-14T15:10:17
================================================================================
[2026-05-14T15:11:09.842+0000] {manager.py:878} INFO - 
================================================================================
DAG File Processing Stats

File Path                  PID    Runtime      # DAGs    # Errors  Last Runtime    Last Run
-------------------------  -----  ---------  --------  ----------  --------------  -------------------
/opt/airflow/dags/main.py                           1           0  0.29s           2026-05-14T15:10:47
================================================================================
[2026-05-14T15:11:40.399+0000] {manager.py:878} INFO - 
================================================================================
DAG File Processing Stats

File Path                  PID    Runtime      # DAGs    # Errors  Last Runtime    Last Run
-------------------------  -----  ---------  --------  ----------  --------------  -------------------
/opt/airflow/dags/main.py                           1           0  0.38s           2026-05-14T15:11:18
================================================================================
[2026-05-14T15:12:10.461+0000] {manager.py:878} INFO - 
================================================================================
DAG File Processing Stats

File Path                  PID    Runtime      # DAGs    # Errors  Last Runtime    Last Run
-------------------------  -----  ---------  --------  ----------  --------------  -------------------
/opt/airflow/dags/main.py                           1           0  0.41s           2026-05-14T15:11:49
================================================================================
[2026-05-14T15:12:40.734+0000] {manager.py:878} INFO - 
================================================================================
DAG File Processing Stats

File Path                  PID    Runtime      # DAGs    # Errors  Last Runtime    Last Run
-------------------------  -----  ---------  --------  ----------  --------------  -------------------
/opt/airflow/dags/main.py                           1           0  0.37s           2026-05-14T15:12:19
================================================================================
[2026-05-14T15:13:10.802+0000] {manager.py:878} INFO - 
================================================================================
DAG File Processing Stats

File Path                  PID    Runtime      # DAGs    # Errors  Last Runtime    Last Run
-------------------------  -----  ---------  --------  ----------  --------------  -------------------
/opt/airflow/dags/main.py                           1           0  0.33s           2026-05-14T15:12:50
================================================================================
[2026-05-14T15:13:40.370+0000] {manager.py:737} INFO - Searching for files in /opt/airflow/dags
[2026-05-14T15:13:40.549+0000] {manager.py:740} INFO - There are 1 files in /opt/airflow/dags
[2026-05-14T15:13:41.060+0000] {manager.py:878} INFO - 
================================================================================
DAG File Processing Stats

File Path                  PID    Runtime      # DAGs    # Errors  Last Runtime    Last Run
-------------------------  -----  ---------  --------  ----------  --------------  -------------------
/opt/airflow/dags/main.py                           1           0  0.33s           2026-05-14T15:13:21
================================================================================
[2026-05-14T15:14:11.350+0000] {manager.py:878} INFO - 
================================================================================
DAG File Processing Stats

File Path                  PID    Runtime      # DAGs    # Errors  Last Runtime    Last Run
-------------------------  -----  ---------  --------  ----------  --------------  -------------------
/opt/airflow/dags/main.py                           1           0  0.70s           2026-05-14T15:13:52
================================================================================
[2026-05-14T15:14:41.985+0000] {manager.py:878} INFO - 
================================================================================
DAG File Processing Stats

File Path                  PID    Runtime      # DAGs    # Errors  Last Runtime    Last Run
-------------------------  -----  ---------  --------  ----------  --------------  -------------------
/opt/airflow/dags/main.py                           1           0  0.29s           2026-05-14T15:14:23
================================================================================
[2026-05-14T15:15:12.497+0000] {manager.py:878} INFO - 
================================================================================
DAG File Processing Stats

File Path                  PID    Runtime      # DAGs    # Errors  Last Runtime    Last Run
-------------------------  -----  ---------  --------  ----------  --------------  -------------------
/opt/airflow/dags/main.py                           1           0  0.28s           2026-05-14T15:14:53
================================================================================
[2026-05-14T15:15:43.062+0000] {manager.py:878} INFO - 
================================================================================
DAG File Processing Stats

File Path                  PID    Runtime      # DAGs    # Errors  Last Runtime    Last Run
-------------------------  -----  ---------  --------  ----------  --------------  -------------------
/opt/airflow/dags/main.py                           1           0  0.27s           2026-05-14T15:15:24
================================================================================
[2026-05-14T15:16:13.567+0000] {manager.py:878} INFO - 
================================================================================
DAG File Processing Stats

File Path                  PID    Runtime      # DAGs    # Errors  Last Runtime    Last Run
-------------------------  -----  ---------  --------  ----------  --------------  -------------------
/opt/airflow/dags/main.py                           1           0  0.36s           2026-05-14T15:15:54
================================================================================
[2026-05-14T15:16:43.920+0000] {manager.py:878} INFO - 
================================================================================
DAG File Processing Stats

File Path                  PID    Runtime      # DAGs    # Errors  Last Runtime    Last Run
-------------------------  -----  ---------  --------  ----------  --------------  -------------------
/opt/airflow/dags/main.py                           1           0  0.28s           2026-05-14T15:16:24
================================================================================
[2026-05-14T15:17:14.346+0000] {manager.py:878} INFO - 
================================================================================
DAG File Processing Stats

File Path                  PID    Runtime      # DAGs    # Errors  Last Runtime    Last Run
-------------------------  -----  ---------  --------  ----------  --------------  -------------------
/opt/airflow/dags/main.py                           1           0  0.36s           2026-05-14T15:16:55
================================================================================
[2026-05-14T15:17:44.859+0000] {manager.py:878} INFO - 
================================================================================
DAG File Processing Stats

File Path                  PID    Runtime      # DAGs    # Errors  Last Runtime    Last Run
-------------------------  -----  ---------  --------  ----------  --------------  -------------------
/opt/airflow/dags/main.py                           1           0  0.28s           2026-05-14T15:17:25
================================================================================
[2026-05-14T15:18:14.879+0000] {manager.py:878} INFO - 
================================================================================
DAG File Processing Stats

File Path                  PID    Runtime      # DAGs    # Errors  Last Runtime    Last Run
-------------------------  -----  ---------  --------  ----------  --------------  -------------------
/opt/airflow/dags/main.py                           1           0  0.41s           2026-05-14T15:17:56
================================================================================
[2026-05-14T15:18:40.400+0000] {manager.py:737} INFO - Searching for files in /opt/airflow/dags
[2026-05-14T15:18:40.604+0000] {manager.py:740} INFO - There are 1 files in /opt/airflow/dags
[2026-05-14T15:18:45.125+0000] {manager.py:878} INFO - 
================================================================================
DAG File Processing Stats

File Path                  PID    Runtime      # DAGs    # Errors  Last Runtime    Last Run
-------------------------  -----  ---------  --------  ----------  --------------  -------------------
/opt/airflow/dags/main.py                           1           0  0.32s           2026-05-14T15:18:27
================================================================================
[2026-05-14T15:19:15.602+0000] {manager.py:878} INFO - 
================================================================================
DAG File Processing Stats

File Path                  PID    Runtime      # DAGs    # Errors  Last Runtime    Last Run
-------------------------  -----  ---------  --------  ----------  --------------  -------------------
/opt/airflow/dags/main.py                           1           0  0.49s           2026-05-14T15:18:58
================================================================================
[2026-05-14T15:19:45.988+0000] {manager.py:878} INFO - 
================================================================================
DAG File Processing Stats

File Path                  PID    Runtime      # DAGs    # Errors  Last Runtime    Last Run
-------------------------  -----  ---------  --------  ----------  --------------  -------------------
/opt/airflow/dags/main.py                           1           0  0.36s           2026-05-14T15:19:29
================================================================================
[2026-05-14T15:20:16.613+0000] {manager.py:878} INFO - 
================================================================================
DAG File Processing Stats

File Path                  PID    Runtime      # DAGs    # Errors  Last Runtime    Last Run
-------------------------  -----  ---------  --------  ----------  --------------  -------------------
/opt/airflow/dags/main.py                           1           0  0.42s           2026-05-14T15:19:59
================================================================================
[2026-05-14T15:20:46.985+0000] {manager.py:878} INFO - 
================================================================================
DAG File Processing Stats

File Path                  PID    Runtime      # DAGs    # Errors  Last Runtime    Last Run
-------------------------  -----  ---------  --------  ----------  --------------  -------------------
/opt/airflow/dags/main.py                           1           0  0.31s           2026-05-14T15:20:30
================================================================================
[2026-05-14T15:21:17.505+0000] {manager.py:878} INFO - 
================================================================================
DAG File Processing Stats

File Path                  PID    Runtime      # DAGs    # Errors  Last Runtime    Last Run
-------------------------  -----  ---------  --------  ----------  --------------  -------------------
/opt/airflow/dags/main.py                           1           0  0.29s           2026-05-14T15:21:00
================================================================================
[2026-05-14T15:21:48.147+0000] {manager.py:878} INFO - 
================================================================================
DAG File Processing Stats

File Path                  PID    Runtime      # DAGs    # Errors  Last Runtime    Last Run
-------------------------  -----  ---------  --------  ----------  --------------  -------------------
/opt/airflow/dags/main.py                           1           0  0.74s           2026-05-14T15:21:31
================================================================================
[2026-05-14T15:22:18.233+0000] {manager.py:878} INFO - 
================================================================================
DAG File Processing Stats

File Path                  PID    Runtime      # DAGs    # Errors  Last Runtime    Last Run
-------------------------  -----  ---------  --------  ----------  --------------  -------------------
/opt/airflow/dags/main.py                           1           0  0.46s           2026-05-14T15:22:02
================================================================================
[2026-05-14T15:22:48.240+0000] {manager.py:878} INFO - 
================================================================================
DAG File Processing Stats

File Path                  PID    Runtime      # DAGs    # Errors  Last Runtime    Last Run
-------------------------  -----  ---------  --------  ----------  --------------  -------------------
/opt/airflow/dags/main.py                           1           0  0.57s           2026-05-14T15:22:32
================================================================================
[2026-05-14T15:23:18.666+0000] {manager.py:878} INFO - 
================================================================================
DAG File Processing Stats

File Path                  PID    Runtime      # DAGs    # Errors  Last Runtime    Last Run
-------------------------  -----  ---------  --------  ----------  --------------  -------------------
/opt/airflow/dags/main.py                           1           0  0.60s           2026-05-14T15:23:03
================================================================================
[2026-05-14T15:23:40.459+0000] {manager.py:737} INFO - Searching for files in /opt/airflow/dags
[2026-05-14T15:23:40.665+0000] {manager.py:740} INFO - There are 1 files in /opt/airflow/dags
[2026-05-14T15:23:48.876+0000] {manager.py:878} INFO - 
================================================================================
DAG File Processing Stats

File Path                  PID    Runtime      # DAGs    # Errors  Last Runtime    Last Run
-------------------------  -----  ---------  --------  ----------  --------------  -------------------
/opt/airflow/dags/main.py                           1           0  0.54s           2026-05-14T15:23:34
================================================================================
[2026-05-14T15:24:19.434+0000] {manager.py:878} INFO - 
================================================================================
DAG File Processing Stats

File Path                  PID    Runtime      # DAGs    # Errors  Last Runtime    Last Run
-------------------------  -----  ---------  --------  ----------  --------------  -------------------
/opt/airflow/dags/main.py                           1           0  0.30s           2026-05-14T15:24:05
================================================================================
[2026-05-14T15:24:49.568+0000] {manager.py:878} INFO - 
================================================================================
DAG File Processing Stats

File Path                  PID    Runtime      # DAGs    # Errors  Last Runtime    Last Run
-------------------------  -----  ---------  --------  ----------  --------------  -------------------
/opt/airflow/dags/main.py                           1           0  0.65s           2026-05-14T15:24:36
================================================================================
[2026-05-14T15:25:19.956+0000] {manager.py:878} INFO - 
================================================================================
DAG File Processing Stats

File Path                  PID    Runtime      # DAGs    # Errors  Last Runtime    Last Run
-------------------------  -----  ---------  --------  ----------  --------------  -------------------
/opt/airflow/dags/main.py                           1           0  0.33s           2026-05-14T15:25:07
================================================================================
[2026-05-14T15:25:50.305+0000] {manager.py:878} INFO - 
================================================================================
DAG File Processing Stats

File Path                  PID    Runtime      # DAGs    # Errors  Last Runtime    Last Run
-------------------------  -----  ---------  --------  ----------  --------------  -------------------
/opt/airflow/dags/main.py                           1           0  0.34s           2026-05-14T15:25:37
================================================================================
[2026-05-14T15:26:20.882+0000] {manager.py:878} INFO - 
================================================================================
DAG File Processing Stats

File Path                  PID    Runtime      # DAGs    # Errors  Last Runtime    Last Run
-------------------------  -----  ---------  --------  ----------  --------------  -------------------
/opt/airflow/dags/main.py                           1           0  0.30s           2026-05-14T15:26:08
================================================================================
[2026-05-14T15:26:51.428+0000] {manager.py:878} INFO - 
================================================================================
DAG File Processing Stats

File Path                  PID    Runtime      # DAGs    # Errors  Last Runtime    Last Run
-------------------------  -----  ---------  --------  ----------  --------------  -------------------
/opt/airflow/dags/main.py                           1           0  0.30s           2026-05-14T15:26:38
================================================================================
[2026-05-14T15:27:22.093+0000] {manager.py:878} INFO - 
================================================================================
DAG File Processing Stats

File Path                  PID    Runtime      # DAGs    # Errors  Last Runtime    Last Run
-------------------------  -----  ---------  --------  ----------  --------------  -------------------
/opt/airflow/dags/main.py                           1           0  0.33s           2026-05-14T15:27:09
================================================================================
[2026-05-14T15:27:52.930+0000] {manager.py:878} INFO - 
================================================================================
DAG File Processing Stats

File Path                  PID    Runtime      # DAGs    # Errors  Last Runtime    Last Run
-------------------------  -----  ---------  --------  ----------  --------------  -------------------
/opt/airflow/dags/main.py                           1           0  0.39s           2026-05-14T15:27:39
================================================================================
[2026-05-14T15:28:23.364+0000] {manager.py:878} INFO - 
================================================================================
DAG File Processing Stats

File Path                  PID    Runtime      # DAGs    # Errors  Last Runtime    Last Run
-------------------------  -----  ---------  --------  ----------  --------------  -------------------
/opt/airflow/dags/main.py                           1           0  0.79s           2026-05-14T15:28:11
================================================================================
[2026-05-14T15:28:40.559+0000] {manager.py:737} INFO - Searching for files in /opt/airflow/dags
[2026-05-14T15:28:40.742+0000] {manager.py:740} INFO - There are 1 files in /opt/airflow/dags
[2026-05-14T15:28:53.916+0000] {manager.py:878} INFO - 
================================================================================
DAG File Processing Stats

File Path                  PID    Runtime      # DAGs    # Errors  Last Runtime    Last Run
-------------------------  -----  ---------  --------  ----------  --------------  -------------------
/opt/airflow/dags/main.py                           1           0  0.38s           2026-05-14T15:28:42
================================================================================
[2026-05-14T15:29:24.076+0000] {manager.py:878} INFO - 
================================================================================
DAG File Processing Stats

File Path                  PID    Runtime      # DAGs    # Errors  Last Runtime    Last Run
-------------------------  -----  ---------  --------  ----------  --------------  -------------------
/opt/airflow/dags/main.py                           1           0  0.47s           2026-05-14T15:29:12
================================================================================
[2026-05-14T15:29:54.428+0000] {manager.py:878} INFO - 
================================================================================
DAG File Processing Stats

File Path                  PID    Runtime      # DAGs    # Errors  Last Runtime    Last Run
-------------------------  -----  ---------  --------  ----------  --------------  -------------------
/opt/airflow/dags/main.py                           1           0  0.46s           2026-05-14T15:29:43
================================================================================
[2026-05-14T15:30:24.883+0000] {manager.py:878} INFO - 
================================================================================
DAG File Processing Stats

File Path                  PID    Runtime      # DAGs    # Errors  Last Runtime    Last Run
-------------------------  -----  ---------  --------  ----------  --------------  -------------------
/opt/airflow/dags/main.py                           1           0  0.58s           2026-05-14T15:30:14
================================================================================
[2026-05-14T15:30:55.212+0000] {manager.py:878} INFO - 
================================================================================
DAG File Processing Stats

File Path                  PID    Runtime      # DAGs    # Errors  Last Runtime    Last Run
-------------------------  -----  ---------  --------  ----------  --------------  -------------------
/opt/airflow/dags/main.py                           1           0  0.30s           2026-05-14T15:30:45
================================================================================
[2026-05-14T15:31:25.788+0000] {manager.py:878} INFO - 
================================================================================
DAG File Processing Stats

File Path                  PID    Runtime      # DAGs    # Errors  Last Runtime    Last Run
-------------------------  -----  ---------  --------  ----------  --------------  -------------------
/opt/airflow/dags/main.py                           1           0  0.38s           2026-05-14T15:31:16
================================================================================
[2026-05-14T15:31:55.814+0000] {manager.py:878} INFO - 
================================================================================
DAG File Processing Stats

File Path                  PID    Runtime      # DAGs    # Errors  Last Runtime    Last Run
-------------------------  -----  ---------  --------  ----------  --------------  -------------------
/opt/airflow/dags/main.py                           1           0  0.44s           2026-05-14T15:31:46
================================================================================
[2026-05-14T15:32:26.209+0000] {manager.py:878} INFO - 
================================================================================
DAG File Processing Stats

File Path                  PID    Runtime      # DAGs    # Errors  Last Runtime    Last Run
-------------------------  -----  ---------  --------  ----------  --------------  -------------------
/opt/airflow/dags/main.py                           1           0  0.38s           2026-05-14T15:32:17
================================================================================
[2026-05-14T15:32:56.874+0000] {manager.py:878} INFO - 
================================================================================
DAG File Processing Stats

File Path                  PID    Runtime      # DAGs    # Errors  Last Runtime    Last Run
-------------------------  -----  ---------  --------  ----------  --------------  -------------------
/opt/airflow/dags/main.py                           1           0  0.30s           2026-05-14T15:32:48
================================================================================
[2026-05-14T15:33:27.494+0000] {manager.py:878} INFO - 
================================================================================
DAG File Processing Stats

File Path                  PID    Runtime      # DAGs    # Errors  Last Runtime    Last Run
-------------------------  -----  ---------  --------  ----------  --------------  -------------------
/opt/airflow/dags/main.py                           1           0  0.46s           2026-05-14T15:33:18
================================================================================
[2026-05-14T18:33:47.207+0000] {manager.py:737} INFO - Searching for files in /opt/airflow/dags
[2026-05-14T18:33:58.139+0000] {manager.py:740} INFO - There are 1 files in /opt/airflow/dags
[2026-05-14T18:33:58.397+0000] {manager.py:878} INFO - 
================================================================================
DAG File Processing Stats

File Path                    PID  Runtime      # DAGs    # Errors  Last Runtime    Last Run
-------------------------  -----  ---------  --------  ----------  --------------  -------------------
/opt/airflow/dags/main.py   3253  0.02s             1           0  0.46s           2026-05-14T15:33:18
================================================================================
[2026-05-14T18:49:35.887+0000] {manager.py:737} INFO - Searching for files in /opt/airflow/dags
[2026-05-14T18:50:05.823+0000] {manager.py:740} INFO - There are 1 files in /opt/airflow/dags
[2026-05-14T18:50:05.997+0000] {manager.py:878} INFO - 
================================================================================
DAG File Processing Stats

File Path                    PID  Runtime      # DAGs    # Errors  Last Runtime    Last Run
-------------------------  -----  ---------  --------  ----------  --------------  -------------------
/opt/airflow/dags/main.py   3259  0.03s             1           0  5.58s           2026-05-14T18:34:03
================================================================================
[2026-05-14T18:50:36.407+0000] {manager.py:878} INFO - 
================================================================================
DAG File Processing Stats

File Path                  PID    Runtime      # DAGs    # Errors  Last Runtime    Last Run
-------------------------  -----  ---------  --------  ----------  --------------  -------------------
/opt/airflow/dags/main.py                           1           0  1.36s           2026-05-14T18:50:07
================================================================================
[2026-05-14T18:51:06.549+0000] {manager.py:878} INFO - 
================================================================================
DAG File Processing Stats

File Path                  PID    Runtime      # DAGs    # Errors  Last Runtime    Last Run
-------------------------  -----  ---------  --------  ----------  --------------  -------------------
/opt/airflow/dags/main.py                           1           0  0.85s           2026-05-14T18:50:38
================================================================================
[2026-05-14T18:51:36.578+0000] {manager.py:878} INFO - 
================================================================================
DAG File Processing Stats

File Path                  PID    Runtime      # DAGs    # Errors  Last Runtime    Last Run
-------------------------  -----  ---------  --------  ----------  --------------  -------------------
/opt/airflow/dags/main.py                           1           0  0.71s           2026-05-14T18:51:09
================================================================================
[2026-05-14T18:52:07.015+0000] {manager.py:878} INFO - 
================================================================================
DAG File Processing Stats

File Path                  PID    Runtime      # DAGs    # Errors  Last Runtime    Last Run
-------------------------  -----  ---------  --------  ----------  --------------  -------------------
/opt/airflow/dags/main.py                           1           0  0.58s           2026-05-14T18:51:40
================================================================================
[2026-05-14T18:52:37.121+0000] {manager.py:878} INFO - 
================================================================================
DAG File Processing Stats

File Path                  PID    Runtime      # DAGs    # Errors  Last Runtime    Last Run
-------------------------  -----  ---------  --------  ----------  --------------  -------------------
/opt/airflow/dags/main.py                           1           0  0.62s           2026-05-14T18:52:11
================================================================================
[2026-05-14T18:53:07.507+0000] {manager.py:878} INFO - 
================================================================================
DAG File Processing Stats

File Path                  PID    Runtime      # DAGs    # Errors  Last Runtime    Last Run
-------------------------  -----  ---------  --------  ----------  --------------  -------------------
/opt/airflow/dags/main.py                           1           0  0.83s           2026-05-14T18:52:42
================================================================================
[2026-05-14T18:53:37.748+0000] {manager.py:878} INFO - 
================================================================================
DAG File Processing Stats

File Path                  PID    Runtime      # DAGs    # Errors  Last Runtime    Last Run
-------------------------  -----  ---------  --------  ----------  --------------  -------------------
/opt/airflow/dags/main.py                           1           0  0.44s           2026-05-14T18:53:13
================================================================================
[2026-05-14T18:54:07.962+0000] {manager.py:878} INFO - 
================================================================================
DAG File Processing Stats

File Path                  PID    Runtime      # DAGs    # Errors  Last Runtime    Last Run
-------------------------  -----  ---------  --------  ----------  --------------  -------------------
/opt/airflow/dags/main.py                           1           0  0.77s           2026-05-14T18:53:44
================================================================================
[2026-05-14T18:54:36.729+0000] {manager.py:737} INFO - Searching for files in /opt/airflow/dags
[2026-05-14T18:54:37.164+0000] {manager.py:740} INFO - There are 1 files in /opt/airflow/dags
[2026-05-14T18:54:38.268+0000] {manager.py:878} INFO - 
================================================================================
DAG File Processing Stats

File Path                  PID    Runtime      # DAGs    # Errors  Last Runtime    Last Run
-------------------------  -----  ---------  --------  ----------  --------------  -------------------
/opt/airflow/dags/main.py                           1           0  0.46s           2026-05-14T18:54:15
================================================================================
[2026-05-14T18:55:08.351+0000] {manager.py:878} INFO - 
================================================================================
DAG File Processing Stats

File Path                  PID    Runtime      # DAGs    # Errors  Last Runtime    Last Run
-------------------------  -----  ---------  --------  ----------  --------------  -------------------
/opt/airflow/dags/main.py                           1           0  0.78s           2026-05-14T18:54:46
================================================================================
[2026-05-14T18:55:38.538+0000] {manager.py:878} INFO - 
================================================================================
DAG File Processing Stats

File Path                  PID    Runtime      # DAGs    # Errors  Last Runtime    Last Run
-------------------------  -----  ---------  --------  ----------  --------------  -------------------
/opt/airflow/dags/main.py                           1           0  0.57s           2026-05-14T18:55:17
================================================================================
[2026-05-14T18:56:08.743+0000] {manager.py:878} INFO - 
================================================================================
DAG File Processing Stats

File Path                  PID    Runtime      # DAGs    # Errors  Last Runtime    Last Run
-------------------------  -----  ---------  --------  ----------  --------------  -------------------
/opt/airflow/dags/main.py                           1           0  0.43s           2026-05-14T18:55:48
================================================================================
[2026-05-14T18:56:39.120+0000] {manager.py:878} INFO - 
================================================================================
DAG File Processing Stats

File Path                  PID    Runtime      # DAGs    # Errors  Last Runtime    Last Run
-------------------------  -----  ---------  --------  ----------  --------------  -------------------
/opt/airflow/dags/main.py                           1           0  0.53s           2026-05-14T18:56:19
================================================================================
[2026-05-14T18:57:09.163+0000] {manager.py:878} INFO - 
================================================================================
DAG File Processing Stats

File Path                  PID    Runtime      # DAGs    # Errors  Last Runtime    Last Run
-------------------------  -----  ---------  --------  ----------  --------------  -------------------
/opt/airflow/dags/main.py                           1           0  0.39s           2026-05-14T18:56:50
================================================================================
[2026-05-14T18:57:39.459+0000] {manager.py:878} INFO - 
================================================================================
DAG File Processing Stats

File Path                  PID    Runtime      # DAGs    # Errors  Last Runtime    Last Run
-------------------------  -----  ---------  --------  ----------  --------------  -------------------
/opt/airflow/dags/main.py                           1           0  0.64s           2026-05-14T18:57:21
================================================================================
[2026-05-14T18:58:09.594+0000] {manager.py:878} INFO - 
================================================================================
DAG File Processing Stats

File Path                  PID    Runtime      # DAGs    # Errors  Last Runtime    Last Run
-------------------------  -----  ---------  --------  ----------  --------------  -------------------
/opt/airflow/dags/main.py                           1           0  0.75s           2026-05-14T18:57:52
================================================================================
[2026-05-14T18:58:40.098+0000] {manager.py:878} INFO - 
================================================================================
DAG File Processing Stats

File Path                  PID    Runtime      # DAGs    # Errors  Last Runtime    Last Run
-------------------------  -----  ---------  --------  ----------  --------------  -------------------
/opt/airflow/dags/main.py                           1           0  0.57s           2026-05-14T18:58:22
================================================================================
[2026-05-14T18:59:10.709+0000] {manager.py:878} INFO - 
================================================================================
DAG File Processing Stats

File Path                  PID    Runtime      # DAGs    # Errors  Last Runtime    Last Run
-------------------------  -----  ---------  --------  ----------  --------------  -------------------
/opt/airflow/dags/main.py                           1           0  0.38s           2026-05-14T18:58:53
================================================================================
[2026-05-14T18:59:37.510+0000] {manager.py:737} INFO - Searching for files in /opt/airflow/dags
[2026-05-14T18:59:38.131+0000] {manager.py:740} INFO - There are 1 files in /opt/airflow/dags
[2026-05-14T18:59:41.237+0000] {manager.py:878} INFO - 
================================================================================
DAG File Processing Stats

File Path                  PID    Runtime      # DAGs    # Errors  Last Runtime    Last Run
-------------------------  -----  ---------  --------  ----------  --------------  -------------------
/opt/airflow/dags/main.py                           1           0  0.49s           2026-05-14T18:59:24
================================================================================
[2026-05-14T19:00:11.811+0000] {manager.py:878} INFO - 
================================================================================
DAG File Processing Stats

File Path                  PID    Runtime      # DAGs    # Errors  Last Runtime    Last Run
-------------------------  -----  ---------  --------  ----------  --------------  -------------------
/opt/airflow/dags/main.py                           1           0  0.33s           2026-05-14T18:59:54
================================================================================
[2026-05-14T19:00:42.148+0000] {manager.py:878} INFO - 
================================================================================
DAG File Processing Stats

File Path                  PID    Runtime      # DAGs    # Errors  Last Runtime    Last Run
-------------------------  -----  ---------  --------  ----------  --------------  -------------------
/opt/airflow/dags/main.py                           1           0  0.73s           2026-05-14T19:00:25
================================================================================
[2026-05-14T19:01:12.159+0000] {manager.py:878} INFO - 
================================================================================
DAG File Processing Stats

File Path                  PID    Runtime      # DAGs    # Errors  Last Runtime    Last Run
-------------------------  -----  ---------  --------  ----------  --------------  -------------------
/opt/airflow/dags/main.py                           1           0  0.44s           2026-05-14T19:00:56
================================================================================
[2026-05-14T19:01:42.751+0000] {manager.py:878} INFO - 
================================================================================
DAG File Processing Stats

File Path                  PID    Runtime      # DAGs    # Errors  Last Runtime    Last Run
-------------------------  -----  ---------  --------  ----------  --------------  -------------------
/opt/airflow/dags/main.py                           1           0  0.36s           2026-05-14T19:01:27
================================================================================
[2026-05-14T19:02:12.863+0000] {manager.py:878} INFO - 
================================================================================
DAG File Processing Stats

File Path                  PID    Runtime      # DAGs    # Errors  Last Runtime    Last Run
-------------------------  -----  ---------  --------  ----------  --------------  -------------------
/opt/airflow/dags/main.py                           1           0  0.58s           2026-05-14T19:01:58
================================================================================
[2026-05-14T19:02:43.397+0000] {manager.py:878} INFO - 
================================================================================
DAG File Processing Stats

File Path                  PID    Runtime      # DAGs    # Errors  Last Runtime    Last Run
-------------------------  -----  ---------  --------  ----------  --------------  -------------------
/opt/airflow/dags/main.py                           1           0  0.55s           2026-05-14T19:02:29
================================================================================
[2026-05-14T19:03:13.558+0000] {manager.py:878} INFO - 
================================================================================
DAG File Processing Stats

File Path                  PID    Runtime      # DAGs    # Errors  Last Runtime    Last Run
-------------------------  -----  ---------  --------  ----------  --------------  -------------------
/opt/airflow/dags/main.py                           1           0  0.56s           2026-05-14T19:03:00
================================================================================
[2026-05-14T19:03:43.613+0000] {manager.py:878} INFO - 
================================================================================
DAG File Processing Stats

File Path                  PID    Runtime      # DAGs    # Errors  Last Runtime    Last Run
-------------------------  -----  ---------  --------  ----------  --------------  -------------------
/opt/airflow/dags/main.py                           1           0  0.33s           2026-05-14T19:03:30
================================================================================
[2026-05-14T19:04:13.835+0000] {manager.py:878} INFO - 
================================================================================
DAG File Processing Stats

File Path                  PID    Runtime      # DAGs    # Errors  Last Runtime    Last Run
-------------------------  -----  ---------  --------  ----------  --------------  -------------------
/opt/airflow/dags/main.py                           1           0  0.70s           2026-05-14T19:04:01
================================================================================
[2026-05-14T19:04:37.617+0000] {manager.py:737} INFO - Searching for files in /opt/airflow/dags
[2026-05-14T19:04:38.216+0000] {manager.py:740} INFO - There are 1 files in /opt/airflow/dags
[2026-05-14T19:04:44.377+0000] {manager.py:878} INFO - 
================================================================================
DAG File Processing Stats

File Path                  PID    Runtime      # DAGs    # Errors  Last Runtime    Last Run
-------------------------  -----  ---------  --------  ----------  --------------  -------------------
/opt/airflow/dags/main.py                           1           0  0.67s           2026-05-14T19:04:32
================================================================================
[2026-05-14T19:05:14.634+0000] {manager.py:878} INFO - 
================================================================================
DAG File Processing Stats

File Path                  PID    Runtime      # DAGs    # Errors  Last Runtime    Last Run
-------------------------  -----  ---------  --------  ----------  --------------  -------------------
/opt/airflow/dags/main.py                           1           0  0.59s           2026-05-14T19:05:03
================================================================================
[2026-05-14T19:05:44.779+0000] {manager.py:878} INFO - 
================================================================================
DAG File Processing Stats

File Path                  PID    Runtime      # DAGs    # Errors  Last Runtime    Last Run
-------------------------  -----  ---------  --------  ----------  --------------  -------------------
/opt/airflow/dags/main.py                           1           0  1.28s           2026-05-14T19:05:35
================================================================================
[2026-05-14T19:06:15.495+0000] {manager.py:878} INFO - 
================================================================================
DAG File Processing Stats

File Path                  PID    Runtime      # DAGs    # Errors  Last Runtime    Last Run
-------------------------  -----  ---------  --------  ----------  --------------  -------------------
/opt/airflow/dags/main.py                           1           0  1.20s           2026-05-14T19:06:07
================================================================================
[2026-05-14T19:06:45.752+0000] {manager.py:878} INFO - 
================================================================================
DAG File Processing Stats

File Path                  PID    Runtime      # DAGs    # Errors  Last Runtime    Last Run
-------------------------  -----  ---------  --------  ----------  --------------  -------------------
/opt/airflow/dags/main.py                           1           0  1.15s           2026-05-14T19:06:38
================================================================================
[2026-05-14T19:07:16.162+0000] {manager.py:878} INFO - 
================================================================================
DAG File Processing Stats

File Path                  PID    Runtime      # DAGs    # Errors  Last Runtime    Last Run
-------------------------  -----  ---------  --------  ----------  --------------  -------------------
/opt/airflow/dags/main.py                           1           0  0.65s           2026-05-14T19:07:10
================================================================================
[2026-05-14T19:07:46.256+0000] {manager.py:878} INFO - 
================================================================================
DAG File Processing Stats

File Path                  PID    Runtime      # DAGs    # Errors  Last Runtime    Last Run
-------------------------  -----  ---------  --------  ----------  --------------  -------------------
/opt/airflow/dags/main.py                           1           0  0.49s           2026-05-14T19:07:41
================================================================================
[2026-05-14T19:08:16.917+0000] {manager.py:878} INFO - 
================================================================================
DAG File Processing Stats

File Path                  PID    Runtime      # DAGs    # Errors  Last Runtime    Last Run
-------------------------  -----  ---------  --------  ----------  --------------  -------------------
/opt/airflow/dags/main.py                           1           0  1.49s           2026-05-14T19:08:12
================================================================================
[2026-05-14T19:08:47.093+0000] {manager.py:878} INFO - 
================================================================================
DAG File Processing Stats

File Path                  PID    Runtime      # DAGs    # Errors  Last Runtime    Last Run
-------------------------  -----  ---------  --------  ----------  --------------  -------------------
/opt/airflow/dags/main.py                           1           0  2.46s           2026-05-14T19:08:46
================================================================================
[2026-05-14T19:09:17.987+0000] {manager.py:878} INFO - 
================================================================================
DAG File Processing Stats

File Path                    PID  Runtime      # DAGs    # Errors  Last Runtime    Last Run
-------------------------  -----  ---------  --------  ----------  --------------  -------------------
/opt/airflow/dags/main.py   3530  1.08s             1           0  2.46s           2026-05-14T19:08:46
================================================================================
[2026-05-14T19:09:38.368+0000] {manager.py:737} INFO - Searching for files in /opt/airflow/dags
[2026-05-14T19:09:41.056+0000] {manager.py:740} INFO - There are 1 files in /opt/airflow/dags
[2026-05-14T19:09:48.285+0000] {manager.py:878} INFO - 
================================================================================
DAG File Processing Stats

File Path                  PID    Runtime      # DAGs    # Errors  Last Runtime    Last Run
-------------------------  -----  ---------  --------  ----------  --------------  -------------------
/opt/airflow/dags/main.py                           1           0  1.76s           2026-05-14T19:09:18
================================================================================
[2026-05-14T19:10:18.788+0000] {manager.py:878} INFO - 
================================================================================
DAG File Processing Stats

File Path                  PID    Runtime      # DAGs    # Errors  Last Runtime    Last Run
-------------------------  -----  ---------  --------  ----------  --------------  -------------------
/opt/airflow/dags/main.py                           1           0  0.72s           2026-05-14T19:09:50
================================================================================
[2026-05-14T19:10:49.025+0000] {manager.py:878} INFO - 
================================================================================
DAG File Processing Stats

File Path                  PID    Runtime      # DAGs    # Errors  Last Runtime    Last Run
-------------------------  -----  ---------  --------  ----------  --------------  -------------------
/opt/airflow/dags/main.py                           1           0  0.95s           2026-05-14T19:10:21
================================================================================
[2026-05-14T19:11:19.166+0000] {manager.py:878} INFO - 
================================================================================
DAG File Processing Stats

File Path                  PID    Runtime      # DAGs    # Errors  Last Runtime    Last Run
-------------------------  -----  ---------  --------  ----------  --------------  -------------------
/opt/airflow/dags/main.py                           1           0  0.83s           2026-05-14T19:10:53
================================================================================
[2026-05-14T19:11:49.205+0000] {manager.py:878} INFO - 
================================================================================
DAG File Processing Stats

File Path                  PID    Runtime      # DAGs    # Errors  Last Runtime    Last Run
-------------------------  -----  ---------  --------  ----------  --------------  -------------------
/opt/airflow/dags/main.py                           1           0  1.77s           2026-05-14T19:11:25
================================================================================
[2026-05-14T19:12:19.632+0000] {manager.py:878} INFO - 
================================================================================
DAG File Processing Stats

File Path                  PID    Runtime      # DAGs    # Errors  Last Runtime    Last Run
-------------------------  -----  ---------  --------  ----------  --------------  -------------------
/opt/airflow/dags/main.py                           1           0  1.26s           2026-05-14T19:11:57
================================================================================
[2026-05-14T19:12:50.019+0000] {manager.py:878} INFO - 
================================================================================
DAG File Processing Stats

File Path                  PID    Runtime      # DAGs    # Errors  Last Runtime    Last Run
-------------------------  -----  ---------  --------  ----------  --------------  -------------------
/opt/airflow/dags/main.py                           1           0  1.21s           2026-05-14T19:12:29
================================================================================
[2026-05-14T19:13:20.140+0000] {manager.py:878} INFO - 
================================================================================
DAG File Processing Stats

File Path                  PID    Runtime      # DAGs    # Errors  Last Runtime    Last Run
-------------------------  -----  ---------  --------  ----------  --------------  -------------------
/opt/airflow/dags/main.py                           1           0  1.51s           2026-05-14T19:13:00
================================================================================
[2026-05-14T19:13:50.243+0000] {manager.py:878} INFO - 
================================================================================
DAG File Processing Stats

File Path                  PID    Runtime      # DAGs    # Errors  Last Runtime    Last Run
-------------------------  -----  ---------  --------  ----------  --------------  -------------------
/opt/airflow/dags/main.py                           1           0  5.09s           2026-05-14T19:13:37
================================================================================
[2026-05-14T19:14:20.297+0000] {manager.py:878} INFO - 
================================================================================
DAG File Processing Stats

File Path                  PID    Runtime      # DAGs    # Errors  Last Runtime    Last Run
-------------------------  -----  ---------  --------  ----------  --------------  -------------------
/opt/airflow/dags/main.py                           1           0  4.51s           2026-05-14T19:14:12
================================================================================
[2026-05-14T19:14:38.409+0000] {manager.py:737} INFO - Searching for files in /opt/airflow/dags
[2026-05-14T19:14:39.277+0000] {manager.py:740} INFO - There are 1 files in /opt/airflow/dags
[2026-05-14T19:14:50.399+0000] {manager.py:878} INFO - 
================================================================================
DAG File Processing Stats

File Path                  PID    Runtime      # DAGs    # Errors  Last Runtime    Last Run
-------------------------  -----  ---------  --------  ----------  --------------  -------------------
/opt/airflow/dags/main.py                           1           0  1.32s           2026-05-14T19:14:45
================================================================================
[2026-05-14T19:15:20.675+0000] {manager.py:878} INFO - 
================================================================================
DAG File Processing Stats

File Path                  PID    Runtime      # DAGs    # Errors  Last Runtime    Last Run
-------------------------  -----  ---------  --------  ----------  --------------  -------------------
/opt/airflow/dags/main.py                           1           0  1.20s           2026-05-14T19:15:16
================================================================================
[2026-05-14T19:15:50.981+0000] {manager.py:878} INFO - 
================================================================================
DAG File Processing Stats

File Path                  PID    Runtime      # DAGs    # Errors  Last Runtime    Last Run
-------------------------  -----  ---------  --------  ----------  --------------  -------------------
/opt/airflow/dags/main.py                           1           0  1.47s           2026-05-14T19:15:48
================================================================================
[2026-05-14T19:16:21.139+0000] {manager.py:878} INFO - 
================================================================================
DAG File Processing Stats

File Path                  PID    Runtime      # DAGs    # Errors  Last Runtime    Last Run
-------------------------  -----  ---------  --------  ----------  --------------  -------------------
/opt/airflow/dags/main.py                           1           0  0.55s           2026-05-14T19:16:19
================================================================================
[2026-05-14T19:16:51.343+0000] {manager.py:878} INFO - 
================================================================================
DAG File Processing Stats

File Path                  PID    Runtime      # DAGs    # Errors  Last Runtime    Last Run
-------------------------  -----  ---------  --------  ----------  --------------  -------------------
/opt/airflow/dags/main.py                           1           0  0.66s           2026-05-14T19:16:50
================================================================================
[2026-05-14T19:17:21.541+0000] {manager.py:878} INFO - 
================================================================================
DAG File Processing Stats

File Path                  PID    Runtime      # DAGs    # Errors  Last Runtime    Last Run
-------------------------  -----  ---------  --------  ----------  --------------  -------------------
/opt/airflow/dags/main.py                           1           0  0.61s           2026-05-14T19:17:21
================================================================================
[2026-05-14T19:17:51.816+0000] {manager.py:878} INFO - 
================================================================================
DAG File Processing Stats

File Path                    PID  Runtime      # DAGs    # Errors  Last Runtime    Last Run
-------------------------  -----  ---------  --------  ----------  --------------  -------------------
/opt/airflow/dags/main.py   3647  0.03s             1           0  0.61s           2026-05-14T19:17:21
================================================================================
[2026-05-14T19:18:22.764+0000] {manager.py:878} INFO - 
================================================================================
DAG File Processing Stats

File Path                  PID    Runtime      # DAGs    # Errors  Last Runtime    Last Run
-------------------------  -----  ---------  --------  ----------  --------------  -------------------
/opt/airflow/dags/main.py                           1           0  1.21s           2026-05-14T19:17:52
================================================================================
[2026-05-14T19:18:53.212+0000] {manager.py:878} INFO - 
================================================================================
DAG File Processing Stats

File Path                  PID    Runtime      # DAGs    # Errors  Last Runtime    Last Run
-------------------------  -----  ---------  --------  ----------  --------------  -------------------
/opt/airflow/dags/main.py                           1           0  0.71s           2026-05-14T19:18:24
================================================================================
[2026-05-14T19:19:23.310+0000] {manager.py:878} INFO - 
================================================================================
DAG File Processing Stats

File Path                  PID    Runtime      # DAGs    # Errors  Last Runtime    Last Run
-------------------------  -----  ---------  --------  ----------  --------------  -------------------
/opt/airflow/dags/main.py                           1           0  1.03s           2026-05-14T19:18:56
================================================================================
[2026-05-14T19:19:38.753+0000] {manager.py:737} INFO - Searching for files in /opt/airflow/dags
[2026-05-14T19:19:39.137+0000] {manager.py:740} INFO - There are 1 files in /opt/airflow/dags
[2026-05-14T19:19:53.523+0000] {manager.py:878} INFO - 
================================================================================
DAG File Processing Stats

File Path                  PID    Runtime      # DAGs    # Errors  Last Runtime    Last Run
-------------------------  -----  ---------  --------  ----------  --------------  -------------------
/opt/airflow/dags/main.py                           1           0  2.03s           2026-05-14T19:19:28
================================================================================
[2026-05-14T19:20:24.224+0000] {manager.py:878} INFO - 
================================================================================
DAG File Processing Stats

File Path                  PID    Runtime      # DAGs    # Errors  Last Runtime    Last Run
-------------------------  -----  ---------  --------  ----------  --------------  -------------------
/opt/airflow/dags/main.py                           1           0  0.97s           2026-05-14T19:19:59
================================================================================
[2026-05-14T19:20:54.279+0000] {manager.py:878} INFO - 
================================================================================
DAG File Processing Stats

File Path                  PID    Runtime      # DAGs    # Errors  Last Runtime    Last Run
-------------------------  -----  ---------  --------  ----------  --------------  -------------------
/opt/airflow/dags/main.py                           1           0  3.60s           2026-05-14T19:20:35
================================================================================
[2026-05-14T19:21:24.567+0000] {manager.py:878} INFO - 
================================================================================
DAG File Processing Stats

File Path                  PID    Runtime      # DAGs    # Errors  Last Runtime    Last Run
-------------------------  -----  ---------  --------  ----------  --------------  -------------------
/opt/airflow/dags/main.py                           1           0  2.87s           2026-05-14T19:21:08
================================================================================
[2026-05-14T19:21:54.790+0000] {manager.py:878} INFO - 
================================================================================
DAG File Processing Stats

File Path                  PID    Runtime      # DAGs    # Errors  Last Runtime    Last Run
-------------------------  -----  ---------  --------  ----------  --------------  -------------------
/opt/airflow/dags/main.py                           1           0  1.42s           2026-05-14T19:21:40
================================================================================
[2026-05-14T19:22:25.385+0000] {manager.py:878} INFO - 
================================================================================
DAG File Processing Stats

File Path                  PID    Runtime      # DAGs    # Errors  Last Runtime    Last Run
-------------------------  -----  ---------  --------  ----------  --------------  -------------------
/opt/airflow/dags/main.py                           1           0  2.60s           2026-05-14T19:22:16
================================================================================
[2026-05-14T19:22:56.305+0000] {manager.py:878} INFO - 
================================================================================
DAG File Processing Stats

File Path                  PID    Runtime      # DAGs    # Errors  Last Runtime    Last Run
-------------------------  -----  ---------  --------  ----------  --------------  -------------------
/opt/airflow/dags/main.py                           1           0  5.69s           2026-05-14T19:22:53
================================================================================
[2026-05-14T19:23:27.184+0000] {manager.py:878} INFO - 
================================================================================
DAG File Processing Stats

File Path                  PID    Runtime      # DAGs    # Errors  Last Runtime    Last Run
-------------------------  -----  ---------  --------  ----------  --------------  -------------------
/opt/airflow/dags/main.py                           1           0  1.14s           2026-05-14T19:23:25
================================================================================
[2026-05-14T19:23:57.391+0000] {manager.py:878} INFO - 
================================================================================
DAG File Processing Stats

File Path                  PID    Runtime      # DAGs    # Errors  Last Runtime    Last Run
-------------------------  -----  ---------  --------  ----------  --------------  -------------------
/opt/airflow/dags/main.py                           1           0  0.83s           2026-05-14T19:23:57
================================================================================
[2026-05-14T19:24:27.682+0000] {manager.py:878} INFO - 
================================================================================
DAG File Processing Stats

File Path                    PID  Runtime      # DAGs    # Errors  Last Runtime    Last Run
-------------------------  -----  ---------  --------  ----------  --------------  -------------------
/opt/airflow/dags/main.py   3737  0.02s             1           0  0.83s           2026-05-14T19:23:57
================================================================================
[2026-05-14T19:24:39.168+0000] {manager.py:737} INFO - Searching for files in /opt/airflow/dags
[2026-05-14T19:24:39.593+0000] {manager.py:740} INFO - There are 1 files in /opt/airflow/dags
[2026-05-14T19:24:57.877+0000] {manager.py:878} INFO - 
================================================================================
DAG File Processing Stats

File Path                  PID    Runtime      # DAGs    # Errors  Last Runtime    Last Run
-------------------------  -----  ---------  --------  ----------  --------------  -------------------
/opt/airflow/dags/main.py                           1           0  0.46s           2026-05-14T19:24:28
================================================================================
[2026-05-14T19:25:27.915+0000] {manager.py:878} INFO - 
================================================================================
DAG File Processing Stats

File Path                  PID    Runtime      # DAGs    # Errors  Last Runtime    Last Run
-------------------------  -----  ---------  --------  ----------  --------------  -------------------
/opt/airflow/dags/main.py                           1           0  1.34s           2026-05-14T19:24:59
================================================================================
[2026-05-14T19:25:57.976+0000] {manager.py:878} INFO - 
================================================================================
DAG File Processing Stats

File Path                  PID    Runtime      # DAGs    # Errors  Last Runtime    Last Run
-------------------------  -----  ---------  --------  ----------  --------------  -------------------
/opt/airflow/dags/main.py                           1           0  1.47s           2026-05-14T19:25:31
================================================================================
[2026-05-14T19:26:28.192+0000] {manager.py:878} INFO - 
================================================================================
DAG File Processing Stats

File Path                  PID    Runtime      # DAGs    # Errors  Last Runtime    Last Run
-------------------------  -----  ---------  --------  ----------  --------------  -------------------
/opt/airflow/dags/main.py                           1           0  1.46s           2026-05-14T19:26:03
================================================================================
[2026-05-14T19:26:58.217+0000] {manager.py:878} INFO - 
================================================================================
DAG File Processing Stats

File Path                  PID    Runtime      # DAGs    # Errors  Last Runtime    Last Run
-------------------------  -----  ---------  --------  ----------  --------------  -------------------
/opt/airflow/dags/main.py                           1           0  1.23s           2026-05-14T19:26:34
================================================================================
[2026-05-14T19:27:28.524+0000] {manager.py:878} INFO - 
================================================================================
DAG File Processing Stats

File Path                  PID    Runtime      # DAGs    # Errors  Last Runtime    Last Run
-------------------------  -----  ---------  --------  ----------  --------------  -------------------
/opt/airflow/dags/main.py                           1           0  0.53s           2026-05-14T19:27:05
================================================================================
[2026-05-14T19:27:59.262+0000] {manager.py:878} INFO - 
================================================================================
DAG File Processing Stats

File Path                  PID    Runtime      # DAGs    # Errors  Last Runtime    Last Run
-------------------------  -----  ---------  --------  ----------  --------------  -------------------
/opt/airflow/dags/main.py                           1           0  0.60s           2026-05-14T19:27:36
================================================================================
[2026-05-14T19:28:29.500+0000] {manager.py:878} INFO - 
================================================================================
DAG File Processing Stats

File Path                  PID    Runtime      # DAGs    # Errors  Last Runtime    Last Run
-------------------------  -----  ---------  --------  ----------  --------------  -------------------
/opt/airflow/dags/main.py                           1           0  0.89s           2026-05-14T19:28:07
================================================================================
[2026-05-14T19:28:59.726+0000] {manager.py:878} INFO - 
================================================================================
DAG File Processing Stats

File Path                  PID    Runtime      # DAGs    # Errors  Last Runtime    Last Run
-------------------------  -----  ---------  --------  ----------  --------------  -------------------
/opt/airflow/dags/main.py                           1           0  2.48s           2026-05-14T19:28:40
================================================================================
[2026-05-14T19:29:30.389+0000] {manager.py:878} INFO - 
================================================================================
DAG File Processing Stats

File Path                  PID    Runtime      # DAGs    # Errors  Last Runtime    Last Run
-------------------------  -----  ---------  --------  ----------  --------------  -------------------
/opt/airflow/dags/main.py                           1           0  0.27s           2026-05-14T19:29:11
================================================================================
[2026-05-14T19:29:39.468+0000] {manager.py:737} INFO - Searching for files in /opt/airflow/dags
[2026-05-14T19:29:39.698+0000] {manager.py:740} INFO - There are 1 files in /opt/airflow/dags
[2026-05-14T19:30:00.517+0000] {manager.py:878} INFO - 
================================================================================
DAG File Processing Stats

File Path                  PID    Runtime      # DAGs    # Errors  Last Runtime    Last Run
-------------------------  -----  ---------  --------  ----------  --------------  -------------------
/opt/airflow/dags/main.py                           1           0  0.57s           2026-05-14T19:29:42
================================================================================
[2026-05-14T19:30:31.078+0000] {manager.py:878} INFO - 
================================================================================
DAG File Processing Stats

File Path                  PID    Runtime      # DAGs    # Errors  Last Runtime    Last Run
-------------------------  -----  ---------  --------  ----------  --------------  -------------------
/opt/airflow/dags/main.py                           1           0  0.34s           2026-05-14T19:30:13
================================================================================
[2026-05-14T19:31:01.233+0000] {manager.py:878} INFO - 
================================================================================
DAG File Processing Stats

File Path                  PID    Runtime      # DAGs    # Errors  Last Runtime    Last Run
-------------------------  -----  ---------  --------  ----------  --------------  -------------------
/opt/airflow/dags/main.py                           1           0  0.63s           2026-05-14T19:30:43
================================================================================
[2026-05-14T19:31:31.778+0000] {manager.py:878} INFO - 
================================================================================
DAG File Processing Stats

File Path                  PID    Runtime      # DAGs    # Errors  Last Runtime    Last Run
-------------------------  -----  ---------  --------  ----------  --------------  -------------------
/opt/airflow/dags/main.py                           1           0  0.59s           2026-05-14T19:31:14
================================================================================
[2026-05-14T19:32:02.456+0000] {manager.py:878} INFO - 
================================================================================
DAG File Processing Stats

File Path                  PID    Runtime      # DAGs    # Errors  Last Runtime    Last Run
-------------------------  -----  ---------  --------  ----------  --------------  -------------------
/opt/airflow/dags/main.py                           1           0  0.33s           2026-05-14T19:31:45
================================================================================
[2026-05-14T19:32:32.855+0000] {manager.py:878} INFO - 
================================================================================
DAG File Processing Stats

File Path                  PID    Runtime      # DAGs    # Errors  Last Runtime    Last Run
-------------------------  -----  ---------  --------  ----------  --------------  -------------------
/opt/airflow/dags/main.py                           1           0  0.36s           2026-05-14T19:32:16
================================================================================
[2026-05-14T19:33:03.580+0000] {manager.py:878} INFO - 
================================================================================
DAG File Processing Stats

File Path                  PID    Runtime      # DAGs    # Errors  Last Runtime    Last Run
-------------------------  -----  ---------  --------  ----------  --------------  -------------------
/opt/airflow/dags/main.py                           1           0  0.33s           2026-05-14T19:32:46
================================================================================
[2026-05-14T19:33:34.043+0000] {manager.py:878} INFO - 
================================================================================
DAG File Processing Stats

File Path                  PID    Runtime      # DAGs    # Errors  Last Runtime    Last Run
-------------------------  -----  ---------  --------  ----------  --------------  -------------------
/opt/airflow/dags/main.py                           1           0  0.34s           2026-05-14T19:33:17
================================================================================
[2026-05-14T19:34:04.421+0000] {manager.py:878} INFO - 
================================================================================
DAG File Processing Stats

File Path                  PID    Runtime      # DAGs    # Errors  Last Runtime    Last Run
-------------------------  -----  ---------  --------  ----------  --------------  -------------------
/opt/airflow/dags/main.py                           1           0  0.40s           2026-05-14T19:33:47
================================================================================
[2026-05-14T19:34:34.618+0000] {manager.py:878} INFO - 
================================================================================
DAG File Processing Stats

File Path                  PID    Runtime      # DAGs    # Errors  Last Runtime    Last Run
-------------------------  -----  ---------  --------  ----------  --------------  -------------------
/opt/airflow/dags/main.py                           1           0  0.33s           2026-05-14T19:34:18
================================================================================
[2026-05-14T19:34:39.659+0000] {manager.py:737} INFO - Searching for files in /opt/airflow/dags
[2026-05-14T19:34:39.932+0000] {manager.py:740} INFO - There are 1 files in /opt/airflow/dags
[2026-05-14T19:35:05.580+0000] {manager.py:878} INFO - 
================================================================================
DAG File Processing Stats

File Path                  PID    Runtime      # DAGs    # Errors  Last Runtime    Last Run
-------------------------  -----  ---------  --------  ----------  --------------  -------------------
/opt/airflow/dags/main.py                           1           0  0.35s           2026-05-14T19:34:49
================================================================================
[2026-05-14T19:35:36.288+0000] {manager.py:878} INFO - 
================================================================================
DAG File Processing Stats

File Path                  PID    Runtime      # DAGs    # Errors  Last Runtime    Last Run
-------------------------  -----  ---------  --------  ----------  --------------  -------------------
/opt/airflow/dags/main.py                           1           0  0.54s           2026-05-14T19:35:20
================================================================================
[2026-05-14T19:36:06.885+0000] {manager.py:878} INFO - 
================================================================================
DAG File Processing Stats

File Path                  PID    Runtime      # DAGs    # Errors  Last Runtime    Last Run
-------------------------  -----  ---------  --------  ----------  --------------  -------------------
/opt/airflow/dags/main.py                           1           0  0.34s           2026-05-14T19:35:50
================================================================================
[2026-05-14T19:36:37.414+0000] {manager.py:878} INFO - 
================================================================================
DAG File Processing Stats

File Path                  PID    Runtime      # DAGs    # Errors  Last Runtime    Last Run
-------------------------  -----  ---------  --------  ----------  --------------  -------------------
/opt/airflow/dags/main.py                           1           0  0.43s           2026-05-14T19:36:21
================================================================================
[2026-05-14T19:37:08.092+0000] {manager.py:878} INFO - 
================================================================================
DAG File Processing Stats

File Path                  PID    Runtime      # DAGs    # Errors  Last Runtime    Last Run
-------------------------  -----  ---------  --------  ----------  --------------  -------------------
/opt/airflow/dags/main.py                           1           0  0.31s           2026-05-14T19:36:51
================================================================================
[2026-05-14T19:37:38.488+0000] {manager.py:878} INFO - 
================================================================================
DAG File Processing Stats

File Path                  PID    Runtime      # DAGs    # Errors  Last Runtime    Last Run
-------------------------  -----  ---------  --------  ----------  --------------  -------------------
/opt/airflow/dags/main.py                           1           0  0.25s           2026-05-14T19:37:22
================================================================================
[2026-05-14T19:38:09.050+0000] {manager.py:878} INFO - 
================================================================================
DAG File Processing Stats

File Path                  PID    Runtime      # DAGs    # Errors  Last Runtime    Last Run
-------------------------  -----  ---------  --------  ----------  --------------  -------------------
/opt/airflow/dags/main.py                           1           0  0.45s           2026-05-14T19:37:53
================================================================================
[2026-05-14T19:38:39.441+0000] {manager.py:878} INFO - 
================================================================================
DAG File Processing Stats

File Path                  PID    Runtime      # DAGs    # Errors  Last Runtime    Last Run
-------------------------  -----  ---------  --------  ----------  --------------  -------------------
/opt/airflow/dags/main.py                           1           0  0.32s           2026-05-14T19:38:23
================================================================================
[2026-05-14T19:39:10.097+0000] {manager.py:878} INFO - 
================================================================================
DAG File Processing Stats

File Path                  PID    Runtime      # DAGs    # Errors  Last Runtime    Last Run
-------------------------  -----  ---------  --------  ----------  --------------  -------------------
/opt/airflow/dags/main.py                           1           0  0.43s           2026-05-14T19:38:54
================================================================================
[2026-05-14T19:39:39.848+0000] {manager.py:737} INFO - Searching for files in /opt/airflow/dags
[2026-05-14T19:39:40.084+0000] {manager.py:740} INFO - There are 1 files in /opt/airflow/dags
[2026-05-14T19:39:40.115+0000] {manager.py:878} INFO - 
================================================================================
DAG File Processing Stats

File Path                  PID    Runtime      # DAGs    # Errors  Last Runtime    Last Run
-------------------------  -----  ---------  --------  ----------  --------------  -------------------
/opt/airflow/dags/main.py                           1           0  0.37s           2026-05-14T19:39:24
================================================================================
[2026-05-14T19:40:10.437+0000] {manager.py:878} INFO - 
================================================================================
DAG File Processing Stats

File Path                  PID    Runtime      # DAGs    # Errors  Last Runtime    Last Run
-------------------------  -----  ---------  --------  ----------  --------------  -------------------
/opt/airflow/dags/main.py                           1           0  0.46s           2026-05-14T19:39:55
================================================================================
[2026-05-14T19:40:40.895+0000] {manager.py:878} INFO - 
================================================================================
DAG File Processing Stats

File Path                  PID    Runtime      # DAGs    # Errors  Last Runtime    Last Run
-------------------------  -----  ---------  --------  ----------  --------------  -------------------
/opt/airflow/dags/main.py                           1           0  0.33s           2026-05-14T19:40:25
================================================================================
[2026-05-14T19:41:11.473+0000] {manager.py:878} INFO - 
================================================================================
DAG File Processing Stats

File Path                  PID    Runtime      # DAGs    # Errors  Last Runtime    Last Run
-------------------------  -----  ---------  --------  ----------  --------------  -------------------
/opt/airflow/dags/main.py                           1           0  0.37s           2026-05-14T19:40:56
================================================================================
[2026-05-14T19:41:42.020+0000] {manager.py:878} INFO - 
================================================================================
DAG File Processing Stats

File Path                  PID    Runtime      # DAGs    # Errors  Last Runtime    Last Run
-------------------------  -----  ---------  --------  ----------  --------------  -------------------
/opt/airflow/dags/main.py                           1           0  0.42s           2026-05-14T19:41:27
================================================================================
[2026-05-14T19:42:12.115+0000] {manager.py:878} INFO - 
================================================================================
DAG File Processing Stats

File Path                  PID    Runtime      # DAGs    # Errors  Last Runtime    Last Run
-------------------------  -----  ---------  --------  ----------  --------------  -------------------
/opt/airflow/dags/main.py                           1           0  0.31s           2026-05-14T19:41:57
================================================================================
[2026-05-14T19:42:42.476+0000] {manager.py:878} INFO - 
================================================================================
DAG File Processing Stats

File Path                  PID    Runtime      # DAGs    # Errors  Last Runtime    Last Run
-------------------------  -----  ---------  --------  ----------  --------------  -------------------
/opt/airflow/dags/main.py                           1           0  0.52s           2026-05-14T19:42:28
================================================================================
[2026-05-14T19:43:12.808+0000] {manager.py:878} INFO - 
================================================================================
DAG File Processing Stats

File Path                  PID    Runtime      # DAGs    # Errors  Last Runtime    Last Run
-------------------------  -----  ---------  --------  ----------  --------------  -------------------
/opt/airflow/dags/main.py                           1           0  0.54s           2026-05-14T19:42:59
================================================================================
[2026-05-14T19:43:43.550+0000] {manager.py:878} INFO - 
================================================================================
DAG File Processing Stats

File Path                  PID    Runtime      # DAGs    # Errors  Last Runtime    Last Run
-------------------------  -----  ---------  --------  ----------  --------------  -------------------
/opt/airflow/dags/main.py                           1           0  0.38s           2026-05-14T19:43:30
================================================================================
[2026-05-14T19:44:13.662+0000] {manager.py:878} INFO - 
================================================================================
DAG File Processing Stats

File Path                  PID    Runtime      # DAGs    # Errors  Last Runtime    Last Run
-------------------------  -----  ---------  --------  ----------  --------------  -------------------
/opt/airflow/dags/main.py                           1           0  0.41s           2026-05-14T19:44:01
================================================================================
[2026-05-14T19:44:40.501+0000] {manager.py:737} INFO - Searching for files in /opt/airflow/dags
[2026-05-14T19:44:40.692+0000] {manager.py:740} INFO - There are 1 files in /opt/airflow/dags
[2026-05-14T19:44:43.758+0000] {manager.py:878} INFO - 
================================================================================
DAG File Processing Stats

File Path                  PID    Runtime      # DAGs    # Errors  Last Runtime    Last Run
-------------------------  -----  ---------  --------  ----------  --------------  -------------------
/opt/airflow/dags/main.py                           1           0  0.31s           2026-05-14T19:44:31
================================================================================
[2026-05-14T19:45:14.192+0000] {manager.py:878} INFO - 
================================================================================
DAG File Processing Stats

File Path                  PID    Runtime      # DAGs    # Errors  Last Runtime    Last Run
-------------------------  -----  ---------  --------  ----------  --------------  -------------------
/opt/airflow/dags/main.py                           1           0  0.33s           2026-05-14T19:45:02
================================================================================
[2026-05-14T19:45:44.942+0000] {manager.py:878} INFO - 
================================================================================
DAG File Processing Stats

File Path                  PID    Runtime      # DAGs    # Errors  Last Runtime    Last Run
-------------------------  -----  ---------  --------  ----------  --------------  -------------------
/opt/airflow/dags/main.py                           1           0  0.31s           2026-05-14T19:45:32
================================================================================
[2026-05-14T19:46:15.563+0000] {manager.py:878} INFO - 
================================================================================
DAG File Processing Stats

File Path                  PID    Runtime      # DAGs    # Errors  Last Runtime    Last Run
-------------------------  -----  ---------  --------  ----------  --------------  -------------------
/opt/airflow/dags/main.py                           1           0  1.34s           2026-05-14T19:46:04
================================================================================
[2026-05-14T19:46:45.801+0000] {manager.py:878} INFO - 
================================================================================
DAG File Processing Stats

File Path                  PID    Runtime      # DAGs    # Errors  Last Runtime    Last Run
-------------------------  -----  ---------  --------  ----------  --------------  -------------------
/opt/airflow/dags/main.py                           1           0  0.74s           2026-05-14T19:46:35
================================================================================
[2026-05-14T19:47:16.578+0000] {manager.py:878} INFO - 
================================================================================
DAG File Processing Stats

File Path                  PID    Runtime      # DAGs    # Errors  Last Runtime    Last Run
-------------------------  -----  ---------  --------  ----------  --------------  -------------------
/opt/airflow/dags/main.py                           1           0  0.51s           2026-05-14T19:47:06
================================================================================
[2026-05-14T19:47:46.634+0000] {manager.py:878} INFO - 
================================================================================
DAG File Processing Stats

File Path                  PID    Runtime      # DAGs    # Errors  Last Runtime    Last Run
-------------------------  -----  ---------  --------  ----------  --------------  -------------------
/opt/airflow/dags/main.py                           1           0  0.58s           2026-05-14T19:47:37
================================================================================
[2026-05-14T19:48:17.035+0000] {manager.py:878} INFO - 
================================================================================
DAG File Processing Stats

File Path                  PID    Runtime      # DAGs    # Errors  Last Runtime    Last Run
-------------------------  -----  ---------  --------  ----------  --------------  -------------------
/opt/airflow/dags/main.py                           1           0  0.33s           2026-05-14T19:48:08
================================================================================
[2026-05-14T19:48:47.707+0000] {manager.py:878} INFO - 
================================================================================
DAG File Processing Stats

File Path                  PID    Runtime      # DAGs    # Errors  Last Runtime    Last Run
-------------------------  -----  ---------  --------  ----------  --------------  -------------------
/opt/airflow/dags/main.py                           1           0  0.35s           2026-05-14T19:48:38
================================================================================
[2026-05-14T19:49:18.215+0000] {manager.py:878} INFO - 
================================================================================
DAG File Processing Stats

File Path                  PID    Runtime      # DAGs    # Errors  Last Runtime    Last Run
-------------------------  -----  ---------  --------  ----------  --------------  -------------------
/opt/airflow/dags/main.py                           1           0  0.42s           2026-05-14T19:49:09
================================================================================
[2026-05-14T19:49:40.768+0000] {manager.py:737} INFO - Searching for files in /opt/airflow/dags
[2026-05-14T19:49:41.040+0000] {manager.py:740} INFO - There are 1 files in /opt/airflow/dags
[2026-05-14T19:49:48.234+0000] {manager.py:878} INFO - 
================================================================================
DAG File Processing Stats

File Path                  PID    Runtime      # DAGs    # Errors  Last Runtime    Last Run
-------------------------  -----  ---------  --------  ----------  --------------  -------------------
/opt/airflow/dags/main.py                           1           0  0.66s           2026-05-14T19:49:40
================================================================================
[2026-05-14T19:50:18.825+0000] {manager.py:878} INFO - 
================================================================================
DAG File Processing Stats

File Path                  PID    Runtime      # DAGs    # Errors  Last Runtime    Last Run
-------------------------  -----  ---------  --------  ----------  --------------  -------------------
/opt/airflow/dags/main.py                           1           0  0.28s           2026-05-14T19:50:10
================================================================================
[2026-05-14T19:50:49.188+0000] {manager.py:878} INFO - 
================================================================================
DAG File Processing Stats

File Path                  PID    Runtime      # DAGs    # Errors  Last Runtime    Last Run
-------------------------  -----  ---------  --------  ----------  --------------  -------------------
/opt/airflow/dags/main.py                           1           0  0.25s           2026-05-14T19:50:41
================================================================================
[2026-05-14T19:51:19.631+0000] {manager.py:878} INFO - 
================================================================================
DAG File Processing Stats

File Path                  PID    Runtime      # DAGs    # Errors  Last Runtime    Last Run
-------------------------  -----  ---------  --------  ----------  --------------  -------------------
/opt/airflow/dags/main.py                           1           0  0.56s           2026-05-14T19:51:12
================================================================================
[2026-05-14T19:51:50.258+0000] {manager.py:878} INFO - 
================================================================================
DAG File Processing Stats

File Path                  PID    Runtime      # DAGs    # Errors  Last Runtime    Last Run
-------------------------  -----  ---------  --------  ----------  --------------  -------------------
/opt/airflow/dags/main.py                           1           0  0.42s           2026-05-14T19:51:43
================================================================================
[2026-05-14T19:52:20.357+0000] {manager.py:878} INFO - 
================================================================================
DAG File Processing Stats

File Path                  PID    Runtime      # DAGs    # Errors  Last Runtime    Last Run
-------------------------  -----  ---------  --------  ----------  --------------  -------------------
/opt/airflow/dags/main.py                           1           0  0.37s           2026-05-14T19:52:13
================================================================================
[2026-05-14T19:52:50.897+0000] {manager.py:878} INFO - 
================================================================================
DAG File Processing Stats

File Path                  PID    Runtime      # DAGs    # Errors  Last Runtime    Last Run
-------------------------  -----  ---------  --------  ----------  --------------  -------------------
/opt/airflow/dags/main.py                           1           0  0.83s           2026-05-14T19:52:44
================================================================================
[2026-05-14T19:53:21.277+0000] {manager.py:878} INFO - 
================================================================================
DAG File Processing Stats

File Path                  PID    Runtime      # DAGs    # Errors  Last Runtime    Last Run
-------------------------  -----  ---------  --------  ----------  --------------  -------------------
/opt/airflow/dags/main.py                           1           0  0.29s           2026-05-14T19:53:15
================================================================================
[2026-05-14T19:53:52.074+0000] {manager.py:878} INFO - 
================================================================================
DAG File Processing Stats

File Path                  PID    Runtime      # DAGs    # Errors  Last Runtime    Last Run
-------------------------  -----  ---------  --------  ----------  --------------  -------------------
/opt/airflow/dags/main.py                           1           0  0.29s           2026-05-14T19:53:46
================================================================================
[2026-05-14T19:54:22.617+0000] {manager.py:878} INFO - 
================================================================================
DAG File Processing Stats

File Path                  PID    Runtime      # DAGs    # Errors  Last Runtime    Last Run
-------------------------  -----  ---------  --------  ----------  --------------  -------------------
/opt/airflow/dags/main.py                           1           0  0.40s           2026-05-14T19:54:16
================================================================================
[2026-05-14T19:54:40.803+0000] {manager.py:737} INFO - Searching for files in /opt/airflow/dags
[2026-05-14T19:54:41.040+0000] {manager.py:740} INFO - There are 1 files in /opt/airflow/dags
[2026-05-14T19:54:53.400+0000] {manager.py:878} INFO - 
================================================================================
DAG File Processing Stats

File Path                  PID    Runtime      # DAGs    # Errors  Last Runtime    Last Run
-------------------------  -----  ---------  --------  ----------  --------------  -------------------
/opt/airflow/dags/main.py                           1           0  0.42s           2026-05-14T19:54:47
================================================================================
[2026-05-14T19:55:23.926+0000] {manager.py:878} INFO - 
================================================================================
DAG File Processing Stats

File Path                  PID    Runtime      # DAGs    # Errors  Last Runtime    Last Run
-------------------------  -----  ---------  --------  ----------  --------------  -------------------
/opt/airflow/dags/main.py                           1           0  0.28s           2026-05-14T19:55:17
================================================================================
[2026-05-14T19:55:54.361+0000] {manager.py:878} INFO - 
================================================================================
DAG File Processing Stats

File Path                  PID    Runtime      # DAGs    # Errors  Last Runtime    Last Run
-------------------------  -----  ---------  --------  ----------  --------------  -------------------
/opt/airflow/dags/main.py                           1           0  0.50s           2026-05-14T19:55:48
================================================================================
[2026-05-14T19:56:24.523+0000] {manager.py:878} INFO - 
================================================================================
DAG File Processing Stats

File Path                  PID    Runtime      # DAGs    # Errors  Last Runtime    Last Run
-------------------------  -----  ---------  --------  ----------  --------------  -------------------
/opt/airflow/dags/main.py                           1           0  0.25s           2026-05-14T19:56:19
================================================================================
[2026-05-14T19:56:54.852+0000] {manager.py:878} INFO - 
================================================================================
DAG File Processing Stats

File Path                  PID    Runtime      # DAGs    # Errors  Last Runtime    Last Run
-------------------------  -----  ---------  --------  ----------  --------------  -------------------
/opt/airflow/dags/main.py                           1           0  0.28s           2026-05-14T19:56:49
================================================================================
[2026-05-14T19:57:25.331+0000] {manager.py:878} INFO - 
================================================================================
DAG File Processing Stats

File Path                  PID    Runtime      # DAGs    # Errors  Last Runtime    Last Run
-------------------------  -----  ---------  --------  ----------  --------------  -------------------
/opt/airflow/dags/main.py                           1           0  0.26s           2026-05-14T19:57:20
================================================================================
[2026-05-14T19:57:56.072+0000] {manager.py:878} INFO - 
================================================================================
DAG File Processing Stats

File Path                  PID    Runtime      # DAGs    # Errors  Last Runtime    Last Run
-------------------------  -----  ---------  --------  ----------  --------------  -------------------
/opt/airflow/dags/main.py                           1           0  0.35s           2026-05-14T19:57:51
================================================================================
[2026-05-14T19:58:26.761+0000] {manager.py:878} INFO - 
================================================================================
DAG File Processing Stats

File Path                  PID    Runtime      # DAGs    # Errors  Last Runtime    Last Run
-------------------------  -----  ---------  --------  ----------  --------------  -------------------
/opt/airflow/dags/main.py                           1           0  0.27s           2026-05-14T19:58:21
================================================================================
[2026-05-14T19:58:57.349+0000] {manager.py:878} INFO - 
================================================================================
DAG File Processing Stats

File Path                  PID    Runtime      # DAGs    # Errors  Last Runtime    Last Run
-------------------------  -----  ---------  --------  ----------  --------------  -------------------
/opt/airflow/dags/main.py                           1           0  0.28s           2026-05-14T19:58:52
================================================================================
[2026-05-14T19:59:27.967+0000] {manager.py:878} INFO - 
================================================================================
DAG File Processing Stats

File Path                  PID    Runtime      # DAGs    # Errors  Last Runtime    Last Run
-------------------------  -----  ---------  --------  ----------  --------------  -------------------
/opt/airflow/dags/main.py                           1           0  0.40s           2026-05-14T19:59:23
================================================================================
[2026-05-14T19:59:41.145+0000] {manager.py:737} INFO - Searching for files in /opt/airflow/dags
[2026-05-14T19:59:41.365+0000] {manager.py:740} INFO - There are 1 files in /opt/airflow/dags
[2026-05-14T19:59:58.414+0000] {manager.py:878} INFO - 
================================================================================
DAG File Processing Stats

File Path                  PID    Runtime      # DAGs    # Errors  Last Runtime    Last Run
-------------------------  -----  ---------  --------  ----------  --------------  -------------------
/opt/airflow/dags/main.py                           1           0  0.55s           2026-05-14T19:59:54
================================================================================
[2026-05-14T20:00:28.676+0000] {manager.py:878} INFO - 
================================================================================
DAG File Processing Stats

File Path                  PID    Runtime      # DAGs    # Errors  Last Runtime    Last Run
-------------------------  -----  ---------  --------  ----------  --------------  -------------------
/opt/airflow/dags/main.py                           1           0  0.77s           2026-05-14T20:00:25
================================================================================
[2026-05-14T20:00:58.767+0000] {manager.py:878} INFO - 
================================================================================
DAG File Processing Stats

File Path                  PID    Runtime      # DAGs    # Errors  Last Runtime    Last Run
-------------------------  -----  ---------  --------  ----------  --------------  -------------------
/opt/airflow/dags/main.py                           1           0  0.73s           2026-05-14T20:00:56
================================================================================
[2026-05-14T20:01:29.228+0000] {manager.py:878} INFO - 
================================================================================
DAG File Processing Stats

File Path                  PID    Runtime      # DAGs    # Errors  Last Runtime    Last Run
-------------------------  -----  ---------  --------  ----------  --------------  -------------------
/opt/airflow/dags/main.py                           1           0  1.30s           2026-05-14T20:01:28
================================================================================
[2026-05-14T20:01:59.540+0000] {manager.py:878} INFO - 
================================================================================
DAG File Processing Stats

File Path                  PID    Runtime      # DAGs    # Errors  Last Runtime    Last Run
-------------------------  -----  ---------  --------  ----------  --------------  -------------------
/opt/airflow/dags/main.py                           1           0  0.66s           2026-05-14T20:01:59
================================================================================
[2026-05-14T20:02:29.734+0000] {manager.py:878} INFO - 
================================================================================
DAG File Processing Stats

File Path                    PID  Runtime      # DAGs    # Errors  Last Runtime    Last Run
-------------------------  -----  ---------  --------  ----------  --------------  -------------------
/opt/airflow/dags/main.py   4268  0.01s             1           0  0.66s           2026-05-14T20:01:59
================================================================================
[2026-05-14T20:03:00.516+0000] {manager.py:878} INFO - 
================================================================================
DAG File Processing Stats

File Path                    PID  Runtime      # DAGs    # Errors  Last Runtime    Last Run
-------------------------  -----  ---------  --------  ----------  --------------  -------------------
/opt/airflow/dags/main.py   4276  0.01s             1           0  0.59s           2026-05-14T20:02:30
================================================================================
[2026-05-14T20:03:30.920+0000] {manager.py:878} INFO - 
================================================================================
DAG File Processing Stats

File Path                    PID  Runtime      # DAGs    # Errors  Last Runtime    Last Run
-------------------------  -----  ---------  --------  ----------  --------------  -------------------
/opt/airflow/dags/main.py   4284  0.01s             1           0  0.37s           2026-05-14T20:03:00
================================================================================
[2026-05-14T20:04:01.669+0000] {manager.py:878} INFO - 
================================================================================
DAG File Processing Stats

File Path                    PID  Runtime      # DAGs    # Errors  Last Runtime    Last Run
-------------------------  -----  ---------  --------  ----------  --------------  -------------------
/opt/airflow/dags/main.py   4291  0.02s             1           0  0.30s           2026-05-14T20:03:31
================================================================================
[2026-05-14T20:04:32.081+0000] {manager.py:878} INFO - 
================================================================================
DAG File Processing Stats

File Path                    PID  Runtime      # DAGs    # Errors  Last Runtime    Last Run
-------------------------  -----  ---------  --------  ----------  --------------  -------------------
/opt/airflow/dags/main.py   4298  0.01s             1           0  0.30s           2026-05-14T20:04:01
================================================================================
[2026-05-14T20:04:41.509+0000] {manager.py:737} INFO - Searching for files in /opt/airflow/dags
[2026-05-14T20:04:41.697+0000] {manager.py:740} INFO - There are 1 files in /opt/airflow/dags
[2026-05-14T20:05:02.910+0000] {manager.py:878} INFO - 
================================================================================
DAG File Processing Stats

File Path                    PID  Runtime      # DAGs    # Errors  Last Runtime    Last Run
-------------------------  -----  ---------  --------  ----------  --------------  -------------------
/opt/airflow/dags/main.py   4304  0.01s             1           0  0.31s           2026-05-14T20:04:32
================================================================================
[2026-05-14T20:05:33.294+0000] {manager.py:878} INFO - 
================================================================================
DAG File Processing Stats

File Path                    PID  Runtime      # DAGs    # Errors  Last Runtime    Last Run
-------------------------  -----  ---------  --------  ----------  --------------  -------------------
/opt/airflow/dags/main.py   4311  0.02s             1           0  0.24s           2026-05-14T20:05:03
================================================================================
[2026-05-14T20:06:03.664+0000] {manager.py:878} INFO - 
================================================================================
DAG File Processing Stats

File Path                    PID  Runtime      # DAGs    # Errors  Last Runtime    Last Run
-------------------------  -----  ---------  --------  ----------  --------------  -------------------
/opt/airflow/dags/main.py   4318  0.01s             1           0  0.26s           2026-05-14T20:05:33
================================================================================
[2026-05-14T20:06:34.401+0000] {manager.py:878} INFO - 
================================================================================
DAG File Processing Stats

File Path                    PID  Runtime      # DAGs    # Errors  Last Runtime    Last Run
-------------------------  -----  ---------  --------  ----------  --------------  -------------------
/opt/airflow/dags/main.py   4325  0.01s             1           0  0.28s           2026-05-14T20:06:03
================================================================================
[2026-05-14T20:07:04.847+0000] {manager.py:878} INFO - 
================================================================================
DAG File Processing Stats

File Path                    PID  Runtime      # DAGs    # Errors  Last Runtime    Last Run
-------------------------  -----  ---------  --------  ----------  --------------  -------------------
/opt/airflow/dags/main.py   4332  0.01s             1           0  0.40s           2026-05-14T20:06:34
================================================================================
[2026-05-14T20:07:35.297+0000] {manager.py:878} INFO - 
================================================================================
DAG File Processing Stats

File Path                    PID  Runtime      # DAGs    # Errors  Last Runtime    Last Run
-------------------------  -----  ---------  --------  ----------  --------------  -------------------
/opt/airflow/dags/main.py   4339  0.01s             1           0  0.24s           2026-05-14T20:07:05
================================================================================
[2026-05-14T20:08:05.904+0000] {manager.py:878} INFO - 
================================================================================
DAG File Processing Stats

File Path                    PID  Runtime      # DAGs    # Errors  Last Runtime    Last Run
-------------------------  -----  ---------  --------  ----------  --------------  -------------------
/opt/airflow/dags/main.py   4346  0.01s             1           0  0.31s           2026-05-14T20:07:35
================================================================================
[2026-05-14T20:08:36.288+0000] {manager.py:878} INFO - 
================================================================================
DAG File Processing Stats

File Path                    PID  Runtime      # DAGs    # Errors  Last Runtime    Last Run
-------------------------  -----  ---------  --------  ----------  --------------  -------------------
/opt/airflow/dags/main.py   4353  0.01s             1           0  0.26s           2026-05-14T20:08:06
================================================================================
[2026-05-14T20:09:06.982+0000] {manager.py:878} INFO - 
================================================================================
DAG File Processing Stats

File Path                    PID  Runtime      # DAGs    # Errors  Last Runtime    Last Run
-------------------------  -----  ---------  --------  ----------  --------------  -------------------
/opt/airflow/dags/main.py   4360  0.01s             1           0  0.33s           2026-05-14T20:08:36
================================================================================
[2026-05-14T20:09:37.357+0000] {manager.py:878} INFO - 
================================================================================
DAG File Processing Stats

File Path                  PID    Runtime      # DAGs    # Errors  Last Runtime    Last Run
-------------------------  -----  ---------  --------  ----------  --------------  -------------------
/opt/airflow/dags/main.py                           1           0  0.39s           2026-05-14T20:09:07
================================================================================
[2026-05-14T20:09:41.886+0000] {manager.py:737} INFO - Searching for files in /opt/airflow/dags
[2026-05-14T20:09:42.083+0000] {manager.py:740} INFO - There are 1 files in /opt/airflow/dags
[2026-05-14T20:10:07.396+0000] {manager.py:878} INFO - 
================================================================================
DAG File Processing Stats

File Path                  PID    Runtime      # DAGs    # Errors  Last Runtime    Last Run
-------------------------  -----  ---------  --------  ----------  --------------  -------------------
/opt/airflow/dags/main.py                           1           0  0.32s           2026-05-14T20:09:38
================================================================================
[2026-05-14T20:10:37.921+0000] {manager.py:878} INFO - 
================================================================================
DAG File Processing Stats

File Path                  PID    Runtime      # DAGs    # Errors  Last Runtime    Last Run
-------------------------  -----  ---------  --------  ----------  --------------  -------------------
/opt/airflow/dags/main.py                           1           0  0.28s           2026-05-14T20:10:08
================================================================================
[2026-05-14T20:11:08.498+0000] {manager.py:878} INFO - 
================================================================================
DAG File Processing Stats

File Path                  PID    Runtime      # DAGs    # Errors  Last Runtime    Last Run
-------------------------  -----  ---------  --------  ----------  --------------  -------------------
/opt/airflow/dags/main.py                           1           0  0.26s           2026-05-14T20:10:39
================================================================================
[2026-05-14T20:11:38.951+0000] {manager.py:878} INFO - 
================================================================================
DAG File Processing Stats

File Path                  PID    Runtime      # DAGs    # Errors  Last Runtime    Last Run
-------------------------  -----  ---------  --------  ----------  --------------  -------------------
/opt/airflow/dags/main.py                           1           0  0.28s           2026-05-14T20:11:09
================================================================================
[2026-05-14T20:12:09.344+0000] {manager.py:878} INFO - 
================================================================================
DAG File Processing Stats

File Path                  PID    Runtime      # DAGs    # Errors  Last Runtime    Last Run
-------------------------  -----  ---------  --------  ----------  --------------  -------------------
/opt/airflow/dags/main.py                           1           0  0.27s           2026-05-14T20:11:40
================================================================================
[2026-05-14T20:12:40.021+0000] {manager.py:878} INFO - 
================================================================================
DAG File Processing Stats

File Path                  PID    Runtime      # DAGs    # Errors  Last Runtime    Last Run
-------------------------  -----  ---------  --------  ----------  --------------  -------------------
/opt/airflow/dags/main.py                           1           0  0.32s           2026-05-14T20:12:10
================================================================================
[2026-05-14T20:13:10.494+0000] {manager.py:878} INFO - 
================================================================================
DAG File Processing Stats

File Path                  PID    Runtime      # DAGs    # Errors  Last Runtime    Last Run
-------------------------  -----  ---------  --------  ----------  --------------  -------------------
/opt/airflow/dags/main.py                           1           0  0.25s           2026-05-14T20:12:41
================================================================================
[2026-05-14T20:13:41.052+0000] {manager.py:878} INFO - 
================================================================================
DAG File Processing Stats

File Path                  PID    Runtime      # DAGs    # Errors  Last Runtime    Last Run
-------------------------  -----  ---------  --------  ----------  --------------  -------------------
/opt/airflow/dags/main.py                           1           0  0.40s           2026-05-14T20:13:11
================================================================================
[2026-05-14T20:14:11.683+0000] {manager.py:878} INFO - 
================================================================================
DAG File Processing Stats

File Path                  PID    Runtime      # DAGs    # Errors  Last Runtime    Last Run
-------------------------  -----  ---------  --------  ----------  --------------  -------------------
/opt/airflow/dags/main.py                           1           0  0.27s           2026-05-14T20:13:42
================================================================================
[2026-05-14T20:14:42.101+0000] {manager.py:737} INFO - Searching for files in /opt/airflow/dags
[2026-05-14T20:14:42.293+0000] {manager.py:740} INFO - There are 1 files in /opt/airflow/dags
[2026-05-14T20:14:42.312+0000] {manager.py:878} INFO - 
================================================================================
DAG File Processing Stats

File Path                  PID    Runtime      # DAGs    # Errors  Last Runtime    Last Run
-------------------------  -----  ---------  --------  ----------  --------------  -------------------
/opt/airflow/dags/main.py                           1           0  0.26s           2026-05-14T20:14:12
================================================================================
[2026-05-14T20:15:12.804+0000] {manager.py:878} INFO - 
================================================================================
DAG File Processing Stats

File Path                  PID    Runtime      # DAGs    # Errors  Last Runtime    Last Run
-------------------------  -----  ---------  --------  ----------  --------------  -------------------
/opt/airflow/dags/main.py                           1           0  0.35s           2026-05-14T20:14:43
================================================================================
[2026-05-14T20:15:43.600+0000] {manager.py:878} INFO - 
================================================================================
DAG File Processing Stats

File Path                  PID    Runtime      # DAGs    # Errors  Last Runtime    Last Run
-------------------------  -----  ---------  --------  ----------  --------------  -------------------
/opt/airflow/dags/main.py                           1           0  0.26s           2026-05-14T20:15:14
================================================================================
[2026-05-14T20:16:13.733+0000] {manager.py:878} INFO - 
================================================================================
DAG File Processing Stats

File Path                  PID    Runtime      # DAGs    # Errors  Last Runtime    Last Run
-------------------------  -----  ---------  --------  ----------  --------------  -------------------
/opt/airflow/dags/main.py                           1           0  0.74s           2026-05-14T20:15:45
================================================================================
[2026-05-14T20:16:44.165+0000] {manager.py:878} INFO - 
================================================================================
DAG File Processing Stats

File Path                  PID    Runtime      # DAGs    # Errors  Last Runtime    Last Run
-------------------------  -----  ---------  --------  ----------  --------------  -------------------
/opt/airflow/dags/main.py                           1           0  0.31s           2026-05-14T20:16:16
================================================================================
[2026-05-14T20:17:14.822+0000] {manager.py:878} INFO - 
================================================================================
DAG File Processing Stats

File Path                  PID    Runtime      # DAGs    # Errors  Last Runtime    Last Run
-------------------------  -----  ---------  --------  ----------  --------------  -------------------
/opt/airflow/dags/main.py                           1           0  0.26s           2026-05-14T20:16:46
================================================================================
[2026-05-14T20:17:45.273+0000] {manager.py:878} INFO - 
================================================================================
DAG File Processing Stats

File Path                  PID    Runtime      # DAGs    # Errors  Last Runtime    Last Run
-------------------------  -----  ---------  --------  ----------  --------------  -------------------
/opt/airflow/dags/main.py                           1           0  0.25s           2026-05-14T20:17:17
================================================================================
[2026-05-14T20:18:15.824+0000] {manager.py:878} INFO - 
================================================================================
DAG File Processing Stats

File Path                  PID    Runtime      # DAGs    # Errors  Last Runtime    Last Run
-------------------------  -----  ---------  --------  ----------  --------------  -------------------
/opt/airflow/dags/main.py                           1           0  0.32s           2026-05-14T20:17:47
================================================================================
[2026-05-14T20:18:46.365+0000] {manager.py:878} INFO - 
================================================================================
DAG File Processing Stats

File Path                  PID    Runtime      # DAGs    # Errors  Last Runtime    Last Run
-------------------------  -----  ---------  --------  ----------  --------------  -------------------
/opt/airflow/dags/main.py                           1           0  0.25s           2026-05-14T20:18:18
================================================================================
[2026-05-14T20:19:16.835+0000] {manager.py:878} INFO - 
================================================================================
DAG File Processing Stats

File Path                  PID    Runtime      # DAGs    # Errors  Last Runtime    Last Run
-------------------------  -----  ---------  --------  ----------  --------------  -------------------
/opt/airflow/dags/main.py                           1           0  0.37s           2026-05-14T20:18:48
================================================================================
[2026-05-14T20:19:42.372+0000] {manager.py:737} INFO - Searching for files in /opt/airflow/dags
[2026-05-14T20:19:42.559+0000] {manager.py:740} INFO - There are 1 files in /opt/airflow/dags
[2026-05-14T20:19:47.678+0000] {manager.py:878} INFO - 
================================================================================
DAG File Processing Stats

File Path                  PID    Runtime      # DAGs    # Errors  Last Runtime    Last Run
-------------------------  -----  ---------  --------  ----------  --------------  -------------------
/opt/airflow/dags/main.py                           1           0  0.27s           2026-05-14T20:19:19
================================================================================
[2026-05-14T20:20:18.108+0000] {manager.py:878} INFO - 
================================================================================
DAG File Processing Stats

File Path                  PID    Runtime      # DAGs    # Errors  Last Runtime    Last Run
-------------------------  -----  ---------  --------  ----------  --------------  -------------------
/opt/airflow/dags/main.py                           1           0  0.35s           2026-05-14T20:19:50
================================================================================
[2026-05-14T20:20:48.477+0000] {manager.py:878} INFO - 
================================================================================
DAG File Processing Stats

File Path                  PID    Runtime      # DAGs    # Errors  Last Runtime    Last Run
-------------------------  -----  ---------  --------  ----------  --------------  -------------------
/opt/airflow/dags/main.py                           1           0  0.25s           2026-05-14T20:20:20
================================================================================
[2026-05-14T20:21:18.996+0000] {manager.py:878} INFO - 
================================================================================
DAG File Processing Stats

File Path                  PID    Runtime      # DAGs    # Errors  Last Runtime    Last Run
-------------------------  -----  ---------  --------  ----------  --------------  -------------------
/opt/airflow/dags/main.py                           1           0  0.28s           2026-05-14T20:20:50
================================================================================
[2026-05-14T20:21:49.494+0000] {manager.py:878} INFO - 
================================================================================
DAG File Processing Stats

File Path                  PID    Runtime      # DAGs    # Errors  Last Runtime    Last Run
-------------------------  -----  ---------  --------  ----------  --------------  -------------------
/opt/airflow/dags/main.py                           1           0  0.27s           2026-05-14T20:21:21
================================================================================
[2026-05-14T20:22:20.086+0000] {manager.py:878} INFO - 
================================================================================
DAG File Processing Stats

File Path                  PID    Runtime      # DAGs    # Errors  Last Runtime    Last Run
-------------------------  -----  ---------  --------  ----------  --------------  -------------------
/opt/airflow/dags/main.py                           1           0  0.30s           2026-05-14T20:21:51
================================================================================
[2026-05-14T20:22:50.502+0000] {manager.py:878} INFO - 
================================================================================
DAG File Processing Stats

File Path                  PID    Runtime      # DAGs    # Errors  Last Runtime    Last Run
-------------------------  -----  ---------  --------  ----------  --------------  -------------------
/opt/airflow/dags/main.py                           1           0  0.29s           2026-05-14T20:22:22
================================================================================
[2026-05-14T20:23:21.151+0000] {manager.py:878} INFO - 
================================================================================
DAG File Processing Stats

File Path                  PID    Runtime      # DAGs    # Errors  Last Runtime    Last Run
-------------------------  -----  ---------  --------  ----------  --------------  -------------------
/opt/airflow/dags/main.py                           1           0  0.26s           2026-05-14T20:22:52
================================================================================
[2026-05-14T20:23:51.593+0000] {manager.py:878} INFO - 
================================================================================
DAG File Processing Stats

File Path                  PID    Runtime      # DAGs    # Errors  Last Runtime    Last Run
-------------------------  -----  ---------  --------  ----------  --------------  -------------------
/opt/airflow/dags/main.py                           1           0  0.27s           2026-05-14T20:23:23
================================================================================
[2026-05-14T20:24:22.280+0000] {manager.py:878} INFO - 
================================================================================
DAG File Processing Stats

File Path                  PID    Runtime      # DAGs    # Errors  Last Runtime    Last Run
-------------------------  -----  ---------  --------  ----------  --------------  -------------------
/opt/airflow/dags/main.py                           1           0  0.27s           2026-05-14T20:23:53
================================================================================
[2026-05-14T20:24:42.596+0000] {manager.py:737} INFO - Searching for files in /opt/airflow/dags
[2026-05-14T20:24:42.791+0000] {manager.py:740} INFO - There are 1 files in /opt/airflow/dags
[2026-05-14T20:24:52.978+0000] {manager.py:878} INFO - 
================================================================================
DAG File Processing Stats

File Path                  PID    Runtime      # DAGs    # Errors  Last Runtime    Last Run
-------------------------  -----  ---------  --------  ----------  --------------  -------------------
/opt/airflow/dags/main.py                           1           0  0.25s           2026-05-14T20:24:24
================================================================================
[2026-05-14T20:25:23.311+0000] {manager.py:878} INFO - 
================================================================================
DAG File Processing Stats

File Path                  PID    Runtime      # DAGs    # Errors  Last Runtime    Last Run
-------------------------  -----  ---------  --------  ----------  --------------  -------------------
/opt/airflow/dags/main.py                           1           0  0.26s           2026-05-14T20:24:55
================================================================================
[2026-05-14T20:25:53.912+0000] {manager.py:878} INFO - 
================================================================================
DAG File Processing Stats

File Path                  PID    Runtime      # DAGs    # Errors  Last Runtime    Last Run
-------------------------  -----  ---------  --------  ----------  --------------  -------------------
/opt/airflow/dags/main.py                           1           0  0.36s           2026-05-14T20:25:25
================================================================================
[2026-05-14T20:26:24.411+0000] {manager.py:878} INFO - 
================================================================================
DAG File Processing Stats

File Path                  PID    Runtime      # DAGs    # Errors  Last Runtime    Last Run
-------------------------  -----  ---------  --------  ----------  --------------  -------------------
/opt/airflow/dags/main.py                           1           0  0.38s           2026-05-14T20:25:56
================================================================================
[2026-05-14T20:26:54.885+0000] {manager.py:878} INFO - 
================================================================================
DAG File Processing Stats

File Path                  PID    Runtime      # DAGs    # Errors  Last Runtime    Last Run
-------------------------  -----  ---------  --------  ----------  --------------  -------------------
/opt/airflow/dags/main.py                           1           0  0.29s           2026-05-14T20:26:26
================================================================================
[2026-05-14T20:27:25.445+0000] {manager.py:878} INFO - 
================================================================================
DAG File Processing Stats

File Path                  PID    Runtime      # DAGs    # Errors  Last Runtime    Last Run
-------------------------  -----  ---------  --------  ----------  --------------  -------------------
/opt/airflow/dags/main.py                           1           0  0.29s           2026-05-14T20:26:57
================================================================================
[2026-05-14T20:27:55.936+0000] {manager.py:878} INFO - 
================================================================================
DAG File Processing Stats

File Path                  PID    Runtime      # DAGs    # Errors  Last Runtime    Last Run
-------------------------  -----  ---------  --------  ----------  --------------  -------------------
/opt/airflow/dags/main.py                           1           0  0.28s           2026-05-14T20:27:27
================================================================================
[2026-05-14T20:28:26.518+0000] {manager.py:878} INFO - 
================================================================================
DAG File Processing Stats

File Path                  PID    Runtime      # DAGs    # Errors  Last Runtime    Last Run
-------------------------  -----  ---------  --------  ----------  --------------  -------------------
/opt/airflow/dags/main.py                           1           0  0.29s           2026-05-14T20:27:58
================================================================================
[2026-05-14T20:28:57.090+0000] {manager.py:878} INFO - 
================================================================================
DAG File Processing Stats

File Path                  PID    Runtime      # DAGs    # Errors  Last Runtime    Last Run
-------------------------  -----  ---------  --------  ----------  --------------  -------------------
/opt/airflow/dags/main.py                           1           0  0.35s           2026-05-14T20:28:28
================================================================================
[2026-05-14T20:29:27.663+0000] {manager.py:878} INFO - 
================================================================================
DAG File Processing Stats

File Path                  PID    Runtime      # DAGs    # Errors  Last Runtime    Last Run
-------------------------  -----  ---------  --------  ----------  --------------  -------------------
/opt/airflow/dags/main.py                           1           0  0.28s           2026-05-14T20:28:59
================================================================================
[2026-05-14T20:29:43.016+0000] {manager.py:737} INFO - Searching for files in /opt/airflow/dags
[2026-05-14T20:29:43.199+0000] {manager.py:740} INFO - There are 1 files in /opt/airflow/dags
[2026-05-14T20:29:58.380+0000] {manager.py:878} INFO - 
================================================================================
DAG File Processing Stats

File Path                  PID    Runtime      # DAGs    # Errors  Last Runtime    Last Run
-------------------------  -----  ---------  --------  ----------  --------------  -------------------
/opt/airflow/dags/main.py                           1           0  0.27s           2026-05-14T20:29:29
================================================================================
[2026-05-14T20:30:28.841+0000] {manager.py:878} INFO - 
================================================================================
DAG File Processing Stats

File Path                  PID    Runtime      # DAGs    # Errors  Last Runtime    Last Run
-------------------------  -----  ---------  --------  ----------  --------------  -------------------
/opt/airflow/dags/main.py                           1           0  0.26s           2026-05-14T20:30:00
================================================================================
[2026-05-14T20:30:59.438+0000] {manager.py:878} INFO - 
================================================================================
DAG File Processing Stats

File Path                  PID    Runtime      # DAGs    # Errors  Last Runtime    Last Run
-------------------------  -----  ---------  --------  ----------  --------------  -------------------
/opt/airflow/dags/main.py                           1           0  0.26s           2026-05-14T20:30:31
================================================================================
[2026-05-14T20:31:29.980+0000] {manager.py:878} INFO - 
================================================================================
DAG File Processing Stats

File Path                  PID    Runtime      # DAGs    # Errors  Last Runtime    Last Run
-------------------------  -----  ---------  --------  ----------  --------------  -------------------
/opt/airflow/dags/main.py                           1           0  0.27s           2026-05-14T20:31:01
================================================================================
[2026-05-14T20:32:00.562+0000] {manager.py:878} INFO - 
================================================================================
DAG File Processing Stats

File Path                  PID    Runtime      # DAGs    # Errors  Last Runtime    Last Run
-------------------------  -----  ---------  --------  ----------  --------------  -------------------
/opt/airflow/dags/main.py                           1           0  0.30s           2026-05-14T20:31:32
================================================================================
[2026-05-14T20:32:31.094+0000] {manager.py:878} INFO - 
================================================================================
DAG File Processing Stats

File Path                  PID    Runtime      # DAGs    # Errors  Last Runtime    Last Run
-------------------------  -----  ---------  --------  ----------  --------------  -------------------
/opt/airflow/dags/main.py                           1           0  0.27s           2026-05-14T20:32:02
================================================================================
[2026-05-14T20:33:01.727+0000] {manager.py:878} INFO - 
================================================================================
DAG File Processing Stats

File Path                  PID    Runtime      # DAGs    # Errors  Last Runtime    Last Run
-------------------------  -----  ---------  --------  ----------  --------------  -------------------
/opt/airflow/dags/main.py                           1           0  0.27s           2026-05-14T20:32:33
================================================================================
[2026-05-14T20:33:32.114+0000] {manager.py:878} INFO - 
================================================================================
DAG File Processing Stats

File Path                  PID    Runtime      # DAGs    # Errors  Last Runtime    Last Run
-------------------------  -----  ---------  --------  ----------  --------------  -------------------
/opt/airflow/dags/main.py                           1           0  0.24s           2026-05-14T20:33:04
================================================================================
[2026-05-14T20:34:02.730+0000] {manager.py:878} INFO - 
================================================================================
DAG File Processing Stats

File Path                  PID    Runtime      # DAGs    # Errors  Last Runtime    Last Run
-------------------------  -----  ---------  --------  ----------  --------------  -------------------
/opt/airflow/dags/main.py                           1           0  0.24s           2026-05-14T20:33:34
================================================================================
[2026-05-14T20:34:33.225+0000] {manager.py:878} INFO - 
================================================================================
DAG File Processing Stats

File Path                  PID    Runtime      # DAGs    # Errors  Last Runtime    Last Run
-------------------------  -----  ---------  --------  ----------  --------------  -------------------
/opt/airflow/dags/main.py                           1           0  0.27s           2026-05-14T20:34:05
================================================================================
[2026-05-14T20:34:43.517+0000] {manager.py:737} INFO - Searching for files in /opt/airflow/dags
[2026-05-14T20:34:43.754+0000] {manager.py:740} INFO - There are 1 files in /opt/airflow/dags
[2026-05-14T20:35:04.047+0000] {manager.py:878} INFO - 
================================================================================
DAG File Processing Stats

File Path                  PID    Runtime      # DAGs    # Errors  Last Runtime    Last Run
-------------------------  -----  ---------  --------  ----------  --------------  -------------------
/opt/airflow/dags/main.py                           1           0  0.43s           2026-05-14T20:34:35
================================================================================
[2026-05-14T20:35:34.471+0000] {manager.py:878} INFO - 
================================================================================
DAG File Processing Stats

File Path                  PID    Runtime      # DAGs    # Errors  Last Runtime    Last Run
-------------------------  -----  ---------  --------  ----------  --------------  -------------------
/opt/airflow/dags/main.py                           1           0  0.25s           2026-05-14T20:35:06
================================================================================
[2026-05-14T20:36:04.579+0000] {manager.py:878} INFO - 
================================================================================
DAG File Processing Stats

File Path                  PID    Runtime      # DAGs    # Errors  Last Runtime    Last Run
-------------------------  -----  ---------  --------  ----------  --------------  -------------------
/opt/airflow/dags/main.py                           1           0  0.58s           2026-05-14T20:35:37
================================================================================
[2026-05-14T20:36:34.599+0000] {manager.py:878} INFO - 
================================================================================
DAG File Processing Stats

File Path                  PID    Runtime      # DAGs    # Errors  Last Runtime    Last Run
-------------------------  -----  ---------  --------  ----------  --------------  -------------------
/opt/airflow/dags/main.py                           1           0  0.23s           2026-05-14T20:36:07
================================================================================
[2026-05-14T20:37:05.291+0000] {manager.py:878} INFO - 
================================================================================
DAG File Processing Stats

File Path                  PID    Runtime      # DAGs    # Errors  Last Runtime    Last Run
-------------------------  -----  ---------  --------  ----------  --------------  -------------------
/opt/airflow/dags/main.py                           1           0  0.47s           2026-05-14T20:36:38
================================================================================
[2026-05-14T20:37:35.913+0000] {manager.py:878} INFO - 
================================================================================
DAG File Processing Stats

File Path                  PID    Runtime      # DAGs    # Errors  Last Runtime    Last Run
-------------------------  -----  ---------  --------  ----------  --------------  -------------------
/opt/airflow/dags/main.py                           1           0  0.26s           2026-05-14T20:37:08
================================================================================
[2026-05-14T20:38:06.405+0000] {manager.py:878} INFO - 
================================================================================
DAG File Processing Stats

File Path                  PID    Runtime      # DAGs    # Errors  Last Runtime    Last Run
-------------------------  -----  ---------  --------  ----------  --------------  -------------------
/opt/airflow/dags/main.py                           1           0  0.27s           2026-05-14T20:37:39
================================================================================
[2026-05-14T20:38:36.925+0000] {manager.py:878} INFO - 
================================================================================
DAG File Processing Stats

File Path                  PID    Runtime      # DAGs    # Errors  Last Runtime    Last Run
-------------------------  -----  ---------  --------  ----------  --------------  -------------------
/opt/airflow/dags/main.py                           1           0  0.33s           2026-05-14T20:38:09
================================================================================
[2026-05-14T20:39:07.594+0000] {manager.py:878} INFO - 
================================================================================
DAG File Processing Stats

File Path                  PID    Runtime      # DAGs    # Errors  Last Runtime    Last Run
-------------------------  -----  ---------  --------  ----------  --------------  -------------------
/opt/airflow/dags/main.py                           1           0  0.36s           2026-05-14T20:38:40
================================================================================
[2026-05-14T20:39:38.229+0000] {manager.py:878} INFO - 
================================================================================
DAG File Processing Stats

File Path                  PID    Runtime      # DAGs    # Errors  Last Runtime    Last Run
-------------------------  -----  ---------  --------  ----------  --------------  -------------------
/opt/airflow/dags/main.py                           1           0  0.29s           2026-05-14T20:39:11
================================================================================
[2026-05-14T20:39:43.922+0000] {manager.py:737} INFO - Searching for files in /opt/airflow/dags
[2026-05-14T20:39:44.134+0000] {manager.py:740} INFO - There are 1 files in /opt/airflow/dags
[2026-05-14T20:40:08.577+0000] {manager.py:878} INFO - 
================================================================================
DAG File Processing Stats

File Path                  PID    Runtime      # DAGs    # Errors  Last Runtime    Last Run
-------------------------  -----  ---------  --------  ----------  --------------  -------------------
/opt/airflow/dags/main.py                           1           0  0.57s           2026-05-14T20:39:41
================================================================================
[2026-05-14T20:40:39.421+0000] {manager.py:878} INFO - 
================================================================================
DAG File Processing Stats

File Path                  PID    Runtime      # DAGs    # Errors  Last Runtime    Last Run
-------------------------  -----  ---------  --------  ----------  --------------  -------------------
/opt/airflow/dags/main.py                           1           0  0.88s           2026-05-14T20:40:13
================================================================================
[2026-05-14T20:41:09.778+0000] {manager.py:878} INFO - 
================================================================================
DAG File Processing Stats

File Path                  PID    Runtime      # DAGs    # Errors  Last Runtime    Last Run
-------------------------  -----  ---------  --------  ----------  --------------  -------------------
/opt/airflow/dags/main.py                           1           0  0.61s           2026-05-14T20:40:45
================================================================================
[2026-05-14T20:41:40.500+0000] {manager.py:878} INFO - 
================================================================================
DAG File Processing Stats

File Path                  PID    Runtime      # DAGs    # Errors  Last Runtime    Last Run
-------------------------  -----  ---------  --------  ----------  --------------  -------------------
/opt/airflow/dags/main.py                           1           0  0.39s           2026-05-14T20:41:16
================================================================================
[2026-05-14T20:42:10.940+0000] {manager.py:878} INFO - 
================================================================================
DAG File Processing Stats

File Path                  PID    Runtime      # DAGs    # Errors  Last Runtime    Last Run
-------------------------  -----  ---------  --------  ----------  --------------  -------------------
/opt/airflow/dags/main.py                           1           0  0.39s           2026-05-14T20:41:47
================================================================================
[2026-05-14T20:42:41.438+0000] {manager.py:878} INFO - 
================================================================================
DAG File Processing Stats

File Path                  PID    Runtime      # DAGs    # Errors  Last Runtime    Last Run
-------------------------  -----  ---------  --------  ----------  --------------  -------------------
/opt/airflow/dags/main.py                           1           0  0.23s           2026-05-14T20:42:17
================================================================================
[2026-05-14T20:43:12.039+0000] {manager.py:878} INFO - 
================================================================================
DAG File Processing Stats

File Path                  PID    Runtime      # DAGs    # Errors  Last Runtime    Last Run
-------------------------  -----  ---------  --------  ----------  --------------  -------------------
/opt/airflow/dags/main.py                           1           0  0.24s           2026-05-14T20:42:47
================================================================================
[2026-05-14T20:43:42.396+0000] {manager.py:878} INFO - 
================================================================================
DAG File Processing Stats

File Path                  PID    Runtime      # DAGs    # Errors  Last Runtime    Last Run
-------------------------  -----  ---------  --------  ----------  --------------  -------------------
/opt/airflow/dags/main.py                           1           0  0.44s           2026-05-14T20:43:18
================================================================================
[2026-05-14T20:44:12.595+0000] {manager.py:878} INFO - 
================================================================================
DAG File Processing Stats

File Path                  PID    Runtime      # DAGs    # Errors  Last Runtime    Last Run
-------------------------  -----  ---------  --------  ----------  --------------  -------------------
/opt/airflow/dags/main.py                           1           0  0.33s           2026-05-14T20:43:49
================================================================================
[2026-05-14T20:44:42.727+0000] {manager.py:878} INFO - 
================================================================================
DAG File Processing Stats

File Path                  PID    Runtime      # DAGs    # Errors  Last Runtime    Last Run
-------------------------  -----  ---------  --------  ----------  --------------  -------------------
/opt/airflow/dags/main.py                           1           0  0.29s           2026-05-14T20:44:19
================================================================================
[2026-05-14T20:44:44.744+0000] {manager.py:737} INFO - Searching for files in /opt/airflow/dags
[2026-05-14T20:44:44.978+0000] {manager.py:740} INFO - There are 1 files in /opt/airflow/dags
[2026-05-14T20:45:13.106+0000] {manager.py:878} INFO - 
================================================================================
DAG File Processing Stats

File Path                  PID    Runtime      # DAGs    # Errors  Last Runtime    Last Run
-------------------------  -----  ---------  --------  ----------  --------------  -------------------
/opt/airflow/dags/main.py                           1           0  0.50s           2026-05-14T20:44:50
================================================================================
[2026-05-14T20:45:43.784+0000] {manager.py:878} INFO - 
================================================================================
DAG File Processing Stats

File Path                  PID    Runtime      # DAGs    # Errors  Last Runtime    Last Run
-------------------------  -----  ---------  --------  ----------  --------------  -------------------
/opt/airflow/dags/main.py                           1           0  0.25s           2026-05-14T20:45:21
================================================================================
[2026-05-14T20:46:14.285+0000] {manager.py:878} INFO - 
================================================================================
DAG File Processing Stats

File Path                  PID    Runtime      # DAGs    # Errors  Last Runtime    Last Run
-------------------------  -----  ---------  --------  ----------  --------------  -------------------
/opt/airflow/dags/main.py                           1           0  0.25s           2026-05-14T20:45:52
================================================================================
[2026-05-14T20:46:44.981+0000] {manager.py:878} INFO - 
================================================================================
DAG File Processing Stats

File Path                  PID    Runtime      # DAGs    # Errors  Last Runtime    Last Run
-------------------------  -----  ---------  --------  ----------  --------------  -------------------
/opt/airflow/dags/main.py                           1           0  0.28s           2026-05-14T20:46:22
================================================================================
[2026-05-14T20:47:15.712+0000] {manager.py:878} INFO - 
================================================================================
DAG File Processing Stats

File Path                  PID    Runtime      # DAGs    # Errors  Last Runtime    Last Run
-------------------------  -----  ---------  --------  ----------  --------------  -------------------
/opt/airflow/dags/main.py                           1           0  0.28s           2026-05-14T20:46:53
================================================================================
[2026-05-14T20:47:46.426+0000] {manager.py:878} INFO - 
================================================================================
DAG File Processing Stats

File Path                  PID    Runtime      # DAGs    # Errors  Last Runtime    Last Run
-------------------------  -----  ---------  --------  ----------  --------------  -------------------
/opt/airflow/dags/main.py                           1           0  0.32s           2026-05-14T20:47:24
================================================================================
[2026-05-14T20:48:16.518+0000] {manager.py:878} INFO - 
================================================================================
DAG File Processing Stats

File Path                  PID    Runtime      # DAGs    # Errors  Last Runtime    Last Run
-------------------------  -----  ---------  --------  ----------  --------------  -------------------
/opt/airflow/dags/main.py                           1           0  0.36s           2026-05-14T20:47:55
================================================================================
[2026-05-14T20:48:46.910+0000] {manager.py:878} INFO - 
================================================================================
DAG File Processing Stats

File Path                  PID    Runtime      # DAGs    # Errors  Last Runtime    Last Run
-------------------------  -----  ---------  --------  ----------  --------------  -------------------
/opt/airflow/dags/main.py                           1           0  0.29s           2026-05-14T20:48:25
================================================================================
[2026-05-14T20:49:17.483+0000] {manager.py:878} INFO - 
================================================================================
DAG File Processing Stats

File Path                  PID    Runtime      # DAGs    # Errors  Last Runtime    Last Run
-------------------------  -----  ---------  --------  ----------  --------------  -------------------
/opt/airflow/dags/main.py                           1           0  0.40s           2026-05-14T20:48:56
================================================================================
[2026-05-14T20:49:44.837+0000] {manager.py:737} INFO - Searching for files in /opt/airflow/dags
[2026-05-14T20:49:45.060+0000] {manager.py:740} INFO - There are 1 files in /opt/airflow/dags
[2026-05-14T20:49:48.122+0000] {manager.py:878} INFO - 
================================================================================
DAG File Processing Stats

File Path                  PID    Runtime      # DAGs    # Errors  Last Runtime    Last Run
-------------------------  -----  ---------  --------  ----------  --------------  -------------------
/opt/airflow/dags/main.py                           1           0  0.34s           2026-05-14T20:49:26
================================================================================
[2026-05-14T20:50:18.566+0000] {manager.py:878} INFO - 
================================================================================
DAG File Processing Stats

File Path                  PID    Runtime      # DAGs    # Errors  Last Runtime    Last Run
-------------------------  -----  ---------  --------  ----------  --------------  -------------------
/opt/airflow/dags/main.py                           1           0  0.28s           2026-05-14T20:49:57
================================================================================
[2026-05-14T20:50:48.589+0000] {manager.py:878} INFO - 
================================================================================
DAG File Processing Stats

File Path                  PID    Runtime      # DAGs    # Errors  Last Runtime    Last Run
-------------------------  -----  ---------  --------  ----------  --------------  -------------------
/opt/airflow/dags/main.py                           1           0  0.40s           2026-05-14T20:50:28
================================================================================
[2026-05-14T20:51:19.066+0000] {manager.py:878} INFO - 
================================================================================
DAG File Processing Stats

File Path                  PID    Runtime      # DAGs    # Errors  Last Runtime    Last Run
-------------------------  -----  ---------  --------  ----------  --------------  -------------------
/opt/airflow/dags/main.py                           1           0  1.03s           2026-05-14T20:50:59
================================================================================
[2026-05-14T20:51:49.749+0000] {manager.py:878} INFO - 
================================================================================
DAG File Processing Stats

File Path                  PID    Runtime      # DAGs    # Errors  Last Runtime    Last Run
-------------------------  -----  ---------  --------  ----------  --------------  -------------------
/opt/airflow/dags/main.py                           1           0  0.41s           2026-05-14T20:51:30
================================================================================
[2026-05-14T20:52:20.645+0000] {manager.py:878} INFO - 
================================================================================
DAG File Processing Stats

File Path                  PID    Runtime      # DAGs    # Errors  Last Runtime    Last Run
-------------------------  -----  ---------  --------  ----------  --------------  -------------------
/opt/airflow/dags/main.py                           1           0  0.40s           2026-05-14T20:52:01
================================================================================
[2026-05-14T20:52:50.784+0000] {manager.py:878} INFO - 
================================================================================
DAG File Processing Stats

File Path                  PID    Runtime      # DAGs    # Errors  Last Runtime    Last Run
-------------------------  -----  ---------  --------  ----------  --------------  -------------------
/opt/airflow/dags/main.py                           1           0  1.09s           2026-05-14T20:52:32
================================================================================
[2026-05-14T20:53:20.830+0000] {manager.py:878} INFO - 
================================================================================
DAG File Processing Stats

File Path                  PID    Runtime      # DAGs    # Errors  Last Runtime    Last Run
-------------------------  -----  ---------  --------  ----------  --------------  -------------------
/opt/airflow/dags/main.py                           1           0  0.40s           2026-05-14T20:53:03
================================================================================
[2026-05-14T20:53:51.433+0000] {manager.py:878} INFO - 
================================================================================
DAG File Processing Stats

File Path                  PID    Runtime      # DAGs    # Errors  Last Runtime    Last Run
-------------------------  -----  ---------  --------  ----------  --------------  -------------------
/opt/airflow/dags/main.py                           1           0  0.28s           2026-05-14T20:53:34
================================================================================
[2026-05-14T20:54:21.475+0000] {manager.py:878} INFO - 
================================================================================
DAG File Processing Stats

File Path                  PID    Runtime      # DAGs    # Errors  Last Runtime    Last Run
-------------------------  -----  ---------  --------  ----------  --------------  -------------------
/opt/airflow/dags/main.py                           1           0  0.44s           2026-05-14T20:54:05
================================================================================
[2026-05-14T20:54:44.914+0000] {manager.py:737} INFO - Searching for files in /opt/airflow/dags
[2026-05-14T20:54:45.327+0000] {manager.py:740} INFO - There are 1 files in /opt/airflow/dags
[2026-05-14T20:54:51.493+0000] {manager.py:878} INFO - 
================================================================================
DAG File Processing Stats

File Path                  PID    Runtime      # DAGs    # Errors  Last Runtime    Last Run
-------------------------  -----  ---------  --------  ----------  --------------  -------------------
/opt/airflow/dags/main.py                           1           0  0.34s           2026-05-14T20:54:36
================================================================================
[2026-05-14T20:55:21.868+0000] {manager.py:878} INFO - 
================================================================================
DAG File Processing Stats

File Path                  PID    Runtime      # DAGs    # Errors  Last Runtime    Last Run
-------------------------  -----  ---------  --------  ----------  --------------  -------------------
/opt/airflow/dags/main.py                           1           0  0.25s           2026-05-14T20:55:06
================================================================================
[2026-05-14T20:55:52.415+0000] {manager.py:878} INFO - 
================================================================================
DAG File Processing Stats

File Path                  PID    Runtime      # DAGs    # Errors  Last Runtime    Last Run
-------------------------  -----  ---------  --------  ----------  --------------  -------------------
/opt/airflow/dags/main.py                           1           0  0.26s           2026-05-14T20:55:37
================================================================================
[2026-05-14T20:56:22.818+0000] {manager.py:878} INFO - 
================================================================================
DAG File Processing Stats

File Path                  PID    Runtime      # DAGs    # Errors  Last Runtime    Last Run
-------------------------  -----  ---------  --------  ----------  --------------  -------------------
/opt/airflow/dags/main.py                           1           0  0.27s           2026-05-14T20:56:07
================================================================================
[2026-05-14T20:56:53.359+0000] {manager.py:878} INFO - 
================================================================================
DAG File Processing Stats

File Path                  PID    Runtime      # DAGs    # Errors  Last Runtime    Last Run
-------------------------  -----  ---------  --------  ----------  --------------  -------------------
/opt/airflow/dags/main.py                           1           0  0.28s           2026-05-14T20:56:38
================================================================================
[2026-05-14T20:57:23.894+0000] {manager.py:878} INFO - 
================================================================================
DAG File Processing Stats

File Path                  PID    Runtime      # DAGs    # Errors  Last Runtime    Last Run
-------------------------  -----  ---------  --------  ----------  --------------  -------------------
/opt/airflow/dags/main.py                           1           0  0.30s           2026-05-14T20:57:08
================================================================================
[2026-05-14T20:57:54.417+0000] {manager.py:878} INFO - 
================================================================================
DAG File Processing Stats

File Path                  PID    Runtime      # DAGs    # Errors  Last Runtime    Last Run
-------------------------  -----  ---------  --------  ----------  --------------  -------------------
/opt/airflow/dags/main.py                           1           0  0.23s           2026-05-14T20:57:39
================================================================================
[2026-05-14T20:58:24.817+0000] {manager.py:878} INFO - 
================================================================================
DAG File Processing Stats

File Path                  PID    Runtime      # DAGs    # Errors  Last Runtime    Last Run
-------------------------  -----  ---------  --------  ----------  --------------  -------------------
/opt/airflow/dags/main.py                           1           0  0.25s           2026-05-14T20:58:09
================================================================================
[2026-05-14T20:58:55.375+0000] {manager.py:878} INFO - 
================================================================================
DAG File Processing Stats

File Path                  PID    Runtime      # DAGs    # Errors  Last Runtime    Last Run
-------------------------  -----  ---------  --------  ----------  --------------  -------------------
/opt/airflow/dags/main.py                           1           0  0.28s           2026-05-14T20:58:40
================================================================================
[2026-05-14T20:59:25.818+0000] {manager.py:878} INFO - 
================================================================================
DAG File Processing Stats

File Path                  PID    Runtime      # DAGs    # Errors  Last Runtime    Last Run
-------------------------  -----  ---------  --------  ----------  --------------  -------------------
/opt/airflow/dags/main.py                           1           0  0.27s           2026-05-14T20:59:10
================================================================================
[2026-05-14T20:59:45.258+0000] {manager.py:737} INFO - Searching for files in /opt/airflow/dags
[2026-05-14T20:59:45.416+0000] {manager.py:740} INFO - There are 1 files in /opt/airflow/dags
[2026-05-14T20:59:56.539+0000] {manager.py:878} INFO - 
================================================================================
DAG File Processing Stats

File Path                  PID    Runtime      # DAGs    # Errors  Last Runtime    Last Run
-------------------------  -----  ---------  --------  ----------  --------------  -------------------
/opt/airflow/dags/main.py                           1           0  0.37s           2026-05-14T20:59:41
================================================================================
[2026-05-14T21:00:27.044+0000] {manager.py:878} INFO - 
================================================================================
DAG File Processing Stats

File Path                  PID    Runtime      # DAGs    # Errors  Last Runtime    Last Run
-------------------------  -----  ---------  --------  ----------  --------------  -------------------
/opt/airflow/dags/main.py                           1           0  0.26s           2026-05-14T21:00:12
================================================================================
[2026-05-14T21:00:57.712+0000] {manager.py:878} INFO - 
================================================================================
DAG File Processing Stats

File Path                  PID    Runtime      # DAGs    # Errors  Last Runtime    Last Run
-------------------------  -----  ---------  --------  ----------  --------------  -------------------
/opt/airflow/dags/main.py                           1           0  0.44s           2026-05-14T21:00:42
================================================================================
[2026-05-14T21:01:28.345+0000] {manager.py:878} INFO - 
================================================================================
DAG File Processing Stats

File Path                  PID    Runtime      # DAGs    # Errors  Last Runtime    Last Run
-------------------------  -----  ---------  --------  ----------  --------------  -------------------
/opt/airflow/dags/main.py                           1           0  0.34s           2026-05-14T21:01:13
================================================================================
[2026-05-14T21:01:58.848+0000] {manager.py:878} INFO - 
================================================================================
DAG File Processing Stats

File Path                  PID    Runtime      # DAGs    # Errors  Last Runtime    Last Run
-------------------------  -----  ---------  --------  ----------  --------------  -------------------
/opt/airflow/dags/main.py                           1           0  0.30s           2026-05-14T21:01:43
================================================================================
[2026-05-14T21:02:29.416+0000] {manager.py:878} INFO - 
================================================================================
DAG File Processing Stats

File Path                  PID    Runtime      # DAGs    # Errors  Last Runtime    Last Run
-------------------------  -----  ---------  --------  ----------  --------------  -------------------
/opt/airflow/dags/main.py                           1           0  0.24s           2026-05-14T21:02:14
================================================================================
[2026-05-14T21:03:00.038+0000] {manager.py:878} INFO - 
================================================================================
DAG File Processing Stats

File Path                  PID    Runtime      # DAGs    # Errors  Last Runtime    Last Run
-------------------------  -----  ---------  --------  ----------  --------------  -------------------
/opt/airflow/dags/main.py                           1           0  0.28s           2026-05-14T21:02:44
================================================================================
[2026-05-14T21:03:30.540+0000] {manager.py:878} INFO - 
================================================================================
DAG File Processing Stats

File Path                  PID    Runtime      # DAGs    # Errors  Last Runtime    Last Run
-------------------------  -----  ---------  --------  ----------  --------------  -------------------
/opt/airflow/dags/main.py                           1           0  0.28s           2026-05-14T21:03:15
================================================================================
[2026-05-14T21:04:01.162+0000] {manager.py:878} INFO - 
================================================================================
DAG File Processing Stats

File Path                  PID    Runtime      # DAGs    # Errors  Last Runtime    Last Run
-------------------------  -----  ---------  --------  ----------  --------------  -------------------
/opt/airflow/dags/main.py                           1           0  0.46s           2026-05-14T21:03:46
================================================================================
[2026-05-14T21:04:31.648+0000] {manager.py:878} INFO - 
================================================================================
DAG File Processing Stats

File Path                  PID    Runtime      # DAGs    # Errors  Last Runtime    Last Run
-------------------------  -----  ---------  --------  ----------  --------------  -------------------
/opt/airflow/dags/main.py                           1           0  0.31s           2026-05-14T21:04:16
================================================================================
[2026-05-14T21:04:45.825+0000] {manager.py:737} INFO - Searching for files in /opt/airflow/dags
[2026-05-14T21:04:46.054+0000] {manager.py:740} INFO - There are 1 files in /opt/airflow/dags
[2026-05-14T21:05:01.782+0000] {manager.py:878} INFO - 
================================================================================
DAG File Processing Stats

File Path                  PID    Runtime      # DAGs    # Errors  Last Runtime    Last Run
-------------------------  -----  ---------  --------  ----------  --------------  -------------------
/opt/airflow/dags/main.py                           1           0  0.46s           2026-05-14T21:04:47
================================================================================
[2026-05-14T21:05:32.156+0000] {manager.py:878} INFO - 
================================================================================
DAG File Processing Stats

File Path                  PID    Runtime      # DAGs    # Errors  Last Runtime    Last Run
-------------------------  -----  ---------  --------  ----------  --------------  -------------------
/opt/airflow/dags/main.py                           1           0  0.27s           2026-05-14T21:05:18
================================================================================
[2026-05-14T21:06:02.815+0000] {manager.py:878} INFO - 
================================================================================
DAG File Processing Stats

File Path                  PID    Runtime      # DAGs    # Errors  Last Runtime    Last Run
-------------------------  -----  ---------  --------  ----------  --------------  -------------------
/opt/airflow/dags/main.py                           1           0  0.32s           2026-05-14T21:05:48
================================================================================
[2026-05-14T21:06:33.177+0000] {manager.py:878} INFO - 
================================================================================
DAG File Processing Stats

File Path                  PID    Runtime      # DAGs    # Errors  Last Runtime    Last Run
-------------------------  -----  ---------  --------  ----------  --------------  -------------------
/opt/airflow/dags/main.py                           1           0  0.35s           2026-05-14T21:06:19
================================================================================
[2026-05-14T21:07:03.417+0000] {manager.py:878} INFO - 
================================================================================
DAG File Processing Stats

File Path                  PID    Runtime      # DAGs    # Errors  Last Runtime    Last Run
-------------------------  -----  ---------  --------  ----------  --------------  -------------------
/opt/airflow/dags/main.py                           1           0  0.56s           2026-05-14T21:06:50
================================================================================
[2026-05-14T21:07:33.804+0000] {manager.py:878} INFO - 
================================================================================
DAG File Processing Stats

File Path                  PID    Runtime      # DAGs    # Errors  Last Runtime    Last Run
-------------------------  -----  ---------  --------  ----------  --------------  -------------------
/opt/airflow/dags/main.py                           1           0  0.53s           2026-05-14T21:07:21
================================================================================
[2026-05-14T21:08:04.110+0000] {manager.py:878} INFO - 
================================================================================
DAG File Processing Stats

File Path                  PID    Runtime      # DAGs    # Errors  Last Runtime    Last Run
-------------------------  -----  ---------  --------  ----------  --------------  -------------------
/opt/airflow/dags/main.py                           1           0  0.42s           2026-05-14T21:07:51
================================================================================
[2026-05-14T21:08:34.509+0000] {manager.py:878} INFO - 
================================================================================
DAG File Processing Stats

File Path                  PID    Runtime      # DAGs    # Errors  Last Runtime    Last Run
-------------------------  -----  ---------  --------  ----------  --------------  -------------------
/opt/airflow/dags/main.py                           1           0  0.47s           2026-05-14T21:08:22
================================================================================
[2026-05-14T21:09:05.060+0000] {manager.py:878} INFO - 
================================================================================
DAG File Processing Stats

File Path                  PID    Runtime      # DAGs    # Errors  Last Runtime    Last Run
-------------------------  -----  ---------  --------  ----------  --------------  -------------------
/opt/airflow/dags/main.py                           1           0  0.65s           2026-05-14T21:08:53
================================================================================
[2026-05-14T21:09:35.481+0000] {manager.py:878} INFO - 
================================================================================
DAG File Processing Stats

File Path                  PID    Runtime      # DAGs    # Errors  Last Runtime    Last Run
-------------------------  -----  ---------  --------  ----------  --------------  -------------------
/opt/airflow/dags/main.py                           1           0  0.28s           2026-05-14T21:09:24
================================================================================
[2026-05-14T21:09:45.911+0000] {manager.py:737} INFO - Searching for files in /opt/airflow/dags
[2026-05-14T21:09:46.124+0000] {manager.py:740} INFO - There are 1 files in /opt/airflow/dags
[2026-05-14T21:10:05.855+0000] {manager.py:878} INFO - 
================================================================================
DAG File Processing Stats

File Path                  PID    Runtime      # DAGs    # Errors  Last Runtime    Last Run
-------------------------  -----  ---------  --------  ----------  --------------  -------------------
/opt/airflow/dags/main.py                           1           0  0.42s           2026-05-14T21:09:55
================================================================================
[2026-05-14T21:10:35.984+0000] {manager.py:878} INFO - 
================================================================================
DAG File Processing Stats

File Path                  PID    Runtime      # DAGs    # Errors  Last Runtime    Last Run
-------------------------  -----  ---------  --------  ----------  --------------  -------------------
/opt/airflow/dags/main.py                           1           0  0.28s           2026-05-14T21:10:25
================================================================================
[2026-05-14T21:11:06.370+0000] {manager.py:878} INFO - 
================================================================================
DAG File Processing Stats

File Path                  PID    Runtime      # DAGs    # Errors  Last Runtime    Last Run
-------------------------  -----  ---------  --------  ----------  --------------  -------------------
/opt/airflow/dags/main.py                           1           0  0.35s           2026-05-14T21:10:56
================================================================================
[2026-05-14T21:11:36.944+0000] {manager.py:878} INFO - 
================================================================================
DAG File Processing Stats

File Path                  PID    Runtime      # DAGs    # Errors  Last Runtime    Last Run
-------------------------  -----  ---------  --------  ----------  --------------  -------------------
/opt/airflow/dags/main.py                           1           0  0.27s           2026-05-14T21:11:27
================================================================================
[2026-05-14T21:12:07.604+0000] {manager.py:878} INFO - 
================================================================================
DAG File Processing Stats

File Path                  PID    Runtime      # DAGs    # Errors  Last Runtime    Last Run
-------------------------  -----  ---------  --------  ----------  --------------  -------------------
/opt/airflow/dags/main.py                           1           0  0.23s           2026-05-14T21:11:57
================================================================================
[2026-05-14T21:12:38.156+0000] {manager.py:878} INFO - 
================================================================================
DAG File Processing Stats

File Path                  PID    Runtime      # DAGs    # Errors  Last Runtime    Last Run
-------------------------  -----  ---------  --------  ----------  --------------  -------------------
/opt/airflow/dags/main.py                           1           0  0.27s           2026-05-14T21:12:28
================================================================================
[2026-05-14T21:13:08.935+0000] {manager.py:878} INFO - 
================================================================================
DAG File Processing Stats

File Path                  PID    Runtime      # DAGs    # Errors  Last Runtime    Last Run
-------------------------  -----  ---------  --------  ----------  --------------  -------------------
/opt/airflow/dags/main.py                           1           0  0.48s           2026-05-14T21:12:58
================================================================================
[2026-05-14T21:13:39.504+0000] {manager.py:878} INFO - 
================================================================================
DAG File Processing Stats

File Path                  PID    Runtime      # DAGs    # Errors  Last Runtime    Last Run
-------------------------  -----  ---------  --------  ----------  --------------  -------------------
/opt/airflow/dags/main.py                           1           0  0.29s           2026-05-14T21:13:29
================================================================================
[2026-05-14T21:14:10.025+0000] {manager.py:878} INFO - 
================================================================================
DAG File Processing Stats

File Path                  PID    Runtime      # DAGs    # Errors  Last Runtime    Last Run
-------------------------  -----  ---------  --------  ----------  --------------  -------------------
/opt/airflow/dags/main.py                           1           0  1.35s           2026-05-14T21:14:01
================================================================================
[2026-05-14T21:14:40.591+0000] {manager.py:878} INFO - 
================================================================================
DAG File Processing Stats

File Path                  PID    Runtime      # DAGs    # Errors  Last Runtime    Last Run
-------------------------  -----  ---------  --------  ----------  --------------  -------------------
/opt/airflow/dags/main.py                           1           0  0.27s           2026-05-14T21:14:31
================================================================================
[2026-05-14T21:14:46.666+0000] {manager.py:737} INFO - Searching for files in /opt/airflow/dags
[2026-05-14T21:14:46.899+0000] {manager.py:740} INFO - There are 1 files in /opt/airflow/dags
[2026-05-14T21:15:11.208+0000] {manager.py:878} INFO - 
================================================================================
DAG File Processing Stats

File Path                  PID    Runtime      # DAGs    # Errors  Last Runtime    Last Run
-------------------------  -----  ---------  --------  ----------  --------------  -------------------
/opt/airflow/dags/main.py                           1           0  0.39s           2026-05-14T21:15:02
================================================================================
[2026-05-14T21:15:41.517+0000] {manager.py:878} INFO - 
================================================================================
DAG File Processing Stats

File Path                  PID    Runtime      # DAGs    # Errors  Last Runtime    Last Run
-------------------------  -----  ---------  --------  ----------  --------------  -------------------
/opt/airflow/dags/main.py                           1           0  0.71s           2026-05-14T21:15:33
================================================================================
[2026-05-14T21:16:11.923+0000] {manager.py:878} INFO - 
================================================================================
DAG File Processing Stats

File Path                  PID    Runtime      # DAGs    # Errors  Last Runtime    Last Run
-------------------------  -----  ---------  --------  ----------  --------------  -------------------
/opt/airflow/dags/main.py                           1           0  0.41s           2026-05-14T21:16:04
================================================================================
[2026-05-14T21:16:41.957+0000] {manager.py:878} INFO - 
================================================================================
DAG File Processing Stats

File Path                  PID    Runtime      # DAGs    # Errors  Last Runtime    Last Run
-------------------------  -----  ---------  --------  ----------  --------------  -------------------
/opt/airflow/dags/main.py                           1           0  0.28s           2026-05-14T21:16:34
================================================================================
[2026-05-14T21:17:12.405+0000] {manager.py:878} INFO - 
================================================================================
DAG File Processing Stats

File Path                  PID    Runtime      # DAGs    # Errors  Last Runtime    Last Run
-------------------------  -----  ---------  --------  ----------  --------------  -------------------
/opt/airflow/dags/main.py                           1           0  0.23s           2026-05-14T21:17:05
================================================================================
[2026-05-14T21:17:42.979+0000] {manager.py:878} INFO - 
================================================================================
DAG File Processing Stats

File Path                  PID    Runtime      # DAGs    # Errors  Last Runtime    Last Run
-------------------------  -----  ---------  --------  ----------  --------------  -------------------
/opt/airflow/dags/main.py                           1           0  0.31s           2026-05-14T21:17:36
================================================================================
[2026-05-14T21:18:13.390+0000] {manager.py:878} INFO - 
================================================================================
DAG File Processing Stats

File Path                  PID    Runtime      # DAGs    # Errors  Last Runtime    Last Run
-------------------------  -----  ---------  --------  ----------  --------------  -------------------
/opt/airflow/dags/main.py                           1           0  0.29s           2026-05-14T21:18:06
================================================================================
[2026-05-14T21:18:43.939+0000] {manager.py:878} INFO - 
================================================================================
DAG File Processing Stats

File Path                  PID    Runtime      # DAGs    # Errors  Last Runtime    Last Run
-------------------------  -----  ---------  --------  ----------  --------------  -------------------
/opt/airflow/dags/main.py                           1           0  0.35s           2026-05-14T21:18:37
================================================================================
[2026-05-14T21:19:14.677+0000] {manager.py:878} INFO - 
================================================================================
DAG File Processing Stats

File Path                  PID    Runtime      # DAGs    # Errors  Last Runtime    Last Run
-------------------------  -----  ---------  --------  ----------  --------------  -------------------
/opt/airflow/dags/main.py                           1           0  0.29s           2026-05-14T21:19:07
================================================================================
[2026-05-14T21:19:44.744+0000] {manager.py:878} INFO - 
================================================================================
DAG File Processing Stats

File Path                  PID    Runtime      # DAGs    # Errors  Last Runtime    Last Run
-------------------------  -----  ---------  --------  ----------  --------------  -------------------
/opt/airflow/dags/main.py                           1           0  0.46s           2026-05-14T21:19:38
================================================================================
[2026-05-14T21:19:46.772+0000] {manager.py:737} INFO - Searching for files in /opt/airflow/dags
[2026-05-14T21:19:46.989+0000] {manager.py:740} INFO - There are 1 files in /opt/airflow/dags
[2026-05-14T21:20:14.841+0000] {manager.py:878} INFO - 
================================================================================
DAG File Processing Stats

File Path                  PID    Runtime      # DAGs    # Errors  Last Runtime    Last Run
-------------------------  -----  ---------  --------  ----------  --------------  -------------------
/opt/airflow/dags/main.py                           1           0  0.29s           2026-05-14T21:20:09
================================================================================
[2026-05-14T21:20:45.204+0000] {manager.py:878} INFO - 
================================================================================
DAG File Processing Stats

File Path                  PID    Runtime      # DAGs    # Errors  Last Runtime    Last Run
-------------------------  -----  ---------  --------  ----------  --------------  -------------------
/opt/airflow/dags/main.py                           1           0  0.40s           2026-05-14T21:20:40
================================================================================
[2026-05-14T21:21:15.805+0000] {manager.py:878} INFO - 
================================================================================
DAG File Processing Stats

File Path                  PID    Runtime      # DAGs    # Errors  Last Runtime    Last Run
-------------------------  -----  ---------  --------  ----------  --------------  -------------------
/opt/airflow/dags/main.py                           1           0  0.23s           2026-05-14T21:21:10
================================================================================
[2026-05-14T21:21:46.388+0000] {manager.py:878} INFO - 
================================================================================
DAG File Processing Stats

File Path                  PID    Runtime      # DAGs    # Errors  Last Runtime    Last Run
-------------------------  -----  ---------  --------  ----------  --------------  -------------------
/opt/airflow/dags/main.py                           1           0  0.32s           2026-05-14T21:21:41
================================================================================
[2026-05-14T21:22:16.434+0000] {manager.py:878} INFO - 
================================================================================
DAG File Processing Stats

File Path                  PID    Runtime      # DAGs    # Errors  Last Runtime    Last Run
-------------------------  -----  ---------  --------  ----------  --------------  -------------------
/opt/airflow/dags/main.py                           1           0  0.35s           2026-05-14T21:22:12
================================================================================
[2026-05-14T21:22:46.793+0000] {manager.py:878} INFO - 
================================================================================
DAG File Processing Stats

File Path                  PID    Runtime      # DAGs    # Errors  Last Runtime    Last Run
-------------------------  -----  ---------  --------  ----------  --------------  -------------------
/opt/airflow/dags/main.py                           1           0  0.44s           2026-05-14T21:22:42
================================================================================
[2026-05-14T21:23:17.212+0000] {manager.py:878} INFO - 
================================================================================
DAG File Processing Stats

File Path                  PID    Runtime      # DAGs    # Errors  Last Runtime    Last Run
-------------------------  -----  ---------  --------  ----------  --------------  -------------------
/opt/airflow/dags/main.py                           1           0  0.57s           2026-05-14T21:23:13
================================================================================
[2026-05-14T21:23:47.547+0000] {manager.py:878} INFO - 
================================================================================
DAG File Processing Stats

File Path                  PID    Runtime      # DAGs    # Errors  Last Runtime    Last Run
-------------------------  -----  ---------  --------  ----------  --------------  -------------------
/opt/airflow/dags/main.py                           1           0  0.37s           2026-05-14T21:23:44
================================================================================
[2026-05-14T21:24:17.942+0000] {manager.py:878} INFO - 
================================================================================
DAG File Processing Stats

File Path                  PID    Runtime      # DAGs    # Errors  Last Runtime    Last Run
-------------------------  -----  ---------  --------  ----------  --------------  -------------------
/opt/airflow/dags/main.py                           1           0  0.28s           2026-05-14T21:24:15
================================================================================
[2026-05-14T21:24:47.473+0000] {manager.py:737} INFO - Searching for files in /opt/airflow/dags
[2026-05-14T21:24:47.671+0000] {manager.py:740} INFO - There are 1 files in /opt/airflow/dags
[2026-05-14T21:24:48.698+0000] {manager.py:878} INFO - 
================================================================================
DAG File Processing Stats

File Path                  PID    Runtime      # DAGs    # Errors  Last Runtime    Last Run
-------------------------  -----  ---------  --------  ----------  --------------  -------------------
/opt/airflow/dags/main.py                           1           0  0.30s           2026-05-14T21:24:45
================================================================================
[2026-05-14T21:25:19.002+0000] {manager.py:878} INFO - 
================================================================================
DAG File Processing Stats

File Path                  PID    Runtime      # DAGs    # Errors  Last Runtime    Last Run
-------------------------  -----  ---------  --------  ----------  --------------  -------------------
/opt/airflow/dags/main.py                           1           0  0.37s           2026-05-14T21:25:16
================================================================================
[2026-05-14T21:25:49.318+0000] {manager.py:878} INFO - 
================================================================================
DAG File Processing Stats

File Path                  PID    Runtime      # DAGs    # Errors  Last Runtime    Last Run
-------------------------  -----  ---------  --------  ----------  --------------  -------------------
/opt/airflow/dags/main.py                           1           0  0.67s           2026-05-14T21:25:47
================================================================================
[2026-05-14T21:26:19.625+0000] {manager.py:878} INFO - 
================================================================================
DAG File Processing Stats

File Path                  PID    Runtime      # DAGs    # Errors  Last Runtime    Last Run
-------------------------  -----  ---------  --------  ----------  --------------  -------------------
/opt/airflow/dags/main.py                           1           0  1.01s           2026-05-14T21:26:18
================================================================================
[2026-05-14T21:26:49.635+0000] {manager.py:878} INFO - 
================================================================================
DAG File Processing Stats

File Path                  PID    Runtime      # DAGs    # Errors  Last Runtime    Last Run
-------------------------  -----  ---------  --------  ----------  --------------  -------------------
/opt/airflow/dags/main.py                           1           0  0.43s           2026-05-14T21:26:49
================================================================================
[2026-05-14T21:27:20.161+0000] {manager.py:878} INFO - 
================================================================================
DAG File Processing Stats

File Path                  PID    Runtime      # DAGs    # Errors  Last Runtime    Last Run
-------------------------  -----  ---------  --------  ----------  --------------  -------------------
/opt/airflow/dags/main.py                           1           0  0.25s           2026-05-14T21:27:19
================================================================================
[2026-05-14T21:27:50.752+0000] {manager.py:878} INFO - 
================================================================================
DAG File Processing Stats

File Path                  PID    Runtime      # DAGs    # Errors  Last Runtime    Last Run
-------------------------  -----  ---------  --------  ----------  --------------  -------------------
/opt/airflow/dags/main.py                           1           0  0.30s           2026-05-14T21:27:49
================================================================================
[2026-05-14T21:28:21.146+0000] {manager.py:878} INFO - 
================================================================================
DAG File Processing Stats

File Path                  PID    Runtime      # DAGs    # Errors  Last Runtime    Last Run
-------------------------  -----  ---------  --------  ----------  --------------  -------------------
/opt/airflow/dags/main.py                           1           0  0.43s           2026-05-14T21:28:20
================================================================================
[2026-05-14T21:28:52.017+0000] {manager.py:878} INFO - 
================================================================================
DAG File Processing Stats

File Path                  PID    Runtime      # DAGs    # Errors  Last Runtime    Last Run
-------------------------  -----  ---------  --------  ----------  --------------  -------------------
/opt/airflow/dags/main.py                           1           0  0.38s           2026-05-14T21:28:51
================================================================================
[2026-05-14T21:29:22.470+0000] {manager.py:878} INFO - 
================================================================================
DAG File Processing Stats

File Path                  PID    Runtime      # DAGs    # Errors  Last Runtime    Last Run
-------------------------  -----  ---------  --------  ----------  --------------  -------------------
/opt/airflow/dags/main.py                           1           0  0.32s           2026-05-14T21:29:21
================================================================================
[2026-05-14T21:29:47.888+0000] {manager.py:737} INFO - Searching for files in /opt/airflow/dags
[2026-05-14T21:29:48.093+0000] {manager.py:740} INFO - There are 1 files in /opt/airflow/dags
[2026-05-14T21:29:53.411+0000] {manager.py:878} INFO - 
================================================================================
DAG File Processing Stats

File Path                  PID    Runtime      # DAGs    # Errors  Last Runtime    Last Run
-------------------------  -----  ---------  --------  ----------  --------------  -------------------
/opt/airflow/dags/main.py                           1           0  1.12s           2026-05-14T21:29:53
================================================================================
[2026-05-14T21:30:24.124+0000] {manager.py:878} INFO - 
================================================================================
DAG File Processing Stats

File Path                    PID  Runtime      # DAGs    # Errors  Last Runtime    Last Run
-------------------------  -----  ---------  --------  ----------  --------------  -------------------
/opt/airflow/dags/main.py   5498  0.01s             1           0  1.12s           2026-05-14T21:29:53
================================================================================
[2026-05-14T21:30:54.896+0000] {manager.py:878} INFO - 
================================================================================
DAG File Processing Stats

File Path                    PID  Runtime      # DAGs    # Errors  Last Runtime    Last Run
-------------------------  -----  ---------  --------  ----------  --------------  -------------------
/opt/airflow/dags/main.py   5505  0.01s             1           0  0.34s           2026-05-14T21:30:24
================================================================================
[2026-05-14T21:31:25.440+0000] {manager.py:878} INFO - 
================================================================================
DAG File Processing Stats

File Path                    PID  Runtime      # DAGs    # Errors  Last Runtime    Last Run
-------------------------  -----  ---------  --------  ----------  --------------  -------------------
/opt/airflow/dags/main.py   5512  0.01s             1           0  0.32s           2026-05-14T21:30:55
================================================================================
[2026-05-14T21:31:55.451+0000] {manager.py:878} INFO - 
================================================================================
DAG File Processing Stats

File Path                  PID    Runtime      # DAGs    # Errors  Last Runtime    Last Run
-------------------------  -----  ---------  --------  ----------  --------------  -------------------
/opt/airflow/dags/main.py                           1           0  0.60s           2026-05-14T21:31:26
================================================================================
[2026-05-14T21:32:25.835+0000] {manager.py:878} INFO - 
================================================================================
DAG File Processing Stats

File Path                  PID    Runtime      # DAGs    # Errors  Last Runtime    Last Run
-------------------------  -----  ---------  --------  ----------  --------------  -------------------
/opt/airflow/dags/main.py                           1           0  0.29s           2026-05-14T21:31:56
================================================================================
[2026-05-14T21:32:56.056+0000] {manager.py:878} INFO - 
================================================================================
DAG File Processing Stats

File Path                  PID    Runtime      # DAGs    # Errors  Last Runtime    Last Run
-------------------------  -----  ---------  --------  ----------  --------------  -------------------
/opt/airflow/dags/main.py                           1           0  0.87s           2026-05-14T21:32:27
================================================================================
[2026-05-14T21:33:26.485+0000] {manager.py:878} INFO - 
================================================================================
DAG File Processing Stats

File Path                  PID    Runtime      # DAGs    # Errors  Last Runtime    Last Run
-------------------------  -----  ---------  --------  ----------  --------------  -------------------
/opt/airflow/dags/main.py                           1           0  0.26s           2026-05-14T21:32:58
================================================================================
[2026-05-14T21:33:57.213+0000] {manager.py:878} INFO - 
================================================================================
DAG File Processing Stats

File Path                  PID    Runtime      # DAGs    # Errors  Last Runtime    Last Run
-------------------------  -----  ---------  --------  ----------  --------------  -------------------
/opt/airflow/dags/main.py                           1           0  0.42s           2026-05-14T21:33:28
================================================================================
[2026-05-14T21:34:27.671+0000] {manager.py:878} INFO - 
================================================================================
DAG File Processing Stats

File Path                  PID    Runtime      # DAGs    # Errors  Last Runtime    Last Run
-------------------------  -----  ---------  --------  ----------  --------------  -------------------
/opt/airflow/dags/main.py                           1           0  0.35s           2026-05-14T21:33:59
================================================================================
[2026-05-14T21:34:48.481+0000] {manager.py:737} INFO - Searching for files in /opt/airflow/dags
[2026-05-14T21:34:48.678+0000] {manager.py:740} INFO - There are 1 files in /opt/airflow/dags
[2026-05-14T21:34:57.816+0000] {manager.py:878} INFO - 
================================================================================
DAG File Processing Stats

File Path                  PID    Runtime      # DAGs    # Errors  Last Runtime    Last Run
-------------------------  -----  ---------  --------  ----------  --------------  -------------------
/opt/airflow/dags/main.py                           1           0  0.43s           2026-05-14T21:34:30
================================================================================
[2026-05-14T21:35:28.147+0000] {manager.py:878} INFO - 
================================================================================
DAG File Processing Stats

File Path                  PID    Runtime      # DAGs    # Errors  Last Runtime    Last Run
-------------------------  -----  ---------  --------  ----------  --------------  -------------------
/opt/airflow/dags/main.py                           1           0  0.26s           2026-05-14T21:35:01
================================================================================
[2026-05-14T21:35:58.650+0000] {manager.py:878} INFO - 
================================================================================
DAG File Processing Stats

File Path                  PID    Runtime      # DAGs    # Errors  Last Runtime    Last Run
-------------------------  -----  ---------  --------  ----------  --------------  -------------------
/opt/airflow/dags/main.py                           1           0  0.35s           2026-05-14T21:35:31
================================================================================
[2026-05-14T21:36:29.419+0000] {manager.py:878} INFO - 
================================================================================
DAG File Processing Stats

File Path                  PID    Runtime      # DAGs    # Errors  Last Runtime    Last Run
-------------------------  -----  ---------  --------  ----------  --------------  -------------------
/opt/airflow/dags/main.py                           1           0  0.30s           2026-05-14T21:36:02
================================================================================
[2026-05-14T21:36:59.927+0000] {manager.py:878} INFO - 
================================================================================
DAG File Processing Stats

File Path                  PID    Runtime      # DAGs    # Errors  Last Runtime    Last Run
-------------------------  -----  ---------  --------  ----------  --------------  -------------------
/opt/airflow/dags/main.py                           1           0  0.31s           2026-05-14T21:36:32
================================================================================
[2026-05-14T21:37:30.726+0000] {manager.py:878} INFO - 
================================================================================
DAG File Processing Stats

File Path                  PID    Runtime      # DAGs    # Errors  Last Runtime    Last Run
-------------------------  -----  ---------  --------  ----------  --------------  -------------------
/opt/airflow/dags/main.py                           1           0  0.34s           2026-05-14T21:37:03
================================================================================
[2026-05-14T21:38:00.752+0000] {manager.py:878} INFO - 
================================================================================
DAG File Processing Stats

File Path                  PID    Runtime      # DAGs    # Errors  Last Runtime    Last Run
-------------------------  -----  ---------  --------  ----------  --------------  -------------------
/opt/airflow/dags/main.py                           1           0  0.38s           2026-05-14T21:37:34
================================================================================
[2026-05-14T21:38:31.140+0000] {manager.py:878} INFO - 
================================================================================
DAG File Processing Stats

File Path                  PID    Runtime      # DAGs    # Errors  Last Runtime    Last Run
-------------------------  -----  ---------  --------  ----------  --------------  -------------------
/opt/airflow/dags/main.py                           1           0  1.31s           2026-05-14T21:38:05
================================================================================
[2026-05-14T21:39:01.599+0000] {manager.py:878} INFO - 
================================================================================
DAG File Processing Stats

File Path                  PID    Runtime      # DAGs    # Errors  Last Runtime    Last Run
-------------------------  -----  ---------  --------  ----------  --------------  -------------------
/opt/airflow/dags/main.py                           1           0  0.26s           2026-05-14T21:38:36
================================================================================
[2026-05-14T21:39:32.206+0000] {manager.py:878} INFO - 
================================================================================
DAG File Processing Stats

File Path                  PID    Runtime      # DAGs    # Errors  Last Runtime    Last Run
-------------------------  -----  ---------  --------  ----------  --------------  -------------------
/opt/airflow/dags/main.py                           1           0  0.34s           2026-05-14T21:39:07
================================================================================
[2026-05-14T21:39:48.851+0000] {manager.py:737} INFO - Searching for files in /opt/airflow/dags
[2026-05-14T21:39:49.090+0000] {manager.py:740} INFO - There are 1 files in /opt/airflow/dags
[2026-05-14T21:40:02.289+0000] {manager.py:878} INFO - 
================================================================================
DAG File Processing Stats

File Path                  PID    Runtime      # DAGs    # Errors  Last Runtime    Last Run
-------------------------  -----  ---------  --------  ----------  --------------  -------------------
/opt/airflow/dags/main.py                           1           0  0.46s           2026-05-14T21:39:37
================================================================================
[2026-05-14T21:40:33.123+0000] {manager.py:878} INFO - 
================================================================================
DAG File Processing Stats

File Path                  PID    Runtime      # DAGs    # Errors  Last Runtime    Last Run
-------------------------  -----  ---------  --------  ----------  --------------  -------------------
/opt/airflow/dags/main.py                           1           0  0.37s           2026-05-14T21:40:08
================================================================================
[2026-05-14T21:41:03.694+0000] {manager.py:878} INFO - 
================================================================================
DAG File Processing Stats

File Path                  PID    Runtime      # DAGs    # Errors  Last Runtime    Last Run
-------------------------  -----  ---------  --------  ----------  --------------  -------------------
/opt/airflow/dags/main.py                           1           0  0.32s           2026-05-14T21:40:39
================================================================================
[2026-05-14T21:41:34.520+0000] {manager.py:878} INFO - 
================================================================================
DAG File Processing Stats

File Path                  PID    Runtime      # DAGs    # Errors  Last Runtime    Last Run
-------------------------  -----  ---------  --------  ----------  --------------  -------------------
/opt/airflow/dags/main.py                           1           0  0.31s           2026-05-14T21:41:10
================================================================================
[2026-05-14T21:42:04.621+0000] {manager.py:878} INFO - 
================================================================================
DAG File Processing Stats

File Path                  PID    Runtime      # DAGs    # Errors  Last Runtime    Last Run
-------------------------  -----  ---------  --------  ----------  --------------  -------------------
/opt/airflow/dags/main.py                           1           0  0.66s           2026-05-14T21:41:41
================================================================================
[2026-05-14T21:42:35.103+0000] {manager.py:878} INFO - 
================================================================================
DAG File Processing Stats

File Path                  PID    Runtime      # DAGs    # Errors  Last Runtime    Last Run
-------------------------  -----  ---------  --------  ----------  --------------  -------------------
/opt/airflow/dags/main.py                           1           0  0.32s           2026-05-14T21:42:12
================================================================================
[2026-05-14T21:43:05.748+0000] {manager.py:878} INFO - 
================================================================================
DAG File Processing Stats

File Path                  PID    Runtime      # DAGs    # Errors  Last Runtime    Last Run
-------------------------  -----  ---------  --------  ----------  --------------  -------------------
/opt/airflow/dags/main.py                           1           0  0.32s           2026-05-14T21:42:42
================================================================================
[2026-05-14T21:43:36.220+0000] {manager.py:878} INFO - 
================================================================================
DAG File Processing Stats

File Path                  PID    Runtime      # DAGs    # Errors  Last Runtime    Last Run
-------------------------  -----  ---------  --------  ----------  --------------  -------------------
/opt/airflow/dags/main.py                           1           0  0.30s           2026-05-14T21:43:13
================================================================================
[2026-05-14T21:44:06.958+0000] {manager.py:878} INFO - 
================================================================================
DAG File Processing Stats

File Path                  PID    Runtime      # DAGs    # Errors  Last Runtime    Last Run
-------------------------  -----  ---------  --------  ----------  --------------  -------------------
/opt/airflow/dags/main.py                           1           0  0.35s           2026-05-14T21:43:43
================================================================================
[2026-05-14T21:44:37.560+0000] {manager.py:878} INFO - 
================================================================================
DAG File Processing Stats

File Path                  PID    Runtime      # DAGs    # Errors  Last Runtime    Last Run
-------------------------  -----  ---------  --------  ----------  --------------  -------------------
/opt/airflow/dags/main.py                           1           0  0.41s           2026-05-14T21:44:14
================================================================================
[2026-05-14T21:44:49.076+0000] {manager.py:737} INFO - Searching for files in /opt/airflow/dags
[2026-05-14T21:44:49.315+0000] {manager.py:740} INFO - There are 1 files in /opt/airflow/dags
[2026-05-14T21:45:07.786+0000] {manager.py:878} INFO - 
================================================================================
DAG File Processing Stats

File Path                  PID    Runtime      # DAGs    # Errors  Last Runtime    Last Run
-------------------------  -----  ---------  --------  ----------  --------------  -------------------
/opt/airflow/dags/main.py                           1           0  0.64s           2026-05-14T21:44:45
================================================================================
[2026-05-14T21:45:38.364+0000] {manager.py:878} INFO - 
================================================================================
DAG File Processing Stats

File Path                  PID    Runtime      # DAGs    # Errors  Last Runtime    Last Run
-------------------------  -----  ---------  --------  ----------  --------------  -------------------
/opt/airflow/dags/main.py                           1           0  0.51s           2026-05-14T21:45:16
================================================================================
[2026-05-14T21:46:08.442+0000] {manager.py:878} INFO - 
================================================================================
DAG File Processing Stats

File Path                  PID    Runtime      # DAGs    # Errors  Last Runtime    Last Run
-------------------------  -----  ---------  --------  ----------  --------------  -------------------
/opt/airflow/dags/main.py                           1           0  0.52s           2026-05-14T21:45:47
================================================================================
[2026-05-14T21:46:39.072+0000] {manager.py:878} INFO - 
================================================================================
DAG File Processing Stats

File Path                  PID    Runtime      # DAGs    # Errors  Last Runtime    Last Run
-------------------------  -----  ---------  --------  ----------  --------------  -------------------
/opt/airflow/dags/main.py                           1           0  0.35s           2026-05-14T21:46:17
================================================================================
[2026-05-14T21:47:09.742+0000] {manager.py:878} INFO - 
================================================================================
DAG File Processing Stats

File Path                  PID    Runtime      # DAGs    # Errors  Last Runtime    Last Run
-------------------------  -----  ---------  --------  ----------  --------------  -------------------
/opt/airflow/dags/main.py                           1           0  0.35s           2026-05-14T21:46:48
================================================================================
[2026-05-14T21:47:40.291+0000] {manager.py:878} INFO - 
================================================================================
DAG File Processing Stats

File Path                  PID    Runtime      # DAGs    # Errors  Last Runtime    Last Run
-------------------------  -----  ---------  --------  ----------  --------------  -------------------
/opt/airflow/dags/main.py                           1           0  0.34s           2026-05-14T21:47:19
================================================================================
[2026-05-14T21:48:11.081+0000] {manager.py:878} INFO - 
================================================================================
DAG File Processing Stats

File Path                  PID    Runtime      # DAGs    # Errors  Last Runtime    Last Run
-------------------------  -----  ---------  --------  ----------  --------------  -------------------
/opt/airflow/dags/main.py                           1           0  0.28s           2026-05-14T21:47:49
================================================================================
[2026-05-14T21:48:41.642+0000] {manager.py:878} INFO - 
================================================================================
DAG File Processing Stats

File Path                  PID    Runtime      # DAGs    # Errors  Last Runtime    Last Run
-------------------------  -----  ---------  --------  ----------  --------------  -------------------
/opt/airflow/dags/main.py                           1           0  0.35s           2026-05-14T21:48:20
================================================================================
[2026-05-14T21:49:11.958+0000] {manager.py:878} INFO - 
================================================================================
DAG File Processing Stats

File Path                  PID    Runtime      # DAGs    # Errors  Last Runtime    Last Run
-------------------------  -----  ---------  --------  ----------  --------------  -------------------
/opt/airflow/dags/main.py                           1           0  0.42s           2026-05-14T21:48:51
================================================================================
[2026-05-14T21:49:42.515+0000] {manager.py:878} INFO - 
================================================================================
DAG File Processing Stats

File Path                  PID    Runtime      # DAGs    # Errors  Last Runtime    Last Run
-------------------------  -----  ---------  --------  ----------  --------------  -------------------
/opt/airflow/dags/main.py                           1           0  0.53s           2026-05-14T21:49:22
================================================================================
[2026-05-14T21:49:49.733+0000] {manager.py:737} INFO - Searching for files in /opt/airflow/dags
[2026-05-14T21:49:49.971+0000] {manager.py:740} INFO - There are 1 files in /opt/airflow/dags
[2026-05-14T21:50:13.290+0000] {manager.py:878} INFO - 
================================================================================
DAG File Processing Stats

File Path                  PID    Runtime      # DAGs    # Errors  Last Runtime    Last Run
-------------------------  -----  ---------  --------  ----------  --------------  -------------------
/opt/airflow/dags/main.py                           1           0  0.33s           2026-05-14T21:49:53
================================================================================
[2026-05-14T21:50:43.670+0000] {manager.py:878} INFO - 
================================================================================
DAG File Processing Stats

File Path                  PID    Runtime      # DAGs    # Errors  Last Runtime    Last Run
-------------------------  -----  ---------  --------  ----------  --------------  -------------------
/opt/airflow/dags/main.py                           1           0  0.45s           2026-05-14T21:50:24
================================================================================
[2026-05-14T21:51:14.415+0000] {manager.py:878} INFO - 
================================================================================
DAG File Processing Stats

File Path                  PID    Runtime      # DAGs    # Errors  Last Runtime    Last Run
-------------------------  -----  ---------  --------  ----------  --------------  -------------------
/opt/airflow/dags/main.py                           1           0  0.38s           2026-05-14T21:50:55
================================================================================
[2026-05-14T21:51:45.022+0000] {manager.py:878} INFO - 
================================================================================
DAG File Processing Stats

File Path                  PID    Runtime      # DAGs    # Errors  Last Runtime    Last Run
-------------------------  -----  ---------  --------  ----------  --------------  -------------------
/opt/airflow/dags/main.py                           1           0  0.40s           2026-05-14T21:51:25
================================================================================
[2026-05-14T21:52:15.055+0000] {manager.py:878} INFO - 
================================================================================
DAG File Processing Stats

File Path                  PID    Runtime      # DAGs    # Errors  Last Runtime    Last Run
-------------------------  -----  ---------  --------  ----------  --------------  -------------------
/opt/airflow/dags/main.py                           1           0  0.41s           2026-05-14T21:51:56
================================================================================
[2026-05-14T21:52:45.689+0000] {manager.py:878} INFO - 
================================================================================
DAG File Processing Stats

File Path                  PID    Runtime      # DAGs    # Errors  Last Runtime    Last Run
-------------------------  -----  ---------  --------  ----------  --------------  -------------------
/opt/airflow/dags/main.py                           1           0  0.34s           2026-05-14T21:52:27
================================================================================
[2026-05-14T21:53:16.318+0000] {manager.py:878} INFO - 
================================================================================
DAG File Processing Stats

File Path                  PID    Runtime      # DAGs    # Errors  Last Runtime    Last Run
-------------------------  -----  ---------  --------  ----------  --------------  -------------------
/opt/airflow/dags/main.py                           1           0  0.37s           2026-05-14T21:52:58
================================================================================
[2026-05-14T21:53:47.118+0000] {manager.py:878} INFO - 
================================================================================
DAG File Processing Stats

File Path                  PID    Runtime      # DAGs    # Errors  Last Runtime    Last Run
-------------------------  -----  ---------  --------  ----------  --------------  -------------------
/opt/airflow/dags/main.py                           1           0  0.34s           2026-05-14T21:53:28
================================================================================
[2026-05-14T21:54:17.804+0000] {manager.py:878} INFO - 
================================================================================
DAG File Processing Stats

File Path                  PID    Runtime      # DAGs    # Errors  Last Runtime    Last Run
-------------------------  -----  ---------  --------  ----------  --------------  -------------------
/opt/airflow/dags/main.py                           1           0  0.33s           2026-05-14T21:53:59
================================================================================
[2026-05-14T21:54:47.864+0000] {manager.py:878} INFO - 
================================================================================
DAG File Processing Stats

File Path                  PID    Runtime      # DAGs    # Errors  Last Runtime    Last Run
-------------------------  -----  ---------  --------  ----------  --------------  -------------------
/opt/airflow/dags/main.py                           1           0  0.41s           2026-05-14T21:54:30
================================================================================
[2026-05-14T21:54:49.895+0000] {manager.py:737} INFO - Searching for files in /opt/airflow/dags
[2026-05-14T21:54:50.798+0000] {manager.py:740} INFO - There are 1 files in /opt/airflow/dags
[2026-05-14T21:55:18.365+0000] {manager.py:878} INFO - 
================================================================================
DAG File Processing Stats

File Path                  PID    Runtime      # DAGs    # Errors  Last Runtime    Last Run
-------------------------  -----  ---------  --------  ----------  --------------  -------------------
/opt/airflow/dags/main.py                           1           0  0.58s           2026-05-14T21:55:01
================================================================================
[2026-05-14T21:55:49.095+0000] {manager.py:878} INFO - 
================================================================================
DAG File Processing Stats

File Path                  PID    Runtime      # DAGs    # Errors  Last Runtime    Last Run
-------------------------  -----  ---------  --------  ----------  --------------  -------------------
/opt/airflow/dags/main.py                           1           0  0.39s           2026-05-14T21:55:32
================================================================================
[2026-05-14T21:56:19.789+0000] {manager.py:878} INFO - 
================================================================================
DAG File Processing Stats

File Path                  PID    Runtime      # DAGs    # Errors  Last Runtime    Last Run
-------------------------  -----  ---------  --------  ----------  --------------  -------------------
/opt/airflow/dags/main.py                           1           0  0.40s           2026-05-14T21:56:02
================================================================================
[2026-05-14T21:56:49.964+0000] {manager.py:878} INFO - 
================================================================================
DAG File Processing Stats

File Path                  PID    Runtime      # DAGs    # Errors  Last Runtime    Last Run
-------------------------  -----  ---------  --------  ----------  --------------  -------------------
/opt/airflow/dags/main.py                           1           0  0.38s           2026-05-14T21:56:33
================================================================================
[2026-05-14T21:57:20.613+0000] {manager.py:878} INFO - 
================================================================================
DAG File Processing Stats

File Path                  PID    Runtime      # DAGs    # Errors  Last Runtime    Last Run
-------------------------  -----  ---------  --------  ----------  --------------  -------------------
/opt/airflow/dags/main.py                           1           0  0.54s           2026-05-14T21:57:04
================================================================================
[2026-05-14T21:57:51.280+0000] {manager.py:878} INFO - 
================================================================================
DAG File Processing Stats

File Path                  PID    Runtime      # DAGs    # Errors  Last Runtime    Last Run
-------------------------  -----  ---------  --------  ----------  --------------  -------------------
/opt/airflow/dags/main.py                           1           0  0.32s           2026-05-14T21:57:35
================================================================================
[2026-05-14T21:58:21.878+0000] {manager.py:878} INFO - 
================================================================================
DAG File Processing Stats

File Path                  PID    Runtime      # DAGs    # Errors  Last Runtime    Last Run
-------------------------  -----  ---------  --------  ----------  --------------  -------------------
/opt/airflow/dags/main.py                           1           0  0.36s           2026-05-14T21:58:05
================================================================================
[2026-05-14T21:58:52.265+0000] {manager.py:878} INFO - 
================================================================================
DAG File Processing Stats

File Path                  PID    Runtime      # DAGs    # Errors  Last Runtime    Last Run
-------------------------  -----  ---------  --------  ----------  --------------  -------------------
/opt/airflow/dags/main.py                           1           0  0.95s           2026-05-14T21:58:37
================================================================================
[2026-05-14T21:59:23.029+0000] {manager.py:878} INFO - 
================================================================================
DAG File Processing Stats

File Path                  PID    Runtime      # DAGs    # Errors  Last Runtime    Last Run
-------------------------  -----  ---------  --------  ----------  --------------  -------------------
/opt/airflow/dags/main.py                           1           0  0.31s           2026-05-14T21:59:07
================================================================================
[2026-05-14T21:59:50.568+0000] {manager.py:737} INFO - Searching for files in /opt/airflow/dags
[2026-05-14T21:59:51.166+0000] {manager.py:740} INFO - There are 1 files in /opt/airflow/dags
[2026-05-14T21:59:53.227+0000] {manager.py:878} INFO - 
================================================================================
DAG File Processing Stats

File Path                  PID    Runtime      # DAGs    # Errors  Last Runtime    Last Run
-------------------------  -----  ---------  --------  ----------  --------------  -------------------
/opt/airflow/dags/main.py                           1           0  0.33s           2026-05-14T21:59:38
================================================================================
