[2026-05-14T10:41:09.491+0000] {processor.py:161} INFO - Started process (PID=64) to work on /opt/airflow/dags/main.py
[2026-05-14T10:41:09.515+0000] {processor.py:830} INFO - Processing file /opt/airflow/dags/main.py for tasks to queue
[2026-05-14T10:41:09.536+0000] {logging_mixin.py:188} INFO - [2026-05-14T10:41:09.535+0000] {dagbag.py:545} INFO - Filling up the DagBag from /opt/airflow/dags/main.py
[2026-05-14T10:41:13.709+0000] {processor.py:840} INFO - DAG(s) 'produce_json' retrieved from /opt/airflow/dags/main.py
[2026-05-14T10:41:16.309+0000] {logging_mixin.py:188} INFO - [2026-05-14T10:41:16.308+0000] {override.py:1829} INFO - Created Permission View: can delete on DAG:produce_json
[2026-05-14T10:41:16.342+0000] {logging_mixin.py:188} INFO - [2026-05-14T10:41:16.341+0000] {override.py:1829} INFO - Created Permission View: can read on DAG:produce_json
[2026-05-14T10:41:16.398+0000] {logging_mixin.py:188} INFO - [2026-05-14T10:41:16.396+0000] {override.py:1829} INFO - Created Permission View: can edit on DAG:produce_json
[2026-05-14T10:41:16.408+0000] {logging_mixin.py:188} INFO - [2026-05-14T10:41:16.407+0000] {dag.py:3096} INFO - Sync 1 DAGs
[2026-05-14T10:41:16.501+0000] {logging_mixin.py:188} INFO - [2026-05-14T10:41:16.500+0000] {dag.py:3118} INFO - Creating ORM DAG for produce_json
[2026-05-14T10:41:16.592+0000] {logging_mixin.py:188} INFO - [2026-05-14T10:41:16.591+0000] {dag.py:3954} INFO - Setting next_dagrun for produce_json to 2026-05-12 13:00:00+00:00, run_after=2026-05-13 13:00:00+00:00
[2026-05-14T10:41:16.766+0000] {processor.py:183} INFO - Processing /opt/airflow/dags/main.py took 7.361 seconds
[2026-05-14T10:41:47.693+0000] {processor.py:161} INFO - Started process (PID=77) to work on /opt/airflow/dags/main.py
[2026-05-14T10:41:47.713+0000] {processor.py:830} INFO - Processing file /opt/airflow/dags/main.py for tasks to queue
[2026-05-14T10:41:47.909+0000] {logging_mixin.py:188} INFO - [2026-05-14T10:41:47.889+0000] {dagbag.py:545} INFO - Filling up the DagBag from /opt/airflow/dags/main.py
[2026-05-14T10:41:48.184+0000] {processor.py:840} INFO - DAG(s) 'produce_json' retrieved from /opt/airflow/dags/main.py
[2026-05-14T10:41:48.514+0000] {logging_mixin.py:188} INFO - [2026-05-14T10:41:48.513+0000] {dag.py:3096} INFO - Sync 1 DAGs
[2026-05-14T10:41:48.601+0000] {logging_mixin.py:188} INFO - [2026-05-14T10:41:48.600+0000] {dag.py:3954} INFO - Setting next_dagrun for produce_json to 2026-05-12 13:00:00+00:00, run_after=2026-05-13 13:00:00+00:00
[2026-05-14T10:41:48.746+0000] {processor.py:183} INFO - Processing /opt/airflow/dags/main.py took 1.132 seconds
[2026-05-14T10:42:19.224+0000] {processor.py:161} INFO - Started process (PID=84) to work on /opt/airflow/dags/main.py
[2026-05-14T10:42:19.238+0000] {processor.py:830} INFO - Processing file /opt/airflow/dags/main.py for tasks to queue
[2026-05-14T10:42:19.445+0000] {logging_mixin.py:188} INFO - [2026-05-14T10:42:19.264+0000] {dagbag.py:545} INFO - Filling up the DagBag from /opt/airflow/dags/main.py
[2026-05-14T10:42:19.691+0000] {processor.py:840} INFO - DAG(s) 'produce_json' retrieved from /opt/airflow/dags/main.py
[2026-05-14T10:42:19.750+0000] {logging_mixin.py:188} INFO - [2026-05-14T10:42:19.749+0000] {dag.py:3096} INFO - Sync 1 DAGs
[2026-05-14T10:42:19.817+0000] {logging_mixin.py:188} INFO - [2026-05-14T10:42:19.816+0000] {dag.py:3954} INFO - Setting next_dagrun for produce_json to 2026-05-12 13:00:00+00:00, run_after=2026-05-13 13:00:00+00:00
[2026-05-14T10:42:19.865+0000] {processor.py:183} INFO - Processing /opt/airflow/dags/main.py took 0.727 seconds
[2026-05-14T10:42:50.484+0000] {processor.py:161} INFO - Started process (PID=95) to work on /opt/airflow/dags/main.py
[2026-05-14T10:42:50.498+0000] {processor.py:830} INFO - Processing file /opt/airflow/dags/main.py for tasks to queue
[2026-05-14T10:42:50.523+0000] {logging_mixin.py:188} INFO - [2026-05-14T10:42:50.512+0000] {dagbag.py:545} INFO - Filling up the DagBag from /opt/airflow/dags/main.py
[2026-05-14T10:42:51.800+0000] {processor.py:840} INFO - DAG(s) 'produce_json' retrieved from /opt/airflow/dags/main.py
[2026-05-14T10:42:52.117+0000] {logging_mixin.py:188} INFO - [2026-05-14T10:42:52.116+0000] {dag.py:3096} INFO - Sync 1 DAGs
[2026-05-14T10:42:53.666+0000] {logging_mixin.py:188} INFO - [2026-05-14T10:42:53.664+0000] {dag.py:3954} INFO - Setting next_dagrun for produce_json to 2026-05-13 13:00:00+00:00, run_after=2026-05-14 13:00:00+00:00
[2026-05-14T10:42:53.841+0000] {processor.py:183} INFO - Processing /opt/airflow/dags/main.py took 3.395 seconds
[2026-05-14T10:43:05.656+0000] {processor.py:161} INFO - Started process (PID=100) to work on /opt/airflow/dags/main.py
[2026-05-14T10:43:05.661+0000] {processor.py:830} INFO - Processing file /opt/airflow/dags/main.py for tasks to queue
[2026-05-14T10:43:05.667+0000] {logging_mixin.py:188} INFO - [2026-05-14T10:43:05.666+0000] {dagbag.py:545} INFO - Filling up the DagBag from /opt/airflow/dags/main.py
[2026-05-14T10:43:05.719+0000] {logging_mixin.py:188} INFO - [2026-05-14T10:43:05.713+0000] {dagbag.py:355} ERROR - Failed to import: /opt/airflow/dags/main.py
Traceback (most recent call last):
  File "/home/airflow/.local/lib/python3.10/site-packages/airflow/models/dagbag.py", line 351, in parse
    loader.exec_module(new_module)
  File "<frozen importlib._bootstrap_external>", line 879, in exec_module
  File "<frozen importlib._bootstrap_external>", line 1017, in get_code
  File "<frozen importlib._bootstrap_external>", line 947, in source_to_code
  File "<frozen importlib._bootstrap>", line 241, in _call_with_frames_removed
  File "/opt/airflow/dags/main.py", line 42
    catchup=False,
           ^
SyntaxError: invalid syntax
[2026-05-14T10:43:05.726+0000] {processor.py:842} WARNING - No viable dags retrieved from /opt/airflow/dags/main.py
[2026-05-14T10:43:05.847+0000] {processor.py:183} INFO - Processing /opt/airflow/dags/main.py took 0.213 seconds
[2026-05-14T10:43:11.864+0000] {processor.py:161} INFO - Started process (PID=101) to work on /opt/airflow/dags/main.py
[2026-05-14T10:43:11.867+0000] {processor.py:830} INFO - Processing file /opt/airflow/dags/main.py for tasks to queue
[2026-05-14T10:43:11.872+0000] {logging_mixin.py:188} INFO - [2026-05-14T10:43:11.871+0000] {dagbag.py:545} INFO - Filling up the DagBag from /opt/airflow/dags/main.py
[2026-05-14T10:43:11.909+0000] {logging_mixin.py:188} INFO - [2026-05-14T10:43:11.907+0000] {dagbag.py:355} ERROR - Failed to import: /opt/airflow/dags/main.py
Traceback (most recent call last):
  File "/home/airflow/.local/lib/python3.10/site-packages/airflow/models/dagbag.py", line 351, in parse
    loader.exec_module(new_module)
  File "<frozen importlib._bootstrap_external>", line 879, in exec_module
  File "<frozen importlib._bootstrap_external>", line 1017, in get_code
  File "<frozen importlib._bootstrap_external>", line 947, in source_to_code
  File "<frozen importlib._bootstrap>", line 241, in _call_with_frames_removed
  File "/opt/airflow/dags/main.py", line 41
    schedule=None#"0 14 * * *",   # Every day at 14:00 Morocco time
             
SyntaxError: invalid syntax. Perhaps you forgot a comma?
[2026-05-14T10:43:11.911+0000] {processor.py:842} WARNING - No viable dags retrieved from /opt/airflow/dags/main.py
[2026-05-14T10:43:11.980+0000] {processor.py:183} INFO - Processing /opt/airflow/dags/main.py took 0.129 seconds
[2026-05-14T10:43:15.958+0000] {processor.py:161} INFO - Started process (PID=107) to work on /opt/airflow/dags/main.py
[2026-05-14T10:43:15.976+0000] {processor.py:830} INFO - Processing file /opt/airflow/dags/main.py for tasks to queue
[2026-05-14T10:43:15.984+0000] {logging_mixin.py:188} INFO - [2026-05-14T10:43:15.983+0000] {dagbag.py:545} INFO - Filling up the DagBag from /opt/airflow/dags/main.py
[2026-05-14T10:43:16.354+0000] {processor.py:840} INFO - DAG(s) 'produce_json' retrieved from /opt/airflow/dags/main.py
[2026-05-14T10:43:18.810+0000] {logging_mixin.py:188} INFO - [2026-05-14T10:43:18.809+0000] {dag.py:3096} INFO - Sync 1 DAGs
[2026-05-14T10:43:18.905+0000] {logging_mixin.py:188} INFO - [2026-05-14T10:43:18.903+0000] {dag.py:3954} INFO - Setting next_dagrun for produce_json to None, run_after=None
[2026-05-14T10:43:19.137+0000] {processor.py:183} INFO - Processing /opt/airflow/dags/main.py took 3.222 seconds
[2026-05-14T10:43:49.834+0000] {processor.py:161} INFO - Started process (PID=119) to work on /opt/airflow/dags/main.py
[2026-05-14T10:43:49.842+0000] {processor.py:830} INFO - Processing file /opt/airflow/dags/main.py for tasks to queue
[2026-05-14T10:43:49.848+0000] {logging_mixin.py:188} INFO - [2026-05-14T10:43:49.847+0000] {dagbag.py:545} INFO - Filling up the DagBag from /opt/airflow/dags/main.py
[2026-05-14T10:43:50.198+0000] {processor.py:840} INFO - DAG(s) 'produce_json' retrieved from /opt/airflow/dags/main.py
[2026-05-14T10:43:50.255+0000] {logging_mixin.py:188} INFO - [2026-05-14T10:43:50.254+0000] {dag.py:3096} INFO - Sync 1 DAGs
[2026-05-14T10:43:50.293+0000] {logging_mixin.py:188} INFO - [2026-05-14T10:43:50.292+0000] {dag.py:3954} INFO - Setting next_dagrun for produce_json to None, run_after=None
[2026-05-14T10:43:50.344+0000] {processor.py:183} INFO - Processing /opt/airflow/dags/main.py took 0.572 seconds
[2026-05-14T10:44:20.778+0000] {processor.py:161} INFO - Started process (PID=126) to work on /opt/airflow/dags/main.py
[2026-05-14T10:44:20.780+0000] {processor.py:830} INFO - Processing file /opt/airflow/dags/main.py for tasks to queue
[2026-05-14T10:44:20.784+0000] {logging_mixin.py:188} INFO - [2026-05-14T10:44:20.784+0000] {dagbag.py:545} INFO - Filling up the DagBag from /opt/airflow/dags/main.py
[2026-05-14T10:44:20.914+0000] {processor.py:840} INFO - DAG(s) 'produce_json' retrieved from /opt/airflow/dags/main.py
[2026-05-14T10:44:20.970+0000] {logging_mixin.py:188} INFO - [2026-05-14T10:44:20.970+0000] {dag.py:3096} INFO - Sync 1 DAGs
[2026-05-14T10:44:21.008+0000] {logging_mixin.py:188} INFO - [2026-05-14T10:44:21.007+0000] {dag.py:3954} INFO - Setting next_dagrun for produce_json to None, run_after=None
[2026-05-14T10:44:21.042+0000] {processor.py:183} INFO - Processing /opt/airflow/dags/main.py took 0.275 seconds
[2026-05-14T10:44:51.157+0000] {processor.py:161} INFO - Started process (PID=133) to work on /opt/airflow/dags/main.py
[2026-05-14T10:44:51.160+0000] {processor.py:830} INFO - Processing file /opt/airflow/dags/main.py for tasks to queue
[2026-05-14T10:44:51.165+0000] {logging_mixin.py:188} INFO - [2026-05-14T10:44:51.164+0000] {dagbag.py:545} INFO - Filling up the DagBag from /opt/airflow/dags/main.py
[2026-05-14T10:44:51.266+0000] {processor.py:840} INFO - DAG(s) 'produce_json' retrieved from /opt/airflow/dags/main.py
[2026-05-14T10:44:51.317+0000] {logging_mixin.py:188} INFO - [2026-05-14T10:44:51.317+0000] {dag.py:3096} INFO - Sync 1 DAGs
[2026-05-14T10:44:51.341+0000] {logging_mixin.py:188} INFO - [2026-05-14T10:44:51.340+0000] {dag.py:3954} INFO - Setting next_dagrun for produce_json to None, run_after=None
[2026-05-14T10:44:51.384+0000] {processor.py:183} INFO - Processing /opt/airflow/dags/main.py took 0.239 seconds
[2026-05-14T10:45:21.546+0000] {processor.py:161} INFO - Started process (PID=140) to work on /opt/airflow/dags/main.py
[2026-05-14T10:45:21.548+0000] {processor.py:830} INFO - Processing file /opt/airflow/dags/main.py for tasks to queue
[2026-05-14T10:45:21.552+0000] {logging_mixin.py:188} INFO - [2026-05-14T10:45:21.551+0000] {dagbag.py:545} INFO - Filling up the DagBag from /opt/airflow/dags/main.py
[2026-05-14T10:45:21.653+0000] {processor.py:840} INFO - DAG(s) 'produce_json' retrieved from /opt/airflow/dags/main.py
[2026-05-14T10:45:21.690+0000] {logging_mixin.py:188} INFO - [2026-05-14T10:45:21.689+0000] {dag.py:3096} INFO - Sync 1 DAGs
[2026-05-14T10:45:21.717+0000] {logging_mixin.py:188} INFO - [2026-05-14T10:45:21.716+0000] {dag.py:3954} INFO - Setting next_dagrun for produce_json to None, run_after=None
[2026-05-14T10:45:21.770+0000] {processor.py:183} INFO - Processing /opt/airflow/dags/main.py took 0.234 seconds
[2026-05-14T10:45:52.087+0000] {processor.py:161} INFO - Started process (PID=147) to work on /opt/airflow/dags/main.py
[2026-05-14T10:45:52.089+0000] {processor.py:830} INFO - Processing file /opt/airflow/dags/main.py for tasks to queue
[2026-05-14T10:45:52.092+0000] {logging_mixin.py:188} INFO - [2026-05-14T10:45:52.091+0000] {dagbag.py:545} INFO - Filling up the DagBag from /opt/airflow/dags/main.py
[2026-05-14T10:45:52.217+0000] {processor.py:840} INFO - DAG(s) 'produce_json' retrieved from /opt/airflow/dags/main.py
[2026-05-14T10:45:52.268+0000] {logging_mixin.py:188} INFO - [2026-05-14T10:45:52.267+0000] {dag.py:3096} INFO - Sync 1 DAGs
[2026-05-14T10:45:52.296+0000] {logging_mixin.py:188} INFO - [2026-05-14T10:45:52.296+0000] {dag.py:3954} INFO - Setting next_dagrun for produce_json to None, run_after=None
[2026-05-14T10:45:52.338+0000] {processor.py:183} INFO - Processing /opt/airflow/dags/main.py took 0.262 seconds
[2026-05-14T10:46:22.682+0000] {processor.py:161} INFO - Started process (PID=153) to work on /opt/airflow/dags/main.py
[2026-05-14T10:46:22.685+0000] {processor.py:830} INFO - Processing file /opt/airflow/dags/main.py for tasks to queue
[2026-05-14T10:46:22.691+0000] {logging_mixin.py:188} INFO - [2026-05-14T10:46:22.690+0000] {dagbag.py:545} INFO - Filling up the DagBag from /opt/airflow/dags/main.py
[2026-05-14T10:46:22.799+0000] {processor.py:840} INFO - DAG(s) 'produce_json' retrieved from /opt/airflow/dags/main.py
[2026-05-14T10:46:22.842+0000] {logging_mixin.py:188} INFO - [2026-05-14T10:46:22.842+0000] {dag.py:3096} INFO - Sync 1 DAGs
[2026-05-14T10:46:22.862+0000] {logging_mixin.py:188} INFO - [2026-05-14T10:46:22.862+0000] {dag.py:3954} INFO - Setting next_dagrun for produce_json to None, run_after=None
[2026-05-14T10:46:22.893+0000] {processor.py:183} INFO - Processing /opt/airflow/dags/main.py took 0.227 seconds
[2026-05-14T10:46:53.412+0000] {processor.py:161} INFO - Started process (PID=159) to work on /opt/airflow/dags/main.py
[2026-05-14T10:46:53.435+0000] {processor.py:830} INFO - Processing file /opt/airflow/dags/main.py for tasks to queue
[2026-05-14T10:46:53.445+0000] {logging_mixin.py:188} INFO - [2026-05-14T10:46:53.444+0000] {dagbag.py:545} INFO - Filling up the DagBag from /opt/airflow/dags/main.py
[2026-05-14T10:46:54.568+0000] {processor.py:840} INFO - DAG(s) 'produce_json' retrieved from /opt/airflow/dags/main.py
[2026-05-14T10:46:54.740+0000] {logging_mixin.py:188} INFO - [2026-05-14T10:46:54.740+0000] {dag.py:3096} INFO - Sync 1 DAGs
[2026-05-14T10:46:55.052+0000] {logging_mixin.py:188} INFO - [2026-05-14T10:46:55.052+0000] {dag.py:3954} INFO - Setting next_dagrun for produce_json to None, run_after=None
[2026-05-14T10:46:55.265+0000] {processor.py:183} INFO - Processing /opt/airflow/dags/main.py took 1.906 seconds
[2026-05-14T10:47:25.964+0000] {processor.py:161} INFO - Started process (PID=166) to work on /opt/airflow/dags/main.py
[2026-05-14T10:47:25.967+0000] {processor.py:830} INFO - Processing file /opt/airflow/dags/main.py for tasks to queue
[2026-05-14T10:47:25.971+0000] {logging_mixin.py:188} INFO - [2026-05-14T10:47:25.970+0000] {dagbag.py:545} INFO - Filling up the DagBag from /opt/airflow/dags/main.py
[2026-05-14T10:47:26.147+0000] {processor.py:840} INFO - DAG(s) 'produce_json' retrieved from /opt/airflow/dags/main.py
[2026-05-14T10:47:26.183+0000] {logging_mixin.py:188} INFO - [2026-05-14T10:47:26.183+0000] {dag.py:3096} INFO - Sync 1 DAGs
[2026-05-14T10:47:26.211+0000] {logging_mixin.py:188} INFO - [2026-05-14T10:47:26.210+0000] {dag.py:3954} INFO - Setting next_dagrun for produce_json to None, run_after=None
[2026-05-14T10:47:26.248+0000] {processor.py:183} INFO - Processing /opt/airflow/dags/main.py took 0.302 seconds
[2026-05-14T10:47:56.609+0000] {processor.py:161} INFO - Started process (PID=173) to work on /opt/airflow/dags/main.py
[2026-05-14T10:47:56.612+0000] {processor.py:830} INFO - Processing file /opt/airflow/dags/main.py for tasks to queue
[2026-05-14T10:47:56.617+0000] {logging_mixin.py:188} INFO - [2026-05-14T10:47:56.616+0000] {dagbag.py:545} INFO - Filling up the DagBag from /opt/airflow/dags/main.py
[2026-05-14T10:47:56.735+0000] {processor.py:840} INFO - DAG(s) 'produce_json' retrieved from /opt/airflow/dags/main.py
[2026-05-14T10:47:56.773+0000] {logging_mixin.py:188} INFO - [2026-05-14T10:47:56.773+0000] {dag.py:3096} INFO - Sync 1 DAGs
[2026-05-14T10:47:56.796+0000] {logging_mixin.py:188} INFO - [2026-05-14T10:47:56.795+0000] {dag.py:3954} INFO - Setting next_dagrun for produce_json to None, run_after=None
[2026-05-14T10:47:56.831+0000] {processor.py:183} INFO - Processing /opt/airflow/dags/main.py took 0.235 seconds
[2026-05-14T10:48:26.983+0000] {processor.py:161} INFO - Started process (PID=181) to work on /opt/airflow/dags/main.py
[2026-05-14T10:48:26.985+0000] {processor.py:830} INFO - Processing file /opt/airflow/dags/main.py for tasks to queue
[2026-05-14T10:48:26.989+0000] {logging_mixin.py:188} INFO - [2026-05-14T10:48:26.988+0000] {dagbag.py:545} INFO - Filling up the DagBag from /opt/airflow/dags/main.py
[2026-05-14T10:48:27.075+0000] {processor.py:840} INFO - DAG(s) 'produce_json' retrieved from /opt/airflow/dags/main.py
[2026-05-14T10:48:27.123+0000] {logging_mixin.py:188} INFO - [2026-05-14T10:48:27.120+0000] {dag.py:3096} INFO - Sync 1 DAGs
[2026-05-14T10:48:27.154+0000] {logging_mixin.py:188} INFO - [2026-05-14T10:48:27.154+0000] {dag.py:3954} INFO - Setting next_dagrun for produce_json to None, run_after=None
[2026-05-14T10:48:27.233+0000] {processor.py:183} INFO - Processing /opt/airflow/dags/main.py took 0.263 seconds
[2026-05-14T10:48:57.585+0000] {processor.py:161} INFO - Started process (PID=189) to work on /opt/airflow/dags/main.py
[2026-05-14T10:48:57.588+0000] {processor.py:830} INFO - Processing file /opt/airflow/dags/main.py for tasks to queue
[2026-05-14T10:48:57.594+0000] {logging_mixin.py:188} INFO - [2026-05-14T10:48:57.593+0000] {dagbag.py:545} INFO - Filling up the DagBag from /opt/airflow/dags/main.py
[2026-05-14T10:48:57.769+0000] {processor.py:840} INFO - DAG(s) 'produce_json' retrieved from /opt/airflow/dags/main.py
[2026-05-14T10:48:57.849+0000] {logging_mixin.py:188} INFO - [2026-05-14T10:48:57.849+0000] {dag.py:3096} INFO - Sync 1 DAGs
[2026-05-14T10:48:57.946+0000] {logging_mixin.py:188} INFO - [2026-05-14T10:48:57.945+0000] {dag.py:3954} INFO - Setting next_dagrun for produce_json to None, run_after=None
[2026-05-14T10:48:58.392+0000] {processor.py:183} INFO - Processing /opt/airflow/dags/main.py took 0.826 seconds
[2026-05-14T10:49:29.057+0000] {processor.py:161} INFO - Started process (PID=196) to work on /opt/airflow/dags/main.py
[2026-05-14T10:49:29.061+0000] {processor.py:830} INFO - Processing file /opt/airflow/dags/main.py for tasks to queue
[2026-05-14T10:49:29.066+0000] {logging_mixin.py:188} INFO - [2026-05-14T10:49:29.065+0000] {dagbag.py:545} INFO - Filling up the DagBag from /opt/airflow/dags/main.py
[2026-05-14T10:49:29.183+0000] {processor.py:840} INFO - DAG(s) 'produce_json' retrieved from /opt/airflow/dags/main.py
[2026-05-14T10:49:29.221+0000] {logging_mixin.py:188} INFO - [2026-05-14T10:49:29.220+0000] {dag.py:3096} INFO - Sync 1 DAGs
[2026-05-14T10:49:29.240+0000] {logging_mixin.py:188} INFO - [2026-05-14T10:49:29.239+0000] {dag.py:3954} INFO - Setting next_dagrun for produce_json to None, run_after=None
[2026-05-14T10:49:29.296+0000] {processor.py:183} INFO - Processing /opt/airflow/dags/main.py took 0.258 seconds
[2026-05-14T10:49:59.505+0000] {processor.py:161} INFO - Started process (PID=203) to work on /opt/airflow/dags/main.py
[2026-05-14T10:49:59.507+0000] {processor.py:830} INFO - Processing file /opt/airflow/dags/main.py for tasks to queue
[2026-05-14T10:49:59.510+0000] {logging_mixin.py:188} INFO - [2026-05-14T10:49:59.510+0000] {dagbag.py:545} INFO - Filling up the DagBag from /opt/airflow/dags/main.py
[2026-05-14T10:49:59.613+0000] {processor.py:840} INFO - DAG(s) 'produce_json' retrieved from /opt/airflow/dags/main.py
[2026-05-14T10:49:59.657+0000] {logging_mixin.py:188} INFO - [2026-05-14T10:49:59.657+0000] {dag.py:3096} INFO - Sync 1 DAGs
[2026-05-14T10:49:59.680+0000] {logging_mixin.py:188} INFO - [2026-05-14T10:49:59.680+0000] {dag.py:3954} INFO - Setting next_dagrun for produce_json to None, run_after=None
[2026-05-14T10:49:59.722+0000] {processor.py:183} INFO - Processing /opt/airflow/dags/main.py took 0.259 seconds
[2026-05-14T10:50:30.023+0000] {processor.py:161} INFO - Started process (PID=210) to work on /opt/airflow/dags/main.py
[2026-05-14T10:50:30.026+0000] {processor.py:830} INFO - Processing file /opt/airflow/dags/main.py for tasks to queue
[2026-05-14T10:50:30.030+0000] {logging_mixin.py:188} INFO - [2026-05-14T10:50:30.029+0000] {dagbag.py:545} INFO - Filling up the DagBag from /opt/airflow/dags/main.py
[2026-05-14T10:50:30.131+0000] {processor.py:840} INFO - DAG(s) 'produce_json' retrieved from /opt/airflow/dags/main.py
[2026-05-14T10:50:30.166+0000] {logging_mixin.py:188} INFO - [2026-05-14T10:50:30.165+0000] {dag.py:3096} INFO - Sync 1 DAGs
[2026-05-14T10:50:30.190+0000] {logging_mixin.py:188} INFO - [2026-05-14T10:50:30.189+0000] {dag.py:3954} INFO - Setting next_dagrun for produce_json to None, run_after=None
[2026-05-14T10:50:30.227+0000] {processor.py:183} INFO - Processing /opt/airflow/dags/main.py took 0.213 seconds
[2026-05-14T10:51:00.676+0000] {processor.py:161} INFO - Started process (PID=217) to work on /opt/airflow/dags/main.py
[2026-05-14T10:51:00.678+0000] {processor.py:830} INFO - Processing file /opt/airflow/dags/main.py for tasks to queue
[2026-05-14T10:51:00.682+0000] {logging_mixin.py:188} INFO - [2026-05-14T10:51:00.682+0000] {dagbag.py:545} INFO - Filling up the DagBag from /opt/airflow/dags/main.py
[2026-05-14T10:51:00.804+0000] {processor.py:840} INFO - DAG(s) 'produce_json' retrieved from /opt/airflow/dags/main.py
[2026-05-14T10:51:00.879+0000] {logging_mixin.py:188} INFO - [2026-05-14T10:51:00.879+0000] {dag.py:3096} INFO - Sync 1 DAGs
[2026-05-14T10:51:00.899+0000] {logging_mixin.py:188} INFO - [2026-05-14T10:51:00.898+0000] {dag.py:3954} INFO - Setting next_dagrun for produce_json to None, run_after=None
[2026-05-14T10:51:00.929+0000] {processor.py:183} INFO - Processing /opt/airflow/dags/main.py took 0.264 seconds
[2026-05-14T10:51:31.264+0000] {processor.py:161} INFO - Started process (PID=224) to work on /opt/airflow/dags/main.py
[2026-05-14T10:51:31.266+0000] {processor.py:830} INFO - Processing file /opt/airflow/dags/main.py for tasks to queue
[2026-05-14T10:51:31.270+0000] {logging_mixin.py:188} INFO - [2026-05-14T10:51:31.269+0000] {dagbag.py:545} INFO - Filling up the DagBag from /opt/airflow/dags/main.py
[2026-05-14T10:51:31.383+0000] {processor.py:840} INFO - DAG(s) 'produce_json' retrieved from /opt/airflow/dags/main.py
[2026-05-14T10:51:31.421+0000] {logging_mixin.py:188} INFO - [2026-05-14T10:51:31.421+0000] {dag.py:3096} INFO - Sync 1 DAGs
[2026-05-14T10:51:31.448+0000] {logging_mixin.py:188} INFO - [2026-05-14T10:51:31.448+0000] {dag.py:3954} INFO - Setting next_dagrun for produce_json to None, run_after=None
[2026-05-14T10:51:31.487+0000] {processor.py:183} INFO - Processing /opt/airflow/dags/main.py took 0.236 seconds
[2026-05-14T10:52:01.770+0000] {processor.py:161} INFO - Started process (PID=231) to work on /opt/airflow/dags/main.py
[2026-05-14T10:52:01.772+0000] {processor.py:830} INFO - Processing file /opt/airflow/dags/main.py for tasks to queue
[2026-05-14T10:52:01.775+0000] {logging_mixin.py:188} INFO - [2026-05-14T10:52:01.775+0000] {dagbag.py:545} INFO - Filling up the DagBag from /opt/airflow/dags/main.py
[2026-05-14T10:52:01.890+0000] {processor.py:840} INFO - DAG(s) 'produce_json' retrieved from /opt/airflow/dags/main.py
[2026-05-14T10:52:01.934+0000] {logging_mixin.py:188} INFO - [2026-05-14T10:52:01.934+0000] {dag.py:3096} INFO - Sync 1 DAGs
[2026-05-14T10:52:01.955+0000] {logging_mixin.py:188} INFO - [2026-05-14T10:52:01.954+0000] {dag.py:3954} INFO - Setting next_dagrun for produce_json to None, run_after=None
[2026-05-14T10:52:01.988+0000] {processor.py:183} INFO - Processing /opt/airflow/dags/main.py took 0.230 seconds
[2026-05-14T10:52:32.277+0000] {processor.py:161} INFO - Started process (PID=238) to work on /opt/airflow/dags/main.py
[2026-05-14T10:52:32.280+0000] {processor.py:830} INFO - Processing file /opt/airflow/dags/main.py for tasks to queue
[2026-05-14T10:52:32.283+0000] {logging_mixin.py:188} INFO - [2026-05-14T10:52:32.283+0000] {dagbag.py:545} INFO - Filling up the DagBag from /opt/airflow/dags/main.py
[2026-05-14T10:52:32.406+0000] {processor.py:840} INFO - DAG(s) 'produce_json' retrieved from /opt/airflow/dags/main.py
[2026-05-14T10:52:32.440+0000] {logging_mixin.py:188} INFO - [2026-05-14T10:52:32.440+0000] {dag.py:3096} INFO - Sync 1 DAGs
[2026-05-14T10:52:32.459+0000] {logging_mixin.py:188} INFO - [2026-05-14T10:52:32.458+0000] {dag.py:3954} INFO - Setting next_dagrun for produce_json to None, run_after=None
[2026-05-14T10:52:32.498+0000] {processor.py:183} INFO - Processing /opt/airflow/dags/main.py took 0.233 seconds
[2026-05-14T10:53:02.729+0000] {processor.py:161} INFO - Started process (PID=244) to work on /opt/airflow/dags/main.py
[2026-05-14T10:53:02.731+0000] {processor.py:830} INFO - Processing file /opt/airflow/dags/main.py for tasks to queue
[2026-05-14T10:53:02.735+0000] {logging_mixin.py:188} INFO - [2026-05-14T10:53:02.734+0000] {dagbag.py:545} INFO - Filling up the DagBag from /opt/airflow/dags/main.py
[2026-05-14T10:53:02.830+0000] {processor.py:840} INFO - DAG(s) 'produce_json' retrieved from /opt/airflow/dags/main.py
[2026-05-14T10:53:02.874+0000] {logging_mixin.py:188} INFO - [2026-05-14T10:53:02.873+0000] {dag.py:3096} INFO - Sync 1 DAGs
[2026-05-14T10:53:02.894+0000] {logging_mixin.py:188} INFO - [2026-05-14T10:53:02.894+0000] {dag.py:3954} INFO - Setting next_dagrun for produce_json to None, run_after=None
[2026-05-14T10:53:02.928+0000] {processor.py:183} INFO - Processing /opt/airflow/dags/main.py took 0.210 seconds
[2026-05-14T10:53:33.277+0000] {processor.py:161} INFO - Started process (PID=251) to work on /opt/airflow/dags/main.py
[2026-05-14T10:53:33.282+0000] {processor.py:830} INFO - Processing file /opt/airflow/dags/main.py for tasks to queue
[2026-05-14T10:53:33.287+0000] {logging_mixin.py:188} INFO - [2026-05-14T10:53:33.286+0000] {dagbag.py:545} INFO - Filling up the DagBag from /opt/airflow/dags/main.py
[2026-05-14T10:53:33.366+0000] {processor.py:840} INFO - DAG(s) 'produce_json' retrieved from /opt/airflow/dags/main.py
[2026-05-14T10:53:33.400+0000] {logging_mixin.py:188} INFO - [2026-05-14T10:53:33.399+0000] {dag.py:3096} INFO - Sync 1 DAGs
[2026-05-14T10:53:33.418+0000] {logging_mixin.py:188} INFO - [2026-05-14T10:53:33.418+0000] {dag.py:3954} INFO - Setting next_dagrun for produce_json to None, run_after=None
[2026-05-14T10:53:33.454+0000] {processor.py:183} INFO - Processing /opt/airflow/dags/main.py took 0.193 seconds
[2026-05-14T10:54:03.811+0000] {processor.py:161} INFO - Started process (PID=259) to work on /opt/airflow/dags/main.py
[2026-05-14T10:54:03.813+0000] {processor.py:830} INFO - Processing file /opt/airflow/dags/main.py for tasks to queue
[2026-05-14T10:54:03.818+0000] {logging_mixin.py:188} INFO - [2026-05-14T10:54:03.817+0000] {dagbag.py:545} INFO - Filling up the DagBag from /opt/airflow/dags/main.py
[2026-05-14T10:54:03.925+0000] {processor.py:840} INFO - DAG(s) 'produce_json' retrieved from /opt/airflow/dags/main.py
[2026-05-14T10:54:03.959+0000] {logging_mixin.py:188} INFO - [2026-05-14T10:54:03.959+0000] {dag.py:3096} INFO - Sync 1 DAGs
[2026-05-14T10:54:03.978+0000] {logging_mixin.py:188} INFO - [2026-05-14T10:54:03.978+0000] {dag.py:3954} INFO - Setting next_dagrun for produce_json to None, run_after=None
[2026-05-14T10:54:04.016+0000] {processor.py:183} INFO - Processing /opt/airflow/dags/main.py took 0.217 seconds
[2026-05-14T10:54:34.284+0000] {processor.py:161} INFO - Started process (PID=267) to work on /opt/airflow/dags/main.py
[2026-05-14T10:54:34.287+0000] {processor.py:830} INFO - Processing file /opt/airflow/dags/main.py for tasks to queue
[2026-05-14T10:54:34.293+0000] {logging_mixin.py:188} INFO - [2026-05-14T10:54:34.292+0000] {dagbag.py:545} INFO - Filling up the DagBag from /opt/airflow/dags/main.py
[2026-05-14T10:54:34.411+0000] {processor.py:840} INFO - DAG(s) 'produce_json' retrieved from /opt/airflow/dags/main.py
[2026-05-14T10:54:34.448+0000] {logging_mixin.py:188} INFO - [2026-05-14T10:54:34.448+0000] {dag.py:3096} INFO - Sync 1 DAGs
[2026-05-14T10:54:34.467+0000] {logging_mixin.py:188} INFO - [2026-05-14T10:54:34.467+0000] {dag.py:3954} INFO - Setting next_dagrun for produce_json to None, run_after=None
[2026-05-14T10:54:34.536+0000] {processor.py:183} INFO - Processing /opt/airflow/dags/main.py took 0.264 seconds
[2026-05-14T10:55:05.694+0000] {processor.py:161} INFO - Started process (PID=274) to work on /opt/airflow/dags/main.py
[2026-05-14T10:55:05.708+0000] {processor.py:830} INFO - Processing file /opt/airflow/dags/main.py for tasks to queue
[2026-05-14T10:55:05.724+0000] {logging_mixin.py:188} INFO - [2026-05-14T10:55:05.724+0000] {dagbag.py:545} INFO - Filling up the DagBag from /opt/airflow/dags/main.py
[2026-05-14T10:55:05.991+0000] {processor.py:840} INFO - DAG(s) 'produce_json' retrieved from /opt/airflow/dags/main.py
[2026-05-14T10:55:06.159+0000] {logging_mixin.py:188} INFO - [2026-05-14T10:55:06.149+0000] {dag.py:3096} INFO - Sync 1 DAGs
[2026-05-14T10:55:06.259+0000] {logging_mixin.py:188} INFO - [2026-05-14T10:55:06.258+0000] {dag.py:3954} INFO - Setting next_dagrun for produce_json to None, run_after=None
[2026-05-14T10:55:06.374+0000] {processor.py:183} INFO - Processing /opt/airflow/dags/main.py took 0.716 seconds
[2026-05-14T10:55:36.957+0000] {processor.py:161} INFO - Started process (PID=282) to work on /opt/airflow/dags/main.py
[2026-05-14T10:55:36.961+0000] {processor.py:830} INFO - Processing file /opt/airflow/dags/main.py for tasks to queue
[2026-05-14T10:55:36.975+0000] {logging_mixin.py:188} INFO - [2026-05-14T10:55:36.974+0000] {dagbag.py:545} INFO - Filling up the DagBag from /opt/airflow/dags/main.py
[2026-05-14T10:55:37.262+0000] {processor.py:840} INFO - DAG(s) 'produce_json' retrieved from /opt/airflow/dags/main.py
[2026-05-14T10:55:37.414+0000] {logging_mixin.py:188} INFO - [2026-05-14T10:55:37.413+0000] {dag.py:3096} INFO - Sync 1 DAGs
[2026-05-14T10:55:37.503+0000] {logging_mixin.py:188} INFO - [2026-05-14T10:55:37.503+0000] {dag.py:3954} INFO - Setting next_dagrun for produce_json to None, run_after=None
[2026-05-14T10:55:37.645+0000] {processor.py:183} INFO - Processing /opt/airflow/dags/main.py took 0.728 seconds
[2026-05-14T10:56:08.222+0000] {processor.py:161} INFO - Started process (PID=289) to work on /opt/airflow/dags/main.py
[2026-05-14T10:56:08.225+0000] {processor.py:830} INFO - Processing file /opt/airflow/dags/main.py for tasks to queue
[2026-05-14T10:56:08.230+0000] {logging_mixin.py:188} INFO - [2026-05-14T10:56:08.229+0000] {dagbag.py:545} INFO - Filling up the DagBag from /opt/airflow/dags/main.py
[2026-05-14T10:56:08.407+0000] {processor.py:840} INFO - DAG(s) 'produce_json' retrieved from /opt/airflow/dags/main.py
[2026-05-14T10:56:08.489+0000] {logging_mixin.py:188} INFO - [2026-05-14T10:56:08.488+0000] {dag.py:3096} INFO - Sync 1 DAGs
[2026-05-14T10:56:08.548+0000] {logging_mixin.py:188} INFO - [2026-05-14T10:56:08.547+0000] {dag.py:3954} INFO - Setting next_dagrun for produce_json to None, run_after=None
[2026-05-14T10:56:08.638+0000] {processor.py:183} INFO - Processing /opt/airflow/dags/main.py took 0.437 seconds
[2026-05-14T10:56:39.166+0000] {processor.py:161} INFO - Started process (PID=296) to work on /opt/airflow/dags/main.py
[2026-05-14T10:56:39.169+0000] {processor.py:830} INFO - Processing file /opt/airflow/dags/main.py for tasks to queue
[2026-05-14T10:56:39.173+0000] {logging_mixin.py:188} INFO - [2026-05-14T10:56:39.172+0000] {dagbag.py:545} INFO - Filling up the DagBag from /opt/airflow/dags/main.py
[2026-05-14T10:56:39.267+0000] {processor.py:840} INFO - DAG(s) 'produce_json' retrieved from /opt/airflow/dags/main.py
[2026-05-14T10:56:39.300+0000] {logging_mixin.py:188} INFO - [2026-05-14T10:56:39.299+0000] {dag.py:3096} INFO - Sync 1 DAGs
[2026-05-14T10:56:39.319+0000] {logging_mixin.py:188} INFO - [2026-05-14T10:56:39.319+0000] {dag.py:3954} INFO - Setting next_dagrun for produce_json to None, run_after=None
[2026-05-14T10:56:39.371+0000] {processor.py:183} INFO - Processing /opt/airflow/dags/main.py took 0.222 seconds
[2026-05-14T10:57:09.529+0000] {processor.py:161} INFO - Started process (PID=303) to work on /opt/airflow/dags/main.py
[2026-05-14T10:57:09.532+0000] {processor.py:830} INFO - Processing file /opt/airflow/dags/main.py for tasks to queue
[2026-05-14T10:57:09.537+0000] {logging_mixin.py:188} INFO - [2026-05-14T10:57:09.536+0000] {dagbag.py:545} INFO - Filling up the DagBag from /opt/airflow/dags/main.py
[2026-05-14T10:57:09.646+0000] {processor.py:840} INFO - DAG(s) 'produce_json' retrieved from /opt/airflow/dags/main.py
[2026-05-14T10:57:09.682+0000] {logging_mixin.py:188} INFO - [2026-05-14T10:57:09.681+0000] {dag.py:3096} INFO - Sync 1 DAGs
[2026-05-14T10:57:09.701+0000] {logging_mixin.py:188} INFO - [2026-05-14T10:57:09.701+0000] {dag.py:3954} INFO - Setting next_dagrun for produce_json to None, run_after=None
[2026-05-14T10:57:09.737+0000] {processor.py:183} INFO - Processing /opt/airflow/dags/main.py took 0.224 seconds
[2026-05-14T10:57:40.123+0000] {processor.py:161} INFO - Started process (PID=311) to work on /opt/airflow/dags/main.py
[2026-05-14T10:57:40.125+0000] {processor.py:830} INFO - Processing file /opt/airflow/dags/main.py for tasks to queue
[2026-05-14T10:57:40.129+0000] {logging_mixin.py:188} INFO - [2026-05-14T10:57:40.128+0000] {dagbag.py:545} INFO - Filling up the DagBag from /opt/airflow/dags/main.py
[2026-05-14T10:57:40.232+0000] {processor.py:840} INFO - DAG(s) 'produce_json' retrieved from /opt/airflow/dags/main.py
[2026-05-14T10:57:40.272+0000] {logging_mixin.py:188} INFO - [2026-05-14T10:57:40.272+0000] {dag.py:3096} INFO - Sync 1 DAGs
[2026-05-14T10:57:40.302+0000] {logging_mixin.py:188} INFO - [2026-05-14T10:57:40.302+0000] {dag.py:3954} INFO - Setting next_dagrun for produce_json to None, run_after=None
[2026-05-14T10:57:40.346+0000] {processor.py:183} INFO - Processing /opt/airflow/dags/main.py took 0.239 seconds
[2026-05-14T10:58:10.525+0000] {processor.py:161} INFO - Started process (PID=318) to work on /opt/airflow/dags/main.py
[2026-05-14T10:58:10.528+0000] {processor.py:830} INFO - Processing file /opt/airflow/dags/main.py for tasks to queue
[2026-05-14T10:58:10.532+0000] {logging_mixin.py:188} INFO - [2026-05-14T10:58:10.531+0000] {dagbag.py:545} INFO - Filling up the DagBag from /opt/airflow/dags/main.py
[2026-05-14T10:58:10.655+0000] {processor.py:840} INFO - DAG(s) 'produce_json' retrieved from /opt/airflow/dags/main.py
[2026-05-14T10:58:10.703+0000] {logging_mixin.py:188} INFO - [2026-05-14T10:58:10.702+0000] {dag.py:3096} INFO - Sync 1 DAGs
[2026-05-14T10:58:10.733+0000] {logging_mixin.py:188} INFO - [2026-05-14T10:58:10.732+0000] {dag.py:3954} INFO - Setting next_dagrun for produce_json to None, run_after=None
[2026-05-14T10:58:10.801+0000] {processor.py:183} INFO - Processing /opt/airflow/dags/main.py took 0.292 seconds
[2026-05-14T10:58:41.129+0000] {processor.py:161} INFO - Started process (PID=325) to work on /opt/airflow/dags/main.py
[2026-05-14T10:58:41.131+0000] {processor.py:830} INFO - Processing file /opt/airflow/dags/main.py for tasks to queue
[2026-05-14T10:58:41.135+0000] {logging_mixin.py:188} INFO - [2026-05-14T10:58:41.135+0000] {dagbag.py:545} INFO - Filling up the DagBag from /opt/airflow/dags/main.py
[2026-05-14T10:58:41.231+0000] {processor.py:840} INFO - DAG(s) 'produce_json' retrieved from /opt/airflow/dags/main.py
[2026-05-14T10:58:41.266+0000] {logging_mixin.py:188} INFO - [2026-05-14T10:58:41.265+0000] {dag.py:3096} INFO - Sync 1 DAGs
[2026-05-14T10:58:41.285+0000] {logging_mixin.py:188} INFO - [2026-05-14T10:58:41.284+0000] {dag.py:3954} INFO - Setting next_dagrun for produce_json to None, run_after=None
[2026-05-14T10:58:41.322+0000] {processor.py:183} INFO - Processing /opt/airflow/dags/main.py took 0.204 seconds
[2026-05-14T10:59:11.601+0000] {processor.py:161} INFO - Started process (PID=333) to work on /opt/airflow/dags/main.py
[2026-05-14T10:59:11.603+0000] {processor.py:830} INFO - Processing file /opt/airflow/dags/main.py for tasks to queue
[2026-05-14T10:59:11.607+0000] {logging_mixin.py:188} INFO - [2026-05-14T10:59:11.606+0000] {dagbag.py:545} INFO - Filling up the DagBag from /opt/airflow/dags/main.py
[2026-05-14T10:59:11.711+0000] {processor.py:840} INFO - DAG(s) 'produce_json' retrieved from /opt/airflow/dags/main.py
[2026-05-14T10:59:11.744+0000] {logging_mixin.py:188} INFO - [2026-05-14T10:59:11.744+0000] {dag.py:3096} INFO - Sync 1 DAGs
[2026-05-14T10:59:11.764+0000] {logging_mixin.py:188} INFO - [2026-05-14T10:59:11.763+0000] {dag.py:3954} INFO - Setting next_dagrun for produce_json to None, run_after=None
[2026-05-14T10:59:11.804+0000] {processor.py:183} INFO - Processing /opt/airflow/dags/main.py took 0.216 seconds
[2026-05-14T10:59:42.143+0000] {processor.py:161} INFO - Started process (PID=339) to work on /opt/airflow/dags/main.py
[2026-05-14T10:59:42.145+0000] {processor.py:830} INFO - Processing file /opt/airflow/dags/main.py for tasks to queue
[2026-05-14T10:59:42.150+0000] {logging_mixin.py:188} INFO - [2026-05-14T10:59:42.149+0000] {dagbag.py:545} INFO - Filling up the DagBag from /opt/airflow/dags/main.py
[2026-05-14T10:59:42.362+0000] {processor.py:840} INFO - DAG(s) 'produce_json' retrieved from /opt/airflow/dags/main.py
[2026-05-14T10:59:42.473+0000] {logging_mixin.py:188} INFO - [2026-05-14T10:59:42.472+0000] {dag.py:3096} INFO - Sync 1 DAGs
[2026-05-14T10:59:42.581+0000] {logging_mixin.py:188} INFO - [2026-05-14T10:59:42.579+0000] {dag.py:3954} INFO - Setting next_dagrun for produce_json to None, run_after=None
[2026-05-14T10:59:42.689+0000] {processor.py:183} INFO - Processing /opt/airflow/dags/main.py took 0.561 seconds
[2026-05-14T11:00:13.109+0000] {processor.py:161} INFO - Started process (PID=346) to work on /opt/airflow/dags/main.py
[2026-05-14T11:00:13.111+0000] {processor.py:830} INFO - Processing file /opt/airflow/dags/main.py for tasks to queue
[2026-05-14T11:00:13.115+0000] {logging_mixin.py:188} INFO - [2026-05-14T11:00:13.114+0000] {dagbag.py:545} INFO - Filling up the DagBag from /opt/airflow/dags/main.py
[2026-05-14T11:00:13.202+0000] {processor.py:840} INFO - DAG(s) 'produce_json' retrieved from /opt/airflow/dags/main.py
[2026-05-14T11:00:13.245+0000] {logging_mixin.py:188} INFO - [2026-05-14T11:00:13.244+0000] {dag.py:3096} INFO - Sync 1 DAGs
[2026-05-14T11:00:13.266+0000] {logging_mixin.py:188} INFO - [2026-05-14T11:00:13.265+0000] {dag.py:3954} INFO - Setting next_dagrun for produce_json to None, run_after=None
[2026-05-14T11:00:13.302+0000] {processor.py:183} INFO - Processing /opt/airflow/dags/main.py took 0.205 seconds
[2026-05-14T11:00:43.474+0000] {processor.py:161} INFO - Started process (PID=353) to work on /opt/airflow/dags/main.py
[2026-05-14T11:00:43.476+0000] {processor.py:830} INFO - Processing file /opt/airflow/dags/main.py for tasks to queue
[2026-05-14T11:00:43.480+0000] {logging_mixin.py:188} INFO - [2026-05-14T11:00:43.480+0000] {dagbag.py:545} INFO - Filling up the DagBag from /opt/airflow/dags/main.py
[2026-05-14T11:00:43.583+0000] {processor.py:840} INFO - DAG(s) 'produce_json' retrieved from /opt/airflow/dags/main.py
[2026-05-14T11:00:43.620+0000] {logging_mixin.py:188} INFO - [2026-05-14T11:00:43.619+0000] {dag.py:3096} INFO - Sync 1 DAGs
[2026-05-14T11:00:43.642+0000] {logging_mixin.py:188} INFO - [2026-05-14T11:00:43.641+0000] {dag.py:3954} INFO - Setting next_dagrun for produce_json to None, run_after=None
[2026-05-14T11:00:43.682+0000] {processor.py:183} INFO - Processing /opt/airflow/dags/main.py took 0.219 seconds
[2026-05-14T11:01:14.274+0000] {processor.py:161} INFO - Started process (PID=360) to work on /opt/airflow/dags/main.py
[2026-05-14T11:01:14.279+0000] {processor.py:830} INFO - Processing file /opt/airflow/dags/main.py for tasks to queue
[2026-05-14T11:01:14.290+0000] {logging_mixin.py:188} INFO - [2026-05-14T11:01:14.289+0000] {dagbag.py:545} INFO - Filling up the DagBag from /opt/airflow/dags/main.py
[2026-05-14T11:01:14.415+0000] {processor.py:840} INFO - DAG(s) 'produce_json' retrieved from /opt/airflow/dags/main.py
[2026-05-14T11:01:14.475+0000] {logging_mixin.py:188} INFO - [2026-05-14T11:01:14.474+0000] {dag.py:3096} INFO - Sync 1 DAGs
[2026-05-14T11:01:14.539+0000] {logging_mixin.py:188} INFO - [2026-05-14T11:01:14.539+0000] {dag.py:3954} INFO - Setting next_dagrun for produce_json to None, run_after=None
[2026-05-14T11:01:14.600+0000] {processor.py:183} INFO - Processing /opt/airflow/dags/main.py took 0.359 seconds
[2026-05-14T11:01:44.956+0000] {processor.py:161} INFO - Started process (PID=367) to work on /opt/airflow/dags/main.py
[2026-05-14T11:01:44.958+0000] {processor.py:830} INFO - Processing file /opt/airflow/dags/main.py for tasks to queue
[2026-05-14T11:01:44.963+0000] {logging_mixin.py:188} INFO - [2026-05-14T11:01:44.962+0000] {dagbag.py:545} INFO - Filling up the DagBag from /opt/airflow/dags/main.py
[2026-05-14T11:01:45.059+0000] {processor.py:840} INFO - DAG(s) 'produce_json' retrieved from /opt/airflow/dags/main.py
[2026-05-14T11:01:45.094+0000] {logging_mixin.py:188} INFO - [2026-05-14T11:01:45.094+0000] {dag.py:3096} INFO - Sync 1 DAGs
[2026-05-14T11:01:45.113+0000] {logging_mixin.py:188} INFO - [2026-05-14T11:01:45.113+0000] {dag.py:3954} INFO - Setting next_dagrun for produce_json to None, run_after=None
[2026-05-14T11:01:45.150+0000] {processor.py:183} INFO - Processing /opt/airflow/dags/main.py took 0.208 seconds
[2026-05-14T11:02:15.321+0000] {processor.py:161} INFO - Started process (PID=374) to work on /opt/airflow/dags/main.py
[2026-05-14T11:02:15.325+0000] {processor.py:830} INFO - Processing file /opt/airflow/dags/main.py for tasks to queue
[2026-05-14T11:02:15.330+0000] {logging_mixin.py:188} INFO - [2026-05-14T11:02:15.330+0000] {dagbag.py:545} INFO - Filling up the DagBag from /opt/airflow/dags/main.py
[2026-05-14T11:02:15.438+0000] {processor.py:840} INFO - DAG(s) 'produce_json' retrieved from /opt/airflow/dags/main.py
[2026-05-14T11:02:15.471+0000] {logging_mixin.py:188} INFO - [2026-05-14T11:02:15.471+0000] {dag.py:3096} INFO - Sync 1 DAGs
[2026-05-14T11:02:15.491+0000] {logging_mixin.py:188} INFO - [2026-05-14T11:02:15.490+0000] {dag.py:3954} INFO - Setting next_dagrun for produce_json to None, run_after=None
[2026-05-14T11:02:15.527+0000] {processor.py:183} INFO - Processing /opt/airflow/dags/main.py took 0.225 seconds
[2026-05-14T11:02:45.907+0000] {processor.py:161} INFO - Started process (PID=380) to work on /opt/airflow/dags/main.py
[2026-05-14T11:02:45.910+0000] {processor.py:830} INFO - Processing file /opt/airflow/dags/main.py for tasks to queue
[2026-05-14T11:02:45.915+0000] {logging_mixin.py:188} INFO - [2026-05-14T11:02:45.914+0000] {dagbag.py:545} INFO - Filling up the DagBag from /opt/airflow/dags/main.py
[2026-05-14T11:02:46.005+0000] {processor.py:840} INFO - DAG(s) 'produce_json' retrieved from /opt/airflow/dags/main.py
[2026-05-14T11:02:46.037+0000] {logging_mixin.py:188} INFO - [2026-05-14T11:02:46.037+0000] {dag.py:3096} INFO - Sync 1 DAGs
[2026-05-14T11:02:46.056+0000] {logging_mixin.py:188} INFO - [2026-05-14T11:02:46.055+0000] {dag.py:3954} INFO - Setting next_dagrun for produce_json to None, run_after=None
[2026-05-14T11:02:46.100+0000] {processor.py:183} INFO - Processing /opt/airflow/dags/main.py took 0.210 seconds
[2026-05-14T11:03:16.309+0000] {processor.py:161} INFO - Started process (PID=387) to work on /opt/airflow/dags/main.py
[2026-05-14T11:03:16.311+0000] {processor.py:830} INFO - Processing file /opt/airflow/dags/main.py for tasks to queue
[2026-05-14T11:03:16.315+0000] {logging_mixin.py:188} INFO - [2026-05-14T11:03:16.315+0000] {dagbag.py:545} INFO - Filling up the DagBag from /opt/airflow/dags/main.py
[2026-05-14T11:03:16.410+0000] {processor.py:840} INFO - DAG(s) 'produce_json' retrieved from /opt/airflow/dags/main.py
[2026-05-14T11:03:16.450+0000] {logging_mixin.py:188} INFO - [2026-05-14T11:03:16.449+0000] {dag.py:3096} INFO - Sync 1 DAGs
[2026-05-14T11:03:16.482+0000] {logging_mixin.py:188} INFO - [2026-05-14T11:03:16.481+0000] {dag.py:3954} INFO - Setting next_dagrun for produce_json to None, run_after=None
[2026-05-14T11:03:16.518+0000] {processor.py:183} INFO - Processing /opt/airflow/dags/main.py took 0.232 seconds
[2026-05-14T11:03:46.959+0000] {processor.py:161} INFO - Started process (PID=394) to work on /opt/airflow/dags/main.py
[2026-05-14T11:03:46.962+0000] {processor.py:830} INFO - Processing file /opt/airflow/dags/main.py for tasks to queue
[2026-05-14T11:03:46.967+0000] {logging_mixin.py:188} INFO - [2026-05-14T11:03:46.966+0000] {dagbag.py:545} INFO - Filling up the DagBag from /opt/airflow/dags/main.py
[2026-05-14T11:03:47.085+0000] {processor.py:840} INFO - DAG(s) 'produce_json' retrieved from /opt/airflow/dags/main.py
[2026-05-14T11:03:47.136+0000] {logging_mixin.py:188} INFO - [2026-05-14T11:03:47.135+0000] {dag.py:3096} INFO - Sync 1 DAGs
[2026-05-14T11:03:47.178+0000] {logging_mixin.py:188} INFO - [2026-05-14T11:03:47.178+0000] {dag.py:3954} INFO - Setting next_dagrun for produce_json to None, run_after=None
[2026-05-14T11:03:47.238+0000] {processor.py:183} INFO - Processing /opt/airflow/dags/main.py took 0.298 seconds
[2026-05-14T11:04:17.334+0000] {processor.py:161} INFO - Started process (PID=401) to work on /opt/airflow/dags/main.py
[2026-05-14T11:04:17.336+0000] {processor.py:830} INFO - Processing file /opt/airflow/dags/main.py for tasks to queue
[2026-05-14T11:04:17.341+0000] {logging_mixin.py:188} INFO - [2026-05-14T11:04:17.340+0000] {dagbag.py:545} INFO - Filling up the DagBag from /opt/airflow/dags/main.py
[2026-05-14T11:04:17.460+0000] {processor.py:840} INFO - DAG(s) 'produce_json' retrieved from /opt/airflow/dags/main.py
[2026-05-14T11:04:17.517+0000] {logging_mixin.py:188} INFO - [2026-05-14T11:04:17.516+0000] {dag.py:3096} INFO - Sync 1 DAGs
[2026-05-14T11:04:17.544+0000] {logging_mixin.py:188} INFO - [2026-05-14T11:04:17.543+0000] {dag.py:3954} INFO - Setting next_dagrun for produce_json to None, run_after=None
[2026-05-14T11:04:17.634+0000] {processor.py:183} INFO - Processing /opt/airflow/dags/main.py took 0.315 seconds
[2026-05-14T11:04:48.086+0000] {processor.py:161} INFO - Started process (PID=408) to work on /opt/airflow/dags/main.py
[2026-05-14T11:04:48.088+0000] {processor.py:830} INFO - Processing file /opt/airflow/dags/main.py for tasks to queue
[2026-05-14T11:04:48.092+0000] {logging_mixin.py:188} INFO - [2026-05-14T11:04:48.091+0000] {dagbag.py:545} INFO - Filling up the DagBag from /opt/airflow/dags/main.py
[2026-05-14T11:04:48.362+0000] {processor.py:840} INFO - DAG(s) 'produce_json' retrieved from /opt/airflow/dags/main.py
[2026-05-14T11:04:48.504+0000] {logging_mixin.py:188} INFO - [2026-05-14T11:04:48.503+0000] {dag.py:3096} INFO - Sync 1 DAGs
[2026-05-14T11:04:48.572+0000] {logging_mixin.py:188} INFO - [2026-05-14T11:04:48.571+0000] {dag.py:3954} INFO - Setting next_dagrun for produce_json to None, run_after=None
[2026-05-14T11:04:48.626+0000] {processor.py:183} INFO - Processing /opt/airflow/dags/main.py took 0.556 seconds
[2026-05-14T11:05:19.078+0000] {processor.py:161} INFO - Started process (PID=415) to work on /opt/airflow/dags/main.py
[2026-05-14T11:05:19.080+0000] {processor.py:830} INFO - Processing file /opt/airflow/dags/main.py for tasks to queue
[2026-05-14T11:05:19.084+0000] {logging_mixin.py:188} INFO - [2026-05-14T11:05:19.084+0000] {dagbag.py:545} INFO - Filling up the DagBag from /opt/airflow/dags/main.py
[2026-05-14T11:05:19.180+0000] {processor.py:840} INFO - DAG(s) 'produce_json' retrieved from /opt/airflow/dags/main.py
[2026-05-14T11:05:19.230+0000] {logging_mixin.py:188} INFO - [2026-05-14T11:05:19.229+0000] {dag.py:3096} INFO - Sync 1 DAGs
[2026-05-14T11:05:19.253+0000] {logging_mixin.py:188} INFO - [2026-05-14T11:05:19.253+0000] {dag.py:3954} INFO - Setting next_dagrun for produce_json to None, run_after=None
[2026-05-14T11:05:19.297+0000] {processor.py:183} INFO - Processing /opt/airflow/dags/main.py took 0.232 seconds
[2026-05-14T11:05:49.535+0000] {processor.py:161} INFO - Started process (PID=422) to work on /opt/airflow/dags/main.py
[2026-05-14T11:05:49.538+0000] {processor.py:830} INFO - Processing file /opt/airflow/dags/main.py for tasks to queue
[2026-05-14T11:05:49.543+0000] {logging_mixin.py:188} INFO - [2026-05-14T11:05:49.542+0000] {dagbag.py:545} INFO - Filling up the DagBag from /opt/airflow/dags/main.py
[2026-05-14T11:05:49.721+0000] {processor.py:840} INFO - DAG(s) 'produce_json' retrieved from /opt/airflow/dags/main.py
[2026-05-14T11:05:49.766+0000] {logging_mixin.py:188} INFO - [2026-05-14T11:05:49.765+0000] {dag.py:3096} INFO - Sync 1 DAGs
[2026-05-14T11:05:49.790+0000] {logging_mixin.py:188} INFO - [2026-05-14T11:05:49.790+0000] {dag.py:3954} INFO - Setting next_dagrun for produce_json to None, run_after=None
[2026-05-14T11:05:49.833+0000] {processor.py:183} INFO - Processing /opt/airflow/dags/main.py took 0.316 seconds
[2026-05-14T11:06:19.972+0000] {processor.py:161} INFO - Started process (PID=429) to work on /opt/airflow/dags/main.py
[2026-05-14T11:06:19.975+0000] {processor.py:830} INFO - Processing file /opt/airflow/dags/main.py for tasks to queue
[2026-05-14T11:06:19.982+0000] {logging_mixin.py:188} INFO - [2026-05-14T11:06:19.979+0000] {dagbag.py:545} INFO - Filling up the DagBag from /opt/airflow/dags/main.py
[2026-05-14T11:06:20.088+0000] {processor.py:840} INFO - DAG(s) 'produce_json' retrieved from /opt/airflow/dags/main.py
[2026-05-14T11:06:20.149+0000] {logging_mixin.py:188} INFO - [2026-05-14T11:06:20.148+0000] {dag.py:3096} INFO - Sync 1 DAGs
[2026-05-14T11:06:20.221+0000] {logging_mixin.py:188} INFO - [2026-05-14T11:06:20.220+0000] {dag.py:3954} INFO - Setting next_dagrun for produce_json to None, run_after=None
[2026-05-14T11:06:20.298+0000] {processor.py:183} INFO - Processing /opt/airflow/dags/main.py took 0.346 seconds
[2026-05-14T11:06:50.670+0000] {processor.py:161} INFO - Started process (PID=435) to work on /opt/airflow/dags/main.py
[2026-05-14T11:06:50.683+0000] {processor.py:830} INFO - Processing file /opt/airflow/dags/main.py for tasks to queue
[2026-05-14T11:06:50.699+0000] {logging_mixin.py:188} INFO - [2026-05-14T11:06:50.693+0000] {dagbag.py:545} INFO - Filling up the DagBag from /opt/airflow/dags/main.py
[2026-05-14T11:06:50.946+0000] {processor.py:840} INFO - DAG(s) 'produce_json' retrieved from /opt/airflow/dags/main.py
[2026-05-14T11:06:51.023+0000] {logging_mixin.py:188} INFO - [2026-05-14T11:06:51.023+0000] {dag.py:3096} INFO - Sync 1 DAGs
[2026-05-14T11:06:51.062+0000] {logging_mixin.py:188} INFO - [2026-05-14T11:06:51.062+0000] {dag.py:3954} INFO - Setting next_dagrun for produce_json to None, run_after=None
[2026-05-14T11:06:51.106+0000] {processor.py:183} INFO - Processing /opt/airflow/dags/main.py took 0.477 seconds
[2026-05-14T11:07:21.280+0000] {processor.py:161} INFO - Started process (PID=442) to work on /opt/airflow/dags/main.py
[2026-05-14T11:07:21.290+0000] {processor.py:830} INFO - Processing file /opt/airflow/dags/main.py for tasks to queue
[2026-05-14T11:07:21.298+0000] {logging_mixin.py:188} INFO - [2026-05-14T11:07:21.297+0000] {dagbag.py:545} INFO - Filling up the DagBag from /opt/airflow/dags/main.py
[2026-05-14T11:07:21.415+0000] {processor.py:840} INFO - DAG(s) 'produce_json' retrieved from /opt/airflow/dags/main.py
[2026-05-14T11:07:21.449+0000] {logging_mixin.py:188} INFO - [2026-05-14T11:07:21.449+0000] {dag.py:3096} INFO - Sync 1 DAGs
[2026-05-14T11:07:21.468+0000] {logging_mixin.py:188} INFO - [2026-05-14T11:07:21.468+0000] {dag.py:3954} INFO - Setting next_dagrun for produce_json to None, run_after=None
[2026-05-14T11:07:21.511+0000] {processor.py:183} INFO - Processing /opt/airflow/dags/main.py took 0.258 seconds
[2026-05-14T11:07:51.856+0000] {processor.py:161} INFO - Started process (PID=449) to work on /opt/airflow/dags/main.py
[2026-05-14T11:07:51.859+0000] {processor.py:830} INFO - Processing file /opt/airflow/dags/main.py for tasks to queue
[2026-05-14T11:07:51.863+0000] {logging_mixin.py:188} INFO - [2026-05-14T11:07:51.863+0000] {dagbag.py:545} INFO - Filling up the DagBag from /opt/airflow/dags/main.py
[2026-05-14T11:07:51.983+0000] {processor.py:840} INFO - DAG(s) 'produce_json' retrieved from /opt/airflow/dags/main.py
[2026-05-14T11:07:52.026+0000] {logging_mixin.py:188} INFO - [2026-05-14T11:07:52.026+0000] {dag.py:3096} INFO - Sync 1 DAGs
[2026-05-14T11:07:52.047+0000] {logging_mixin.py:188} INFO - [2026-05-14T11:07:52.047+0000] {dag.py:3954} INFO - Setting next_dagrun for produce_json to None, run_after=None
[2026-05-14T11:07:52.085+0000] {processor.py:183} INFO - Processing /opt/airflow/dags/main.py took 0.245 seconds
[2026-05-14T11:08:22.406+0000] {processor.py:161} INFO - Started process (PID=456) to work on /opt/airflow/dags/main.py
[2026-05-14T11:08:22.409+0000] {processor.py:830} INFO - Processing file /opt/airflow/dags/main.py for tasks to queue
[2026-05-14T11:08:22.416+0000] {logging_mixin.py:188} INFO - [2026-05-14T11:08:22.415+0000] {dagbag.py:545} INFO - Filling up the DagBag from /opt/airflow/dags/main.py
[2026-05-14T11:08:22.554+0000] {processor.py:840} INFO - DAG(s) 'produce_json' retrieved from /opt/airflow/dags/main.py
[2026-05-14T11:08:22.609+0000] {logging_mixin.py:188} INFO - [2026-05-14T11:08:22.609+0000] {dag.py:3096} INFO - Sync 1 DAGs
[2026-05-14T11:08:22.633+0000] {logging_mixin.py:188} INFO - [2026-05-14T11:08:22.633+0000] {dag.py:3954} INFO - Setting next_dagrun for produce_json to None, run_after=None
[2026-05-14T11:08:22.891+0000] {processor.py:183} INFO - Processing /opt/airflow/dags/main.py took 0.501 seconds
[2026-05-14T11:08:53.485+0000] {processor.py:161} INFO - Started process (PID=463) to work on /opt/airflow/dags/main.py
[2026-05-14T11:08:53.487+0000] {processor.py:830} INFO - Processing file /opt/airflow/dags/main.py for tasks to queue
[2026-05-14T11:08:53.491+0000] {logging_mixin.py:188} INFO - [2026-05-14T11:08:53.491+0000] {dagbag.py:545} INFO - Filling up the DagBag from /opt/airflow/dags/main.py
[2026-05-14T11:08:53.566+0000] {processor.py:840} INFO - DAG(s) 'produce_json' retrieved from /opt/airflow/dags/main.py
[2026-05-14T11:08:53.603+0000] {logging_mixin.py:188} INFO - [2026-05-14T11:08:53.602+0000] {dag.py:3096} INFO - Sync 1 DAGs
[2026-05-14T11:08:53.624+0000] {logging_mixin.py:188} INFO - [2026-05-14T11:08:53.623+0000] {dag.py:3954} INFO - Setting next_dagrun for produce_json to None, run_after=None
[2026-05-14T11:08:53.660+0000] {processor.py:183} INFO - Processing /opt/airflow/dags/main.py took 0.190 seconds
[2026-05-14T11:09:23.842+0000] {processor.py:161} INFO - Started process (PID=470) to work on /opt/airflow/dags/main.py
[2026-05-14T11:09:23.844+0000] {processor.py:830} INFO - Processing file /opt/airflow/dags/main.py for tasks to queue
[2026-05-14T11:09:23.849+0000] {logging_mixin.py:188} INFO - [2026-05-14T11:09:23.848+0000] {dagbag.py:545} INFO - Filling up the DagBag from /opt/airflow/dags/main.py
[2026-05-14T11:09:24.035+0000] {processor.py:840} INFO - DAG(s) 'produce_json' retrieved from /opt/airflow/dags/main.py
[2026-05-14T11:09:24.116+0000] {logging_mixin.py:188} INFO - [2026-05-14T11:09:24.115+0000] {dag.py:3096} INFO - Sync 1 DAGs
[2026-05-14T11:09:24.147+0000] {logging_mixin.py:188} INFO - [2026-05-14T11:09:24.146+0000] {dag.py:3954} INFO - Setting next_dagrun for produce_json to None, run_after=None
[2026-05-14T11:09:24.204+0000] {processor.py:183} INFO - Processing /opt/airflow/dags/main.py took 0.381 seconds
[2026-05-14T11:09:54.628+0000] {processor.py:161} INFO - Started process (PID=477) to work on /opt/airflow/dags/main.py
[2026-05-14T11:09:54.631+0000] {processor.py:830} INFO - Processing file /opt/airflow/dags/main.py for tasks to queue
[2026-05-14T11:09:54.636+0000] {logging_mixin.py:188} INFO - [2026-05-14T11:09:54.635+0000] {dagbag.py:545} INFO - Filling up the DagBag from /opt/airflow/dags/main.py
[2026-05-14T11:09:54.750+0000] {processor.py:840} INFO - DAG(s) 'produce_json' retrieved from /opt/airflow/dags/main.py
[2026-05-14T11:09:54.796+0000] {logging_mixin.py:188} INFO - [2026-05-14T11:09:54.795+0000] {dag.py:3096} INFO - Sync 1 DAGs
[2026-05-14T11:09:54.829+0000] {logging_mixin.py:188} INFO - [2026-05-14T11:09:54.828+0000] {dag.py:3954} INFO - Setting next_dagrun for produce_json to None, run_after=None
[2026-05-14T11:09:54.866+0000] {processor.py:183} INFO - Processing /opt/airflow/dags/main.py took 0.256 seconds
[2026-05-14T11:10:25.228+0000] {processor.py:161} INFO - Started process (PID=491) to work on /opt/airflow/dags/main.py
[2026-05-14T11:10:25.232+0000] {processor.py:830} INFO - Processing file /opt/airflow/dags/main.py for tasks to queue
[2026-05-14T11:10:25.236+0000] {logging_mixin.py:188} INFO - [2026-05-14T11:10:25.236+0000] {dagbag.py:545} INFO - Filling up the DagBag from /opt/airflow/dags/main.py
[2026-05-14T11:10:25.343+0000] {processor.py:840} INFO - DAG(s) 'produce_json' retrieved from /opt/airflow/dags/main.py
[2026-05-14T11:10:25.416+0000] {logging_mixin.py:188} INFO - [2026-05-14T11:10:25.415+0000] {dag.py:3096} INFO - Sync 1 DAGs
[2026-05-14T11:10:25.476+0000] {logging_mixin.py:188} INFO - [2026-05-14T11:10:25.475+0000] {dag.py:3954} INFO - Setting next_dagrun for produce_json to None, run_after=None
[2026-05-14T11:10:25.605+0000] {processor.py:183} INFO - Processing /opt/airflow/dags/main.py took 0.395 seconds
[2026-05-14T11:10:56.530+0000] {processor.py:161} INFO - Started process (PID=498) to work on /opt/airflow/dags/main.py
[2026-05-14T11:10:56.532+0000] {processor.py:830} INFO - Processing file /opt/airflow/dags/main.py for tasks to queue
[2026-05-14T11:10:56.536+0000] {logging_mixin.py:188} INFO - [2026-05-14T11:10:56.536+0000] {dagbag.py:545} INFO - Filling up the DagBag from /opt/airflow/dags/main.py
[2026-05-14T11:10:56.630+0000] {processor.py:840} INFO - DAG(s) 'produce_json' retrieved from /opt/airflow/dags/main.py
[2026-05-14T11:10:56.675+0000] {logging_mixin.py:188} INFO - [2026-05-14T11:10:56.674+0000] {dag.py:3096} INFO - Sync 1 DAGs
[2026-05-14T11:10:56.726+0000] {logging_mixin.py:188} INFO - [2026-05-14T11:10:56.725+0000] {dag.py:3954} INFO - Setting next_dagrun for produce_json to None, run_after=None
[2026-05-14T11:10:56.800+0000] {processor.py:183} INFO - Processing /opt/airflow/dags/main.py took 0.285 seconds
[2026-05-14T11:11:27.287+0000] {processor.py:161} INFO - Started process (PID=505) to work on /opt/airflow/dags/main.py
[2026-05-14T11:11:27.290+0000] {processor.py:830} INFO - Processing file /opt/airflow/dags/main.py for tasks to queue
[2026-05-14T11:11:27.297+0000] {logging_mixin.py:188} INFO - [2026-05-14T11:11:27.296+0000] {dagbag.py:545} INFO - Filling up the DagBag from /opt/airflow/dags/main.py
[2026-05-14T11:11:27.431+0000] {processor.py:840} INFO - DAG(s) 'produce_json' retrieved from /opt/airflow/dags/main.py
[2026-05-14T11:11:27.512+0000] {logging_mixin.py:188} INFO - [2026-05-14T11:11:27.511+0000] {dag.py:3096} INFO - Sync 1 DAGs
[2026-05-14T11:11:27.558+0000] {logging_mixin.py:188} INFO - [2026-05-14T11:11:27.558+0000] {dag.py:3954} INFO - Setting next_dagrun for produce_json to None, run_after=None
[2026-05-14T11:11:27.721+0000] {processor.py:183} INFO - Processing /opt/airflow/dags/main.py took 0.451 seconds
[2026-05-14T11:11:58.172+0000] {processor.py:161} INFO - Started process (PID=512) to work on /opt/airflow/dags/main.py
[2026-05-14T11:11:58.183+0000] {processor.py:830} INFO - Processing file /opt/airflow/dags/main.py for tasks to queue
[2026-05-14T11:11:58.186+0000] {logging_mixin.py:188} INFO - [2026-05-14T11:11:58.186+0000] {dagbag.py:545} INFO - Filling up the DagBag from /opt/airflow/dags/main.py
[2026-05-14T11:11:58.428+0000] {processor.py:840} INFO - DAG(s) 'produce_json' retrieved from /opt/airflow/dags/main.py
[2026-05-14T11:11:58.487+0000] {logging_mixin.py:188} INFO - [2026-05-14T11:11:58.487+0000] {dag.py:3096} INFO - Sync 1 DAGs
[2026-05-14T11:11:58.530+0000] {logging_mixin.py:188} INFO - [2026-05-14T11:11:58.530+0000] {dag.py:3954} INFO - Setting next_dagrun for produce_json to None, run_after=None
[2026-05-14T11:11:58.630+0000] {processor.py:183} INFO - Processing /opt/airflow/dags/main.py took 0.469 seconds
[2026-05-14T11:12:29.054+0000] {processor.py:161} INFO - Started process (PID=519) to work on /opt/airflow/dags/main.py
[2026-05-14T11:12:29.056+0000] {processor.py:830} INFO - Processing file /opt/airflow/dags/main.py for tasks to queue
[2026-05-14T11:12:29.061+0000] {logging_mixin.py:188} INFO - [2026-05-14T11:12:29.060+0000] {dagbag.py:545} INFO - Filling up the DagBag from /opt/airflow/dags/main.py
[2026-05-14T11:12:29.155+0000] {processor.py:840} INFO - DAG(s) 'produce_json' retrieved from /opt/airflow/dags/main.py
[2026-05-14T11:12:29.187+0000] {logging_mixin.py:188} INFO - [2026-05-14T11:12:29.187+0000] {dag.py:3096} INFO - Sync 1 DAGs
[2026-05-14T11:12:29.206+0000] {logging_mixin.py:188} INFO - [2026-05-14T11:12:29.206+0000] {dag.py:3954} INFO - Setting next_dagrun for produce_json to None, run_after=None
[2026-05-14T11:12:29.235+0000] {processor.py:183} INFO - Processing /opt/airflow/dags/main.py took 0.198 seconds
[2026-05-14T11:12:59.534+0000] {processor.py:161} INFO - Started process (PID=526) to work on /opt/airflow/dags/main.py
[2026-05-14T11:12:59.537+0000] {processor.py:830} INFO - Processing file /opt/airflow/dags/main.py for tasks to queue
[2026-05-14T11:12:59.543+0000] {logging_mixin.py:188} INFO - [2026-05-14T11:12:59.542+0000] {dagbag.py:545} INFO - Filling up the DagBag from /opt/airflow/dags/main.py
[2026-05-14T11:12:59.722+0000] {processor.py:840} INFO - DAG(s) 'produce_json' retrieved from /opt/airflow/dags/main.py
[2026-05-14T11:12:59.784+0000] {logging_mixin.py:188} INFO - [2026-05-14T11:12:59.783+0000] {dag.py:3096} INFO - Sync 1 DAGs
[2026-05-14T11:12:59.829+0000] {logging_mixin.py:188} INFO - [2026-05-14T11:12:59.829+0000] {dag.py:3954} INFO - Setting next_dagrun for produce_json to None, run_after=None
[2026-05-14T11:12:59.887+0000] {processor.py:183} INFO - Processing /opt/airflow/dags/main.py took 0.378 seconds
[2026-05-14T11:13:30.320+0000] {processor.py:161} INFO - Started process (PID=533) to work on /opt/airflow/dags/main.py
[2026-05-14T11:13:30.323+0000] {processor.py:830} INFO - Processing file /opt/airflow/dags/main.py for tasks to queue
[2026-05-14T11:13:30.328+0000] {logging_mixin.py:188} INFO - [2026-05-14T11:13:30.327+0000] {dagbag.py:545} INFO - Filling up the DagBag from /opt/airflow/dags/main.py
[2026-05-14T11:13:30.460+0000] {processor.py:840} INFO - DAG(s) 'produce_json' retrieved from /opt/airflow/dags/main.py
[2026-05-14T11:13:30.530+0000] {logging_mixin.py:188} INFO - [2026-05-14T11:13:30.529+0000] {dag.py:3096} INFO - Sync 1 DAGs
[2026-05-14T11:13:30.555+0000] {logging_mixin.py:188} INFO - [2026-05-14T11:13:30.555+0000] {dag.py:3954} INFO - Setting next_dagrun for produce_json to None, run_after=None
[2026-05-14T11:13:30.594+0000] {processor.py:183} INFO - Processing /opt/airflow/dags/main.py took 0.295 seconds
[2026-05-14T11:14:01.223+0000] {processor.py:161} INFO - Started process (PID=540) to work on /opt/airflow/dags/main.py
[2026-05-14T11:14:01.227+0000] {processor.py:830} INFO - Processing file /opt/airflow/dags/main.py for tasks to queue
[2026-05-14T11:14:01.234+0000] {logging_mixin.py:188} INFO - [2026-05-14T11:14:01.233+0000] {dagbag.py:545} INFO - Filling up the DagBag from /opt/airflow/dags/main.py
[2026-05-14T11:14:01.330+0000] {processor.py:840} INFO - DAG(s) 'produce_json' retrieved from /opt/airflow/dags/main.py
[2026-05-14T11:14:01.398+0000] {logging_mixin.py:188} INFO - [2026-05-14T11:14:01.398+0000] {dag.py:3096} INFO - Sync 1 DAGs
[2026-05-14T11:14:01.522+0000] {logging_mixin.py:188} INFO - [2026-05-14T11:14:01.522+0000] {dag.py:3954} INFO - Setting next_dagrun for produce_json to None, run_after=None
[2026-05-14T11:14:01.625+0000] {processor.py:183} INFO - Processing /opt/airflow/dags/main.py took 0.430 seconds
[2026-05-14T11:14:32.087+0000] {processor.py:161} INFO - Started process (PID=547) to work on /opt/airflow/dags/main.py
[2026-05-14T11:14:32.090+0000] {processor.py:830} INFO - Processing file /opt/airflow/dags/main.py for tasks to queue
[2026-05-14T11:14:32.094+0000] {logging_mixin.py:188} INFO - [2026-05-14T11:14:32.093+0000] {dagbag.py:545} INFO - Filling up the DagBag from /opt/airflow/dags/main.py
[2026-05-14T11:14:32.194+0000] {processor.py:840} INFO - DAG(s) 'produce_json' retrieved from /opt/airflow/dags/main.py
[2026-05-14T11:14:32.242+0000] {logging_mixin.py:188} INFO - [2026-05-14T11:14:32.241+0000] {dag.py:3096} INFO - Sync 1 DAGs
[2026-05-14T11:14:32.260+0000] {logging_mixin.py:188} INFO - [2026-05-14T11:14:32.260+0000] {dag.py:3954} INFO - Setting next_dagrun for produce_json to None, run_after=None
[2026-05-14T11:14:32.291+0000] {processor.py:183} INFO - Processing /opt/airflow/dags/main.py took 0.225 seconds
[2026-05-14T11:15:02.454+0000] {processor.py:161} INFO - Started process (PID=553) to work on /opt/airflow/dags/main.py
[2026-05-14T11:15:02.456+0000] {processor.py:830} INFO - Processing file /opt/airflow/dags/main.py for tasks to queue
[2026-05-14T11:15:02.460+0000] {logging_mixin.py:188} INFO - [2026-05-14T11:15:02.459+0000] {dagbag.py:545} INFO - Filling up the DagBag from /opt/airflow/dags/main.py
[2026-05-14T11:15:02.611+0000] {processor.py:840} INFO - DAG(s) 'produce_json' retrieved from /opt/airflow/dags/main.py
[2026-05-14T11:15:02.663+0000] {logging_mixin.py:188} INFO - [2026-05-14T11:15:02.663+0000] {dag.py:3096} INFO - Sync 1 DAGs
[2026-05-14T11:15:02.681+0000] {logging_mixin.py:188} INFO - [2026-05-14T11:15:02.681+0000] {dag.py:3954} INFO - Setting next_dagrun for produce_json to None, run_after=None
[2026-05-14T11:15:02.710+0000] {processor.py:183} INFO - Processing /opt/airflow/dags/main.py took 0.269 seconds
[2026-05-14T11:15:33.072+0000] {processor.py:161} INFO - Started process (PID=560) to work on /opt/airflow/dags/main.py
[2026-05-14T11:15:33.075+0000] {processor.py:830} INFO - Processing file /opt/airflow/dags/main.py for tasks to queue
[2026-05-14T11:15:33.081+0000] {logging_mixin.py:188} INFO - [2026-05-14T11:15:33.080+0000] {dagbag.py:545} INFO - Filling up the DagBag from /opt/airflow/dags/main.py
[2026-05-14T11:15:33.199+0000] {processor.py:840} INFO - DAG(s) 'produce_json' retrieved from /opt/airflow/dags/main.py
[2026-05-14T11:15:33.274+0000] {logging_mixin.py:188} INFO - [2026-05-14T11:15:33.273+0000] {dag.py:3096} INFO - Sync 1 DAGs
[2026-05-14T11:15:33.311+0000] {logging_mixin.py:188} INFO - [2026-05-14T11:15:33.311+0000] {dag.py:3954} INFO - Setting next_dagrun for produce_json to None, run_after=None
[2026-05-14T11:15:33.353+0000] {processor.py:183} INFO - Processing /opt/airflow/dags/main.py took 0.296 seconds
[2026-05-14T11:16:03.498+0000] {processor.py:161} INFO - Started process (PID=567) to work on /opt/airflow/dags/main.py
[2026-05-14T11:16:03.500+0000] {processor.py:830} INFO - Processing file /opt/airflow/dags/main.py for tasks to queue
[2026-05-14T11:16:03.505+0000] {logging_mixin.py:188} INFO - [2026-05-14T11:16:03.504+0000] {dagbag.py:545} INFO - Filling up the DagBag from /opt/airflow/dags/main.py
[2026-05-14T11:16:03.603+0000] {processor.py:840} INFO - DAG(s) 'produce_json' retrieved from /opt/airflow/dags/main.py
[2026-05-14T11:16:03.639+0000] {logging_mixin.py:188} INFO - [2026-05-14T11:16:03.639+0000] {dag.py:3096} INFO - Sync 1 DAGs
[2026-05-14T11:16:03.658+0000] {logging_mixin.py:188} INFO - [2026-05-14T11:16:03.658+0000] {dag.py:3954} INFO - Setting next_dagrun for produce_json to None, run_after=None
[2026-05-14T11:16:03.700+0000] {processor.py:183} INFO - Processing /opt/airflow/dags/main.py took 0.217 seconds
[2026-05-14T11:16:33.789+0000] {processor.py:161} INFO - Started process (PID=574) to work on /opt/airflow/dags/main.py
[2026-05-14T11:16:33.791+0000] {processor.py:830} INFO - Processing file /opt/airflow/dags/main.py for tasks to queue
[2026-05-14T11:16:33.795+0000] {logging_mixin.py:188} INFO - [2026-05-14T11:16:33.795+0000] {dagbag.py:545} INFO - Filling up the DagBag from /opt/airflow/dags/main.py
[2026-05-14T11:16:33.892+0000] {processor.py:840} INFO - DAG(s) 'produce_json' retrieved from /opt/airflow/dags/main.py
[2026-05-14T11:16:33.932+0000] {logging_mixin.py:188} INFO - [2026-05-14T11:16:33.931+0000] {dag.py:3096} INFO - Sync 1 DAGs
[2026-05-14T11:16:33.954+0000] {logging_mixin.py:188} INFO - [2026-05-14T11:16:33.953+0000] {dag.py:3954} INFO - Setting next_dagrun for produce_json to None, run_after=None
[2026-05-14T11:16:33.998+0000] {processor.py:183} INFO - Processing /opt/airflow/dags/main.py took 0.220 seconds
[2026-05-14T11:17:04.627+0000] {processor.py:161} INFO - Started process (PID=581) to work on /opt/airflow/dags/main.py
[2026-05-14T11:17:04.633+0000] {processor.py:830} INFO - Processing file /opt/airflow/dags/main.py for tasks to queue
[2026-05-14T11:17:04.637+0000] {logging_mixin.py:188} INFO - [2026-05-14T11:17:04.636+0000] {dagbag.py:545} INFO - Filling up the DagBag from /opt/airflow/dags/main.py
[2026-05-14T11:17:04.759+0000] {processor.py:840} INFO - DAG(s) 'produce_json' retrieved from /opt/airflow/dags/main.py
[2026-05-14T11:17:04.816+0000] {logging_mixin.py:188} INFO - [2026-05-14T11:17:04.815+0000] {dag.py:3096} INFO - Sync 1 DAGs
[2026-05-14T11:17:04.849+0000] {logging_mixin.py:188} INFO - [2026-05-14T11:17:04.849+0000] {dag.py:3954} INFO - Setting next_dagrun for produce_json to None, run_after=None
[2026-05-14T11:17:04.891+0000] {processor.py:183} INFO - Processing /opt/airflow/dags/main.py took 0.285 seconds
[2026-05-14T11:17:35.477+0000] {processor.py:161} INFO - Started process (PID=588) to work on /opt/airflow/dags/main.py
[2026-05-14T11:17:35.479+0000] {processor.py:830} INFO - Processing file /opt/airflow/dags/main.py for tasks to queue
[2026-05-14T11:17:35.483+0000] {logging_mixin.py:188} INFO - [2026-05-14T11:17:35.482+0000] {dagbag.py:545} INFO - Filling up the DagBag from /opt/airflow/dags/main.py
[2026-05-14T11:17:35.596+0000] {processor.py:840} INFO - DAG(s) 'produce_json' retrieved from /opt/airflow/dags/main.py
[2026-05-14T11:17:35.641+0000] {logging_mixin.py:188} INFO - [2026-05-14T11:17:35.640+0000] {dag.py:3096} INFO - Sync 1 DAGs
[2026-05-14T11:17:35.661+0000] {logging_mixin.py:188} INFO - [2026-05-14T11:17:35.660+0000] {dag.py:3954} INFO - Setting next_dagrun for produce_json to None, run_after=None
[2026-05-14T11:17:35.701+0000] {processor.py:183} INFO - Processing /opt/airflow/dags/main.py took 0.240 seconds
[2026-05-14T11:18:05.904+0000] {processor.py:161} INFO - Started process (PID=595) to work on /opt/airflow/dags/main.py
[2026-05-14T11:18:05.907+0000] {processor.py:830} INFO - Processing file /opt/airflow/dags/main.py for tasks to queue
[2026-05-14T11:18:05.911+0000] {logging_mixin.py:188} INFO - [2026-05-14T11:18:05.910+0000] {dagbag.py:545} INFO - Filling up the DagBag from /opt/airflow/dags/main.py
[2026-05-14T11:18:05.997+0000] {processor.py:840} INFO - DAG(s) 'produce_json' retrieved from /opt/airflow/dags/main.py
[2026-05-14T11:18:06.035+0000] {logging_mixin.py:188} INFO - [2026-05-14T11:18:06.035+0000] {dag.py:3096} INFO - Sync 1 DAGs
[2026-05-14T11:18:06.067+0000] {logging_mixin.py:188} INFO - [2026-05-14T11:18:06.066+0000] {dag.py:3954} INFO - Setting next_dagrun for produce_json to None, run_after=None
[2026-05-14T11:18:06.120+0000] {processor.py:183} INFO - Processing /opt/airflow/dags/main.py took 0.232 seconds
[2026-05-14T11:18:36.439+0000] {processor.py:161} INFO - Started process (PID=602) to work on /opt/airflow/dags/main.py
[2026-05-14T11:18:36.441+0000] {processor.py:830} INFO - Processing file /opt/airflow/dags/main.py for tasks to queue
[2026-05-14T11:18:36.447+0000] {logging_mixin.py:188} INFO - [2026-05-14T11:18:36.446+0000] {dagbag.py:545} INFO - Filling up the DagBag from /opt/airflow/dags/main.py
[2026-05-14T11:18:37.141+0000] {processor.py:840} INFO - DAG(s) 'produce_json' retrieved from /opt/airflow/dags/main.py
[2026-05-14T11:18:37.467+0000] {logging_mixin.py:188} INFO - [2026-05-14T11:18:37.466+0000] {dag.py:3096} INFO - Sync 1 DAGs
[2026-05-14T11:18:37.561+0000] {logging_mixin.py:188} INFO - [2026-05-14T11:18:37.561+0000] {dag.py:3954} INFO - Setting next_dagrun for produce_json to None, run_after=None
[2026-05-14T11:18:37.869+0000] {processor.py:183} INFO - Processing /opt/airflow/dags/main.py took 1.444 seconds
[2026-05-14T11:19:08.646+0000] {processor.py:161} INFO - Started process (PID=609) to work on /opt/airflow/dags/main.py
[2026-05-14T11:19:08.649+0000] {processor.py:830} INFO - Processing file /opt/airflow/dags/main.py for tasks to queue
[2026-05-14T11:19:08.654+0000] {logging_mixin.py:188} INFO - [2026-05-14T11:19:08.654+0000] {dagbag.py:545} INFO - Filling up the DagBag from /opt/airflow/dags/main.py
[2026-05-14T11:19:08.932+0000] {processor.py:840} INFO - DAG(s) 'produce_json' retrieved from /opt/airflow/dags/main.py
[2026-05-14T11:19:09.112+0000] {logging_mixin.py:188} INFO - [2026-05-14T11:19:09.102+0000] {dag.py:3096} INFO - Sync 1 DAGs
[2026-05-14T11:19:09.188+0000] {logging_mixin.py:188} INFO - [2026-05-14T11:19:09.187+0000] {dag.py:3954} INFO - Setting next_dagrun for produce_json to None, run_after=None
[2026-05-14T11:19:09.251+0000] {processor.py:183} INFO - Processing /opt/airflow/dags/main.py took 0.619 seconds
[2026-05-14T11:19:39.785+0000] {processor.py:161} INFO - Started process (PID=616) to work on /opt/airflow/dags/main.py
[2026-05-14T11:19:39.788+0000] {processor.py:830} INFO - Processing file /opt/airflow/dags/main.py for tasks to queue
[2026-05-14T11:19:39.793+0000] {logging_mixin.py:188} INFO - [2026-05-14T11:19:39.792+0000] {dagbag.py:545} INFO - Filling up the DagBag from /opt/airflow/dags/main.py
[2026-05-14T11:19:39.991+0000] {processor.py:840} INFO - DAG(s) 'produce_json' retrieved from /opt/airflow/dags/main.py
[2026-05-14T11:19:40.158+0000] {logging_mixin.py:188} INFO - [2026-05-14T11:19:40.158+0000] {dag.py:3096} INFO - Sync 1 DAGs
[2026-05-14T11:19:40.234+0000] {logging_mixin.py:188} INFO - [2026-05-14T11:19:40.233+0000] {dag.py:3954} INFO - Setting next_dagrun for produce_json to None, run_after=None
[2026-05-14T11:19:40.309+0000] {processor.py:183} INFO - Processing /opt/airflow/dags/main.py took 0.543 seconds
[2026-05-14T11:20:00.863+0000] {processor.py:161} INFO - Started process (PID=623) to work on /opt/airflow/dags/main.py
[2026-05-14T11:20:00.866+0000] {processor.py:830} INFO - Processing file /opt/airflow/dags/main.py for tasks to queue
[2026-05-14T11:20:00.869+0000] {logging_mixin.py:188} INFO - [2026-05-14T11:20:00.869+0000] {dagbag.py:545} INFO - Filling up the DagBag from /opt/airflow/dags/main.py
[2026-05-14T11:20:01.019+0000] {processor.py:840} INFO - DAG(s) 'produce_json' retrieved from /opt/airflow/dags/main.py
[2026-05-14T11:20:01.106+0000] {logging_mixin.py:188} INFO - [2026-05-14T11:20:01.106+0000] {dag.py:3096} INFO - Sync 1 DAGs
[2026-05-14T11:20:01.201+0000] {logging_mixin.py:188} INFO - [2026-05-14T11:20:01.201+0000] {dag.py:3954} INFO - Setting next_dagrun for produce_json to None, run_after=None
[2026-05-14T11:20:01.271+0000] {processor.py:183} INFO - Processing /opt/airflow/dags/main.py took 0.424 seconds
[2026-05-14T11:20:32.675+0000] {processor.py:161} INFO - Started process (PID=630) to work on /opt/airflow/dags/main.py
[2026-05-14T11:20:32.729+0000] {processor.py:830} INFO - Processing file /opt/airflow/dags/main.py for tasks to queue
[2026-05-14T11:20:32.757+0000] {logging_mixin.py:188} INFO - [2026-05-14T11:20:32.754+0000] {dagbag.py:545} INFO - Filling up the DagBag from /opt/airflow/dags/main.py
[2026-05-14T11:20:33.575+0000] {processor.py:840} INFO - DAG(s) 'produce_json' retrieved from /opt/airflow/dags/main.py
[2026-05-14T11:20:33.705+0000] {logging_mixin.py:188} INFO - [2026-05-14T11:20:33.704+0000] {dag.py:3096} INFO - Sync 1 DAGs
[2026-05-14T11:20:33.794+0000] {logging_mixin.py:188} INFO - [2026-05-14T11:20:33.793+0000] {dag.py:3954} INFO - Setting next_dagrun for produce_json to None, run_after=None
[2026-05-14T11:20:33.920+0000] {processor.py:183} INFO - Processing /opt/airflow/dags/main.py took 1.281 seconds
[2026-05-14T11:21:04.249+0000] {processor.py:161} INFO - Started process (PID=638) to work on /opt/airflow/dags/main.py
[2026-05-14T11:21:04.252+0000] {processor.py:830} INFO - Processing file /opt/airflow/dags/main.py for tasks to queue
[2026-05-14T11:21:04.256+0000] {logging_mixin.py:188} INFO - [2026-05-14T11:21:04.255+0000] {dagbag.py:545} INFO - Filling up the DagBag from /opt/airflow/dags/main.py
[2026-05-14T11:21:04.379+0000] {processor.py:840} INFO - DAG(s) 'produce_json' retrieved from /opt/airflow/dags/main.py
[2026-05-14T11:21:04.421+0000] {logging_mixin.py:188} INFO - [2026-05-14T11:21:04.421+0000] {dag.py:3096} INFO - Sync 1 DAGs
[2026-05-14T11:21:04.441+0000] {logging_mixin.py:188} INFO - [2026-05-14T11:21:04.441+0000] {dag.py:3954} INFO - Setting next_dagrun for produce_json to None, run_after=None
[2026-05-14T11:21:04.479+0000] {processor.py:183} INFO - Processing /opt/airflow/dags/main.py took 0.247 seconds
[2026-05-14T11:21:35.038+0000] {processor.py:161} INFO - Started process (PID=644) to work on /opt/airflow/dags/main.py
[2026-05-14T11:21:35.040+0000] {processor.py:830} INFO - Processing file /opt/airflow/dags/main.py for tasks to queue
[2026-05-14T11:21:35.043+0000] {logging_mixin.py:188} INFO - [2026-05-14T11:21:35.043+0000] {dagbag.py:545} INFO - Filling up the DagBag from /opt/airflow/dags/main.py
[2026-05-14T11:21:35.136+0000] {processor.py:840} INFO - DAG(s) 'produce_json' retrieved from /opt/airflow/dags/main.py
[2026-05-14T11:21:35.191+0000] {logging_mixin.py:188} INFO - [2026-05-14T11:21:35.191+0000] {dag.py:3096} INFO - Sync 1 DAGs
[2026-05-14T11:21:35.229+0000] {logging_mixin.py:188} INFO - [2026-05-14T11:21:35.229+0000] {dag.py:3954} INFO - Setting next_dagrun for produce_json to None, run_after=None
[2026-05-14T11:21:35.300+0000] {processor.py:183} INFO - Processing /opt/airflow/dags/main.py took 0.273 seconds
[2026-05-14T11:22:05.446+0000] {processor.py:161} INFO - Started process (PID=652) to work on /opt/airflow/dags/main.py
[2026-05-14T11:22:05.448+0000] {processor.py:830} INFO - Processing file /opt/airflow/dags/main.py for tasks to queue
[2026-05-14T11:22:05.453+0000] {logging_mixin.py:188} INFO - [2026-05-14T11:22:05.452+0000] {dagbag.py:545} INFO - Filling up the DagBag from /opt/airflow/dags/main.py
[2026-05-14T11:22:05.612+0000] {processor.py:840} INFO - DAG(s) 'produce_json' retrieved from /opt/airflow/dags/main.py
[2026-05-14T11:22:05.691+0000] {logging_mixin.py:188} INFO - [2026-05-14T11:22:05.690+0000] {dag.py:3096} INFO - Sync 1 DAGs
[2026-05-14T11:22:05.737+0000] {logging_mixin.py:188} INFO - [2026-05-14T11:22:05.737+0000] {dag.py:3954} INFO - Setting next_dagrun for produce_json to None, run_after=None
[2026-05-14T11:22:05.789+0000] {processor.py:183} INFO - Processing /opt/airflow/dags/main.py took 0.357 seconds
[2026-05-14T11:22:36.121+0000] {processor.py:161} INFO - Started process (PID=659) to work on /opt/airflow/dags/main.py
[2026-05-14T11:22:36.124+0000] {processor.py:830} INFO - Processing file /opt/airflow/dags/main.py for tasks to queue
[2026-05-14T11:22:36.130+0000] {logging_mixin.py:188} INFO - [2026-05-14T11:22:36.129+0000] {dagbag.py:545} INFO - Filling up the DagBag from /opt/airflow/dags/main.py
[2026-05-14T11:22:36.264+0000] {processor.py:840} INFO - DAG(s) 'produce_json' retrieved from /opt/airflow/dags/main.py
[2026-05-14T11:22:36.308+0000] {logging_mixin.py:188} INFO - [2026-05-14T11:22:36.307+0000] {dag.py:3096} INFO - Sync 1 DAGs
[2026-05-14T11:22:36.328+0000] {logging_mixin.py:188} INFO - [2026-05-14T11:22:36.328+0000] {dag.py:3954} INFO - Setting next_dagrun for produce_json to None, run_after=None
[2026-05-14T11:22:36.360+0000] {processor.py:183} INFO - Processing /opt/airflow/dags/main.py took 0.259 seconds
[2026-05-14T11:23:06.461+0000] {processor.py:161} INFO - Started process (PID=666) to work on /opt/airflow/dags/main.py
[2026-05-14T11:23:06.466+0000] {processor.py:830} INFO - Processing file /opt/airflow/dags/main.py for tasks to queue
[2026-05-14T11:23:06.472+0000] {logging_mixin.py:188} INFO - [2026-05-14T11:23:06.471+0000] {dagbag.py:545} INFO - Filling up the DagBag from /opt/airflow/dags/main.py
[2026-05-14T11:23:06.569+0000] {processor.py:840} INFO - DAG(s) 'produce_json' retrieved from /opt/airflow/dags/main.py
[2026-05-14T11:23:06.603+0000] {logging_mixin.py:188} INFO - [2026-05-14T11:23:06.603+0000] {dag.py:3096} INFO - Sync 1 DAGs
[2026-05-14T11:23:06.621+0000] {logging_mixin.py:188} INFO - [2026-05-14T11:23:06.621+0000] {dag.py:3954} INFO - Setting next_dagrun for produce_json to None, run_after=None
[2026-05-14T11:23:06.677+0000] {processor.py:183} INFO - Processing /opt/airflow/dags/main.py took 0.237 seconds
[2026-05-14T11:23:37.019+0000] {processor.py:161} INFO - Started process (PID=673) to work on /opt/airflow/dags/main.py
[2026-05-14T11:23:37.021+0000] {processor.py:830} INFO - Processing file /opt/airflow/dags/main.py for tasks to queue
[2026-05-14T11:23:37.025+0000] {logging_mixin.py:188} INFO - [2026-05-14T11:23:37.025+0000] {dagbag.py:545} INFO - Filling up the DagBag from /opt/airflow/dags/main.py
[2026-05-14T11:23:37.115+0000] {processor.py:840} INFO - DAG(s) 'produce_json' retrieved from /opt/airflow/dags/main.py
[2026-05-14T11:23:37.148+0000] {logging_mixin.py:188} INFO - [2026-05-14T11:23:37.148+0000] {dag.py:3096} INFO - Sync 1 DAGs
[2026-05-14T11:23:37.165+0000] {logging_mixin.py:188} INFO - [2026-05-14T11:23:37.165+0000] {dag.py:3954} INFO - Setting next_dagrun for produce_json to None, run_after=None
[2026-05-14T11:23:37.192+0000] {processor.py:183} INFO - Processing /opt/airflow/dags/main.py took 0.184 seconds
[2026-05-14T11:24:07.415+0000] {processor.py:161} INFO - Started process (PID=681) to work on /opt/airflow/dags/main.py
[2026-05-14T11:24:07.418+0000] {processor.py:830} INFO - Processing file /opt/airflow/dags/main.py for tasks to queue
[2026-05-14T11:24:07.421+0000] {logging_mixin.py:188} INFO - [2026-05-14T11:24:07.420+0000] {dagbag.py:545} INFO - Filling up the DagBag from /opt/airflow/dags/main.py
[2026-05-14T11:24:07.522+0000] {processor.py:840} INFO - DAG(s) 'produce_json' retrieved from /opt/airflow/dags/main.py
[2026-05-14T11:24:07.556+0000] {logging_mixin.py:188} INFO - [2026-05-14T11:24:07.556+0000] {dag.py:3096} INFO - Sync 1 DAGs
[2026-05-14T11:24:07.577+0000] {logging_mixin.py:188} INFO - [2026-05-14T11:24:07.576+0000] {dag.py:3954} INFO - Setting next_dagrun for produce_json to None, run_after=None
[2026-05-14T11:24:07.616+0000] {processor.py:183} INFO - Processing /opt/airflow/dags/main.py took 0.212 seconds
[2026-05-14T11:24:38.016+0000] {processor.py:161} INFO - Started process (PID=688) to work on /opt/airflow/dags/main.py
[2026-05-14T11:24:38.018+0000] {processor.py:830} INFO - Processing file /opt/airflow/dags/main.py for tasks to queue
[2026-05-14T11:24:38.022+0000] {logging_mixin.py:188} INFO - [2026-05-14T11:24:38.021+0000] {dagbag.py:545} INFO - Filling up the DagBag from /opt/airflow/dags/main.py
[2026-05-14T11:24:38.119+0000] {processor.py:840} INFO - DAG(s) 'produce_json' retrieved from /opt/airflow/dags/main.py
[2026-05-14T11:24:38.162+0000] {logging_mixin.py:188} INFO - [2026-05-14T11:24:38.161+0000] {dag.py:3096} INFO - Sync 1 DAGs
[2026-05-14T11:24:38.185+0000] {logging_mixin.py:188} INFO - [2026-05-14T11:24:38.185+0000] {dag.py:3954} INFO - Setting next_dagrun for produce_json to None, run_after=None
[2026-05-14T11:24:38.226+0000] {processor.py:183} INFO - Processing /opt/airflow/dags/main.py took 0.222 seconds
[2026-05-14T11:25:08.403+0000] {processor.py:161} INFO - Started process (PID=695) to work on /opt/airflow/dags/main.py
[2026-05-14T11:25:08.407+0000] {processor.py:830} INFO - Processing file /opt/airflow/dags/main.py for tasks to queue
[2026-05-14T11:25:08.414+0000] {logging_mixin.py:188} INFO - [2026-05-14T11:25:08.413+0000] {dagbag.py:545} INFO - Filling up the DagBag from /opt/airflow/dags/main.py
[2026-05-14T11:25:08.536+0000] {processor.py:840} INFO - DAG(s) 'produce_json' retrieved from /opt/airflow/dags/main.py
[2026-05-14T11:25:08.568+0000] {logging_mixin.py:188} INFO - [2026-05-14T11:25:08.568+0000] {dag.py:3096} INFO - Sync 1 DAGs
[2026-05-14T11:25:08.587+0000] {logging_mixin.py:188} INFO - [2026-05-14T11:25:08.586+0000] {dag.py:3954} INFO - Setting next_dagrun for produce_json to None, run_after=None
[2026-05-14T11:25:08.620+0000] {processor.py:183} INFO - Processing /opt/airflow/dags/main.py took 0.234 seconds
[2026-05-14T11:25:38.886+0000] {processor.py:161} INFO - Started process (PID=702) to work on /opt/airflow/dags/main.py
[2026-05-14T11:25:38.888+0000] {processor.py:830} INFO - Processing file /opt/airflow/dags/main.py for tasks to queue
[2026-05-14T11:25:38.891+0000] {logging_mixin.py:188} INFO - [2026-05-14T11:25:38.890+0000] {dagbag.py:545} INFO - Filling up the DagBag from /opt/airflow/dags/main.py
[2026-05-14T11:25:39.010+0000] {processor.py:840} INFO - DAG(s) 'produce_json' retrieved from /opt/airflow/dags/main.py
[2026-05-14T11:25:39.067+0000] {logging_mixin.py:188} INFO - [2026-05-14T11:25:39.066+0000] {dag.py:3096} INFO - Sync 1 DAGs
[2026-05-14T11:25:39.102+0000] {logging_mixin.py:188} INFO - [2026-05-14T11:25:39.102+0000] {dag.py:3954} INFO - Setting next_dagrun for produce_json to None, run_after=None
[2026-05-14T11:25:39.158+0000] {processor.py:183} INFO - Processing /opt/airflow/dags/main.py took 0.283 seconds
[2026-05-14T11:26:09.363+0000] {processor.py:161} INFO - Started process (PID=709) to work on /opt/airflow/dags/main.py
[2026-05-14T11:26:09.367+0000] {processor.py:830} INFO - Processing file /opt/airflow/dags/main.py for tasks to queue
[2026-05-14T11:26:09.372+0000] {logging_mixin.py:188} INFO - [2026-05-14T11:26:09.371+0000] {dagbag.py:545} INFO - Filling up the DagBag from /opt/airflow/dags/main.py
[2026-05-14T11:26:09.555+0000] {processor.py:840} INFO - DAG(s) 'produce_json' retrieved from /opt/airflow/dags/main.py
[2026-05-14T11:26:09.595+0000] {logging_mixin.py:188} INFO - [2026-05-14T11:26:09.595+0000] {dag.py:3096} INFO - Sync 1 DAGs
[2026-05-14T11:26:09.614+0000] {logging_mixin.py:188} INFO - [2026-05-14T11:26:09.613+0000] {dag.py:3954} INFO - Setting next_dagrun for produce_json to None, run_after=None
[2026-05-14T11:26:09.643+0000] {processor.py:183} INFO - Processing /opt/airflow/dags/main.py took 0.299 seconds
[2026-05-14T11:26:39.901+0000] {processor.py:161} INFO - Started process (PID=716) to work on /opt/airflow/dags/main.py
[2026-05-14T11:26:39.904+0000] {processor.py:830} INFO - Processing file /opt/airflow/dags/main.py for tasks to queue
[2026-05-14T11:26:39.907+0000] {logging_mixin.py:188} INFO - [2026-05-14T11:26:39.907+0000] {dagbag.py:545} INFO - Filling up the DagBag from /opt/airflow/dags/main.py
[2026-05-14T11:26:40.010+0000] {processor.py:840} INFO - DAG(s) 'produce_json' retrieved from /opt/airflow/dags/main.py
[2026-05-14T11:26:40.046+0000] {logging_mixin.py:188} INFO - [2026-05-14T11:26:40.045+0000] {dag.py:3096} INFO - Sync 1 DAGs
[2026-05-14T11:26:40.064+0000] {logging_mixin.py:188} INFO - [2026-05-14T11:26:40.064+0000] {dag.py:3954} INFO - Setting next_dagrun for produce_json to None, run_after=None
[2026-05-14T11:26:40.099+0000] {processor.py:183} INFO - Processing /opt/airflow/dags/main.py took 0.209 seconds
[2026-05-14T11:27:10.312+0000] {processor.py:161} INFO - Started process (PID=723) to work on /opt/airflow/dags/main.py
[2026-05-14T11:27:10.314+0000] {processor.py:830} INFO - Processing file /opt/airflow/dags/main.py for tasks to queue
[2026-05-14T11:27:10.318+0000] {logging_mixin.py:188} INFO - [2026-05-14T11:27:10.318+0000] {dagbag.py:545} INFO - Filling up the DagBag from /opt/airflow/dags/main.py
[2026-05-14T11:27:10.455+0000] {processor.py:840} INFO - DAG(s) 'produce_json' retrieved from /opt/airflow/dags/main.py
[2026-05-14T11:27:10.503+0000] {logging_mixin.py:188} INFO - [2026-05-14T11:27:10.502+0000] {dag.py:3096} INFO - Sync 1 DAGs
[2026-05-14T11:27:10.527+0000] {logging_mixin.py:188} INFO - [2026-05-14T11:27:10.526+0000] {dag.py:3954} INFO - Setting next_dagrun for produce_json to None, run_after=None
[2026-05-14T11:27:10.572+0000] {processor.py:183} INFO - Processing /opt/airflow/dags/main.py took 0.287 seconds
[2026-05-14T11:27:40.965+0000] {processor.py:161} INFO - Started process (PID=730) to work on /opt/airflow/dags/main.py
[2026-05-14T11:27:40.968+0000] {processor.py:830} INFO - Processing file /opt/airflow/dags/main.py for tasks to queue
[2026-05-14T11:27:40.973+0000] {logging_mixin.py:188} INFO - [2026-05-14T11:27:40.972+0000] {dagbag.py:545} INFO - Filling up the DagBag from /opt/airflow/dags/main.py
[2026-05-14T11:27:41.087+0000] {processor.py:840} INFO - DAG(s) 'produce_json' retrieved from /opt/airflow/dags/main.py
[2026-05-14T11:27:41.130+0000] {logging_mixin.py:188} INFO - [2026-05-14T11:27:41.130+0000] {dag.py:3096} INFO - Sync 1 DAGs
[2026-05-14T11:27:41.149+0000] {logging_mixin.py:188} INFO - [2026-05-14T11:27:41.148+0000] {dag.py:3954} INFO - Setting next_dagrun for produce_json to None, run_after=None
[2026-05-14T11:27:41.182+0000] {processor.py:183} INFO - Processing /opt/airflow/dags/main.py took 0.236 seconds
[2026-05-14T11:28:11.452+0000] {processor.py:161} INFO - Started process (PID=737) to work on /opt/airflow/dags/main.py
[2026-05-14T11:28:11.455+0000] {processor.py:830} INFO - Processing file /opt/airflow/dags/main.py for tasks to queue
[2026-05-14T11:28:11.459+0000] {logging_mixin.py:188} INFO - [2026-05-14T11:28:11.459+0000] {dagbag.py:545} INFO - Filling up the DagBag from /opt/airflow/dags/main.py
[2026-05-14T11:28:11.574+0000] {processor.py:840} INFO - DAG(s) 'produce_json' retrieved from /opt/airflow/dags/main.py
[2026-05-14T11:28:11.618+0000] {logging_mixin.py:188} INFO - [2026-05-14T11:28:11.617+0000] {dag.py:3096} INFO - Sync 1 DAGs
[2026-05-14T11:28:11.641+0000] {logging_mixin.py:188} INFO - [2026-05-14T11:28:11.640+0000] {dag.py:3954} INFO - Setting next_dagrun for produce_json to None, run_after=None
[2026-05-14T11:28:11.680+0000] {processor.py:183} INFO - Processing /opt/airflow/dags/main.py took 0.242 seconds
[2026-05-14T11:28:42.025+0000] {processor.py:161} INFO - Started process (PID=744) to work on /opt/airflow/dags/main.py
[2026-05-14T11:28:42.027+0000] {processor.py:830} INFO - Processing file /opt/airflow/dags/main.py for tasks to queue
[2026-05-14T11:28:42.031+0000] {logging_mixin.py:188} INFO - [2026-05-14T11:28:42.030+0000] {dagbag.py:545} INFO - Filling up the DagBag from /opt/airflow/dags/main.py
[2026-05-14T11:28:42.133+0000] {processor.py:840} INFO - DAG(s) 'produce_json' retrieved from /opt/airflow/dags/main.py
[2026-05-14T11:28:42.167+0000] {logging_mixin.py:188} INFO - [2026-05-14T11:28:42.166+0000] {dag.py:3096} INFO - Sync 1 DAGs
[2026-05-14T11:28:42.184+0000] {logging_mixin.py:188} INFO - [2026-05-14T11:28:42.184+0000] {dag.py:3954} INFO - Setting next_dagrun for produce_json to None, run_after=None
[2026-05-14T11:28:42.226+0000] {processor.py:183} INFO - Processing /opt/airflow/dags/main.py took 0.212 seconds
[2026-05-14T11:29:12.492+0000] {processor.py:161} INFO - Started process (PID=751) to work on /opt/airflow/dags/main.py
[2026-05-14T11:29:12.494+0000] {processor.py:830} INFO - Processing file /opt/airflow/dags/main.py for tasks to queue
[2026-05-14T11:29:12.498+0000] {logging_mixin.py:188} INFO - [2026-05-14T11:29:12.497+0000] {dagbag.py:545} INFO - Filling up the DagBag from /opt/airflow/dags/main.py
[2026-05-14T11:29:12.609+0000] {processor.py:840} INFO - DAG(s) 'produce_json' retrieved from /opt/airflow/dags/main.py
[2026-05-14T11:29:12.648+0000] {logging_mixin.py:188} INFO - [2026-05-14T11:29:12.647+0000] {dag.py:3096} INFO - Sync 1 DAGs
[2026-05-14T11:29:12.666+0000] {logging_mixin.py:188} INFO - [2026-05-14T11:29:12.666+0000] {dag.py:3954} INFO - Setting next_dagrun for produce_json to None, run_after=None
[2026-05-14T11:29:12.707+0000] {processor.py:183} INFO - Processing /opt/airflow/dags/main.py took 0.227 seconds
[2026-05-14T11:29:43.018+0000] {processor.py:161} INFO - Started process (PID=758) to work on /opt/airflow/dags/main.py
[2026-05-14T11:29:43.020+0000] {processor.py:830} INFO - Processing file /opt/airflow/dags/main.py for tasks to queue
[2026-05-14T11:29:43.023+0000] {logging_mixin.py:188} INFO - [2026-05-14T11:29:43.023+0000] {dagbag.py:545} INFO - Filling up the DagBag from /opt/airflow/dags/main.py
[2026-05-14T11:29:43.110+0000] {processor.py:840} INFO - DAG(s) 'produce_json' retrieved from /opt/airflow/dags/main.py
[2026-05-14T11:29:43.144+0000] {logging_mixin.py:188} INFO - [2026-05-14T11:29:43.143+0000] {dag.py:3096} INFO - Sync 1 DAGs
[2026-05-14T11:29:43.162+0000] {logging_mixin.py:188} INFO - [2026-05-14T11:29:43.162+0000] {dag.py:3954} INFO - Setting next_dagrun for produce_json to None, run_after=None
[2026-05-14T11:29:43.197+0000] {processor.py:183} INFO - Processing /opt/airflow/dags/main.py took 0.190 seconds
[2026-05-14T11:30:13.547+0000] {processor.py:161} INFO - Started process (PID=765) to work on /opt/airflow/dags/main.py
[2026-05-14T11:30:13.549+0000] {processor.py:830} INFO - Processing file /opt/airflow/dags/main.py for tasks to queue
[2026-05-14T11:30:13.552+0000] {logging_mixin.py:188} INFO - [2026-05-14T11:30:13.552+0000] {dagbag.py:545} INFO - Filling up the DagBag from /opt/airflow/dags/main.py
[2026-05-14T11:30:13.628+0000] {processor.py:840} INFO - DAG(s) 'produce_json' retrieved from /opt/airflow/dags/main.py
[2026-05-14T11:30:13.660+0000] {logging_mixin.py:188} INFO - [2026-05-14T11:30:13.659+0000] {dag.py:3096} INFO - Sync 1 DAGs
[2026-05-14T11:30:13.677+0000] {logging_mixin.py:188} INFO - [2026-05-14T11:30:13.677+0000] {dag.py:3954} INFO - Setting next_dagrun for produce_json to None, run_after=None
[2026-05-14T11:30:13.713+0000] {processor.py:183} INFO - Processing /opt/airflow/dags/main.py took 0.177 seconds
[2026-05-14T11:30:43.964+0000] {processor.py:161} INFO - Started process (PID=772) to work on /opt/airflow/dags/main.py
[2026-05-14T11:30:43.966+0000] {processor.py:830} INFO - Processing file /opt/airflow/dags/main.py for tasks to queue
[2026-05-14T11:30:43.971+0000] {logging_mixin.py:188} INFO - [2026-05-14T11:30:43.969+0000] {dagbag.py:545} INFO - Filling up the DagBag from /opt/airflow/dags/main.py
[2026-05-14T11:30:44.065+0000] {processor.py:840} INFO - DAG(s) 'produce_json' retrieved from /opt/airflow/dags/main.py
[2026-05-14T11:30:44.107+0000] {logging_mixin.py:188} INFO - [2026-05-14T11:30:44.106+0000] {dag.py:3096} INFO - Sync 1 DAGs
[2026-05-14T11:30:44.128+0000] {logging_mixin.py:188} INFO - [2026-05-14T11:30:44.127+0000] {dag.py:3954} INFO - Setting next_dagrun for produce_json to None, run_after=None
[2026-05-14T11:30:44.166+0000] {processor.py:183} INFO - Processing /opt/airflow/dags/main.py took 0.216 seconds
[2026-05-14T11:31:14.828+0000] {processor.py:161} INFO - Started process (PID=779) to work on /opt/airflow/dags/main.py
[2026-05-14T11:31:14.830+0000] {processor.py:830} INFO - Processing file /opt/airflow/dags/main.py for tasks to queue
[2026-05-14T11:31:14.833+0000] {logging_mixin.py:188} INFO - [2026-05-14T11:31:14.833+0000] {dagbag.py:545} INFO - Filling up the DagBag from /opt/airflow/dags/main.py
[2026-05-14T11:31:14.929+0000] {processor.py:840} INFO - DAG(s) 'produce_json' retrieved from /opt/airflow/dags/main.py
[2026-05-14T11:31:14.964+0000] {logging_mixin.py:188} INFO - [2026-05-14T11:31:14.963+0000] {dag.py:3096} INFO - Sync 1 DAGs
[2026-05-14T11:31:14.983+0000] {logging_mixin.py:188} INFO - [2026-05-14T11:31:14.983+0000] {dag.py:3954} INFO - Setting next_dagrun for produce_json to None, run_after=None
[2026-05-14T11:31:15.017+0000] {processor.py:183} INFO - Processing /opt/airflow/dags/main.py took 0.200 seconds
[2026-05-14T11:31:45.246+0000] {processor.py:161} INFO - Started process (PID=786) to work on /opt/airflow/dags/main.py
[2026-05-14T11:31:45.248+0000] {processor.py:830} INFO - Processing file /opt/airflow/dags/main.py for tasks to queue
[2026-05-14T11:31:45.252+0000] {logging_mixin.py:188} INFO - [2026-05-14T11:31:45.251+0000] {dagbag.py:545} INFO - Filling up the DagBag from /opt/airflow/dags/main.py
[2026-05-14T11:31:45.344+0000] {processor.py:840} INFO - DAG(s) 'produce_json' retrieved from /opt/airflow/dags/main.py
[2026-05-14T11:31:45.377+0000] {logging_mixin.py:188} INFO - [2026-05-14T11:31:45.377+0000] {dag.py:3096} INFO - Sync 1 DAGs
[2026-05-14T11:31:45.395+0000] {logging_mixin.py:188} INFO - [2026-05-14T11:31:45.394+0000] {dag.py:3954} INFO - Setting next_dagrun for produce_json to None, run_after=None
[2026-05-14T11:31:45.435+0000] {processor.py:183} INFO - Processing /opt/airflow/dags/main.py took 0.199 seconds
[2026-05-14T11:32:15.764+0000] {processor.py:161} INFO - Started process (PID=793) to work on /opt/airflow/dags/main.py
[2026-05-14T11:32:15.766+0000] {processor.py:830} INFO - Processing file /opt/airflow/dags/main.py for tasks to queue
[2026-05-14T11:32:15.769+0000] {logging_mixin.py:188} INFO - [2026-05-14T11:32:15.768+0000] {dagbag.py:545} INFO - Filling up the DagBag from /opt/airflow/dags/main.py
[2026-05-14T11:32:15.870+0000] {processor.py:840} INFO - DAG(s) 'produce_json' retrieved from /opt/airflow/dags/main.py
[2026-05-14T11:32:15.904+0000] {logging_mixin.py:188} INFO - [2026-05-14T11:32:15.903+0000] {dag.py:3096} INFO - Sync 1 DAGs
[2026-05-14T11:32:15.922+0000] {logging_mixin.py:188} INFO - [2026-05-14T11:32:15.921+0000] {dag.py:3954} INFO - Setting next_dagrun for produce_json to None, run_after=None
[2026-05-14T11:32:15.959+0000] {processor.py:183} INFO - Processing /opt/airflow/dags/main.py took 0.206 seconds
[2026-05-14T11:32:46.199+0000] {processor.py:161} INFO - Started process (PID=800) to work on /opt/airflow/dags/main.py
[2026-05-14T11:32:46.201+0000] {processor.py:830} INFO - Processing file /opt/airflow/dags/main.py for tasks to queue
[2026-05-14T11:32:46.204+0000] {logging_mixin.py:188} INFO - [2026-05-14T11:32:46.204+0000] {dagbag.py:545} INFO - Filling up the DagBag from /opt/airflow/dags/main.py
[2026-05-14T11:32:46.310+0000] {processor.py:840} INFO - DAG(s) 'produce_json' retrieved from /opt/airflow/dags/main.py
[2026-05-14T11:32:46.345+0000] {logging_mixin.py:188} INFO - [2026-05-14T11:32:46.345+0000] {dag.py:3096} INFO - Sync 1 DAGs
[2026-05-14T11:32:46.363+0000] {logging_mixin.py:188} INFO - [2026-05-14T11:32:46.363+0000] {dag.py:3954} INFO - Setting next_dagrun for produce_json to None, run_after=None
[2026-05-14T11:32:46.398+0000] {processor.py:183} INFO - Processing /opt/airflow/dags/main.py took 0.210 seconds
[2026-05-14T11:33:16.757+0000] {processor.py:161} INFO - Started process (PID=807) to work on /opt/airflow/dags/main.py
[2026-05-14T11:33:16.760+0000] {processor.py:830} INFO - Processing file /opt/airflow/dags/main.py for tasks to queue
[2026-05-14T11:33:16.763+0000] {logging_mixin.py:188} INFO - [2026-05-14T11:33:16.763+0000] {dagbag.py:545} INFO - Filling up the DagBag from /opt/airflow/dags/main.py
[2026-05-14T11:33:16.850+0000] {processor.py:840} INFO - DAG(s) 'produce_json' retrieved from /opt/airflow/dags/main.py
[2026-05-14T11:33:16.883+0000] {logging_mixin.py:188} INFO - [2026-05-14T11:33:16.883+0000] {dag.py:3096} INFO - Sync 1 DAGs
[2026-05-14T11:33:16.902+0000] {logging_mixin.py:188} INFO - [2026-05-14T11:33:16.902+0000] {dag.py:3954} INFO - Setting next_dagrun for produce_json to None, run_after=None
[2026-05-14T11:33:16.938+0000] {processor.py:183} INFO - Processing /opt/airflow/dags/main.py took 0.194 seconds
[2026-05-14T11:33:47.197+0000] {processor.py:161} INFO - Started process (PID=815) to work on /opt/airflow/dags/main.py
[2026-05-14T11:33:47.199+0000] {processor.py:830} INFO - Processing file /opt/airflow/dags/main.py for tasks to queue
[2026-05-14T11:33:47.204+0000] {logging_mixin.py:188} INFO - [2026-05-14T11:33:47.203+0000] {dagbag.py:545} INFO - Filling up the DagBag from /opt/airflow/dags/main.py
[2026-05-14T11:33:47.296+0000] {processor.py:840} INFO - DAG(s) 'produce_json' retrieved from /opt/airflow/dags/main.py
[2026-05-14T11:33:47.331+0000] {logging_mixin.py:188} INFO - [2026-05-14T11:33:47.330+0000] {dag.py:3096} INFO - Sync 1 DAGs
[2026-05-14T11:33:47.351+0000] {logging_mixin.py:188} INFO - [2026-05-14T11:33:47.350+0000] {dag.py:3954} INFO - Setting next_dagrun for produce_json to None, run_after=None
[2026-05-14T11:33:47.390+0000] {processor.py:183} INFO - Processing /opt/airflow/dags/main.py took 0.206 seconds
[2026-05-14T11:34:17.713+0000] {processor.py:161} INFO - Started process (PID=822) to work on /opt/airflow/dags/main.py
[2026-05-14T11:34:17.715+0000] {processor.py:830} INFO - Processing file /opt/airflow/dags/main.py for tasks to queue
[2026-05-14T11:34:17.718+0000] {logging_mixin.py:188} INFO - [2026-05-14T11:34:17.718+0000] {dagbag.py:545} INFO - Filling up the DagBag from /opt/airflow/dags/main.py
[2026-05-14T11:34:17.840+0000] {processor.py:840} INFO - DAG(s) 'produce_json' retrieved from /opt/airflow/dags/main.py
[2026-05-14T11:34:17.894+0000] {logging_mixin.py:188} INFO - [2026-05-14T11:34:17.894+0000] {dag.py:3096} INFO - Sync 1 DAGs
[2026-05-14T11:34:17.938+0000] {logging_mixin.py:188} INFO - [2026-05-14T11:34:17.936+0000] {dag.py:3954} INFO - Setting next_dagrun for produce_json to None, run_after=None
[2026-05-14T11:34:17.986+0000] {processor.py:183} INFO - Processing /opt/airflow/dags/main.py took 0.288 seconds
[2026-05-14T11:34:48.088+0000] {processor.py:161} INFO - Started process (PID=829) to work on /opt/airflow/dags/main.py
[2026-05-14T11:34:48.090+0000] {processor.py:830} INFO - Processing file /opt/airflow/dags/main.py for tasks to queue
[2026-05-14T11:34:48.094+0000] {logging_mixin.py:188} INFO - [2026-05-14T11:34:48.094+0000] {dagbag.py:545} INFO - Filling up the DagBag from /opt/airflow/dags/main.py
[2026-05-14T11:34:48.191+0000] {processor.py:840} INFO - DAG(s) 'produce_json' retrieved from /opt/airflow/dags/main.py
[2026-05-14T11:34:48.238+0000] {logging_mixin.py:188} INFO - [2026-05-14T11:34:48.238+0000] {dag.py:3096} INFO - Sync 1 DAGs
[2026-05-14T11:34:48.258+0000] {logging_mixin.py:188} INFO - [2026-05-14T11:34:48.258+0000] {dag.py:3954} INFO - Setting next_dagrun for produce_json to None, run_after=None
[2026-05-14T11:34:48.298+0000] {processor.py:183} INFO - Processing /opt/airflow/dags/main.py took 0.220 seconds
[2026-05-14T11:35:18.524+0000] {processor.py:161} INFO - Started process (PID=836) to work on /opt/airflow/dags/main.py
[2026-05-14T11:35:18.526+0000] {processor.py:830} INFO - Processing file /opt/airflow/dags/main.py for tasks to queue
[2026-05-14T11:35:18.532+0000] {logging_mixin.py:188} INFO - [2026-05-14T11:35:18.531+0000] {dagbag.py:545} INFO - Filling up the DagBag from /opt/airflow/dags/main.py
[2026-05-14T11:35:18.639+0000] {processor.py:840} INFO - DAG(s) 'produce_json' retrieved from /opt/airflow/dags/main.py
[2026-05-14T11:35:18.672+0000] {logging_mixin.py:188} INFO - [2026-05-14T11:35:18.672+0000] {dag.py:3096} INFO - Sync 1 DAGs
[2026-05-14T11:35:18.690+0000] {logging_mixin.py:188} INFO - [2026-05-14T11:35:18.689+0000] {dag.py:3954} INFO - Setting next_dagrun for produce_json to None, run_after=None
[2026-05-14T11:35:18.729+0000] {processor.py:183} INFO - Processing /opt/airflow/dags/main.py took 0.216 seconds
[2026-05-14T11:35:49.023+0000] {processor.py:161} INFO - Started process (PID=843) to work on /opt/airflow/dags/main.py
[2026-05-14T11:35:49.025+0000] {processor.py:830} INFO - Processing file /opt/airflow/dags/main.py for tasks to queue
[2026-05-14T11:35:49.030+0000] {logging_mixin.py:188} INFO - [2026-05-14T11:35:49.030+0000] {dagbag.py:545} INFO - Filling up the DagBag from /opt/airflow/dags/main.py
[2026-05-14T11:35:49.124+0000] {processor.py:840} INFO - DAG(s) 'produce_json' retrieved from /opt/airflow/dags/main.py
[2026-05-14T11:35:49.157+0000] {logging_mixin.py:188} INFO - [2026-05-14T11:35:49.157+0000] {dag.py:3096} INFO - Sync 1 DAGs
[2026-05-14T11:35:49.175+0000] {logging_mixin.py:188} INFO - [2026-05-14T11:35:49.174+0000] {dag.py:3954} INFO - Setting next_dagrun for produce_json to None, run_after=None
[2026-05-14T11:35:49.212+0000] {processor.py:183} INFO - Processing /opt/airflow/dags/main.py took 0.201 seconds
[2026-05-14T11:36:19.735+0000] {processor.py:161} INFO - Started process (PID=850) to work on /opt/airflow/dags/main.py
[2026-05-14T11:36:19.738+0000] {processor.py:830} INFO - Processing file /opt/airflow/dags/main.py for tasks to queue
[2026-05-14T11:36:19.760+0000] {logging_mixin.py:188} INFO - [2026-05-14T11:36:19.759+0000] {dagbag.py:545} INFO - Filling up the DagBag from /opt/airflow/dags/main.py
[2026-05-14T11:36:19.881+0000] {processor.py:840} INFO - DAG(s) 'produce_json' retrieved from /opt/airflow/dags/main.py
[2026-05-14T11:36:19.938+0000] {logging_mixin.py:188} INFO - [2026-05-14T11:36:19.937+0000] {dag.py:3096} INFO - Sync 1 DAGs
[2026-05-14T11:36:19.972+0000] {logging_mixin.py:188} INFO - [2026-05-14T11:36:19.971+0000] {dag.py:3954} INFO - Setting next_dagrun for produce_json to None, run_after=None
[2026-05-14T11:36:20.024+0000] {processor.py:183} INFO - Processing /opt/airflow/dags/main.py took 0.303 seconds
[2026-05-14T11:36:50.193+0000] {processor.py:161} INFO - Started process (PID=857) to work on /opt/airflow/dags/main.py
[2026-05-14T11:36:50.195+0000] {processor.py:830} INFO - Processing file /opt/airflow/dags/main.py for tasks to queue
[2026-05-14T11:36:50.199+0000] {logging_mixin.py:188} INFO - [2026-05-14T11:36:50.198+0000] {dagbag.py:545} INFO - Filling up the DagBag from /opt/airflow/dags/main.py
[2026-05-14T11:36:50.287+0000] {processor.py:840} INFO - DAG(s) 'produce_json' retrieved from /opt/airflow/dags/main.py
[2026-05-14T11:36:50.332+0000] {logging_mixin.py:188} INFO - [2026-05-14T11:36:50.331+0000] {dag.py:3096} INFO - Sync 1 DAGs
[2026-05-14T11:36:50.363+0000] {logging_mixin.py:188} INFO - [2026-05-14T11:36:50.362+0000] {dag.py:3954} INFO - Setting next_dagrun for produce_json to None, run_after=None
[2026-05-14T11:36:50.406+0000] {processor.py:183} INFO - Processing /opt/airflow/dags/main.py took 0.228 seconds
[2026-05-14T11:37:20.831+0000] {processor.py:161} INFO - Started process (PID=864) to work on /opt/airflow/dags/main.py
[2026-05-14T11:37:20.833+0000] {processor.py:830} INFO - Processing file /opt/airflow/dags/main.py for tasks to queue
[2026-05-14T11:37:20.837+0000] {logging_mixin.py:188} INFO - [2026-05-14T11:37:20.837+0000] {dagbag.py:545} INFO - Filling up the DagBag from /opt/airflow/dags/main.py
[2026-05-14T11:37:20.976+0000] {processor.py:840} INFO - DAG(s) 'produce_json' retrieved from /opt/airflow/dags/main.py
[2026-05-14T11:37:21.021+0000] {logging_mixin.py:188} INFO - [2026-05-14T11:37:21.021+0000] {dag.py:3096} INFO - Sync 1 DAGs
[2026-05-14T11:37:21.045+0000] {logging_mixin.py:188} INFO - [2026-05-14T11:37:21.044+0000] {dag.py:3954} INFO - Setting next_dagrun for produce_json to None, run_after=None
[2026-05-14T11:37:21.074+0000] {processor.py:183} INFO - Processing /opt/airflow/dags/main.py took 0.257 seconds
[2026-05-14T11:37:51.337+0000] {processor.py:161} INFO - Started process (PID=871) to work on /opt/airflow/dags/main.py
[2026-05-14T11:37:51.340+0000] {processor.py:830} INFO - Processing file /opt/airflow/dags/main.py for tasks to queue
[2026-05-14T11:37:51.344+0000] {logging_mixin.py:188} INFO - [2026-05-14T11:37:51.344+0000] {dagbag.py:545} INFO - Filling up the DagBag from /opt/airflow/dags/main.py
[2026-05-14T11:37:51.435+0000] {processor.py:840} INFO - DAG(s) 'produce_json' retrieved from /opt/airflow/dags/main.py
[2026-05-14T11:37:51.470+0000] {logging_mixin.py:188} INFO - [2026-05-14T11:37:51.469+0000] {dag.py:3096} INFO - Sync 1 DAGs
[2026-05-14T11:37:51.487+0000] {logging_mixin.py:188} INFO - [2026-05-14T11:37:51.487+0000] {dag.py:3954} INFO - Setting next_dagrun for produce_json to None, run_after=None
[2026-05-14T11:37:51.524+0000] {processor.py:183} INFO - Processing /opt/airflow/dags/main.py took 0.207 seconds
[2026-05-14T11:38:21.957+0000] {processor.py:161} INFO - Started process (PID=878) to work on /opt/airflow/dags/main.py
[2026-05-14T11:38:21.960+0000] {processor.py:830} INFO - Processing file /opt/airflow/dags/main.py for tasks to queue
[2026-05-14T11:38:21.964+0000] {logging_mixin.py:188} INFO - [2026-05-14T11:38:21.963+0000] {dagbag.py:545} INFO - Filling up the DagBag from /opt/airflow/dags/main.py
[2026-05-14T11:38:22.087+0000] {processor.py:840} INFO - DAG(s) 'produce_json' retrieved from /opt/airflow/dags/main.py
[2026-05-14T11:38:22.205+0000] {logging_mixin.py:188} INFO - [2026-05-14T11:38:22.204+0000] {dag.py:3096} INFO - Sync 1 DAGs
[2026-05-14T11:38:22.281+0000] {logging_mixin.py:188} INFO - [2026-05-14T11:38:22.280+0000] {dag.py:3954} INFO - Setting next_dagrun for produce_json to None, run_after=None
[2026-05-14T11:38:22.340+0000] {processor.py:183} INFO - Processing /opt/airflow/dags/main.py took 0.396 seconds
[2026-05-14T11:38:52.857+0000] {processor.py:161} INFO - Started process (PID=885) to work on /opt/airflow/dags/main.py
[2026-05-14T11:38:52.859+0000] {processor.py:830} INFO - Processing file /opt/airflow/dags/main.py for tasks to queue
[2026-05-14T11:38:52.863+0000] {logging_mixin.py:188} INFO - [2026-05-14T11:38:52.862+0000] {dagbag.py:545} INFO - Filling up the DagBag from /opt/airflow/dags/main.py
[2026-05-14T11:38:52.983+0000] {processor.py:840} INFO - DAG(s) 'produce_json' retrieved from /opt/airflow/dags/main.py
[2026-05-14T11:38:53.019+0000] {logging_mixin.py:188} INFO - [2026-05-14T11:38:53.019+0000] {dag.py:3096} INFO - Sync 1 DAGs
[2026-05-14T11:38:53.045+0000] {logging_mixin.py:188} INFO - [2026-05-14T11:38:53.045+0000] {dag.py:3954} INFO - Setting next_dagrun for produce_json to None, run_after=None
[2026-05-14T11:38:53.109+0000] {processor.py:183} INFO - Processing /opt/airflow/dags/main.py took 0.262 seconds
[2026-05-14T11:39:23.547+0000] {processor.py:161} INFO - Started process (PID=892) to work on /opt/airflow/dags/main.py
[2026-05-14T11:39:23.550+0000] {processor.py:830} INFO - Processing file /opt/airflow/dags/main.py for tasks to queue
[2026-05-14T11:39:23.555+0000] {logging_mixin.py:188} INFO - [2026-05-14T11:39:23.554+0000] {dagbag.py:545} INFO - Filling up the DagBag from /opt/airflow/dags/main.py
[2026-05-14T11:39:23.656+0000] {processor.py:840} INFO - DAG(s) 'produce_json' retrieved from /opt/airflow/dags/main.py
[2026-05-14T11:39:23.691+0000] {logging_mixin.py:188} INFO - [2026-05-14T11:39:23.691+0000] {dag.py:3096} INFO - Sync 1 DAGs
[2026-05-14T11:39:23.710+0000] {logging_mixin.py:188} INFO - [2026-05-14T11:39:23.710+0000] {dag.py:3954} INFO - Setting next_dagrun for produce_json to None, run_after=None
[2026-05-14T11:39:23.747+0000] {processor.py:183} INFO - Processing /opt/airflow/dags/main.py took 0.213 seconds
[2026-05-14T11:39:53.964+0000] {processor.py:161} INFO - Started process (PID=899) to work on /opt/airflow/dags/main.py
[2026-05-14T11:39:53.966+0000] {processor.py:830} INFO - Processing file /opt/airflow/dags/main.py for tasks to queue
[2026-05-14T11:39:53.970+0000] {logging_mixin.py:188} INFO - [2026-05-14T11:39:53.970+0000] {dagbag.py:545} INFO - Filling up the DagBag from /opt/airflow/dags/main.py
[2026-05-14T11:39:54.071+0000] {processor.py:840} INFO - DAG(s) 'produce_json' retrieved from /opt/airflow/dags/main.py
[2026-05-14T11:39:54.107+0000] {logging_mixin.py:188} INFO - [2026-05-14T11:39:54.106+0000] {dag.py:3096} INFO - Sync 1 DAGs
[2026-05-14T11:39:54.124+0000] {logging_mixin.py:188} INFO - [2026-05-14T11:39:54.124+0000] {dag.py:3954} INFO - Setting next_dagrun for produce_json to None, run_after=None
[2026-05-14T11:39:54.162+0000] {processor.py:183} INFO - Processing /opt/airflow/dags/main.py took 0.208 seconds
[2026-05-14T11:40:24.676+0000] {processor.py:161} INFO - Started process (PID=906) to work on /opt/airflow/dags/main.py
[2026-05-14T11:40:24.679+0000] {processor.py:830} INFO - Processing file /opt/airflow/dags/main.py for tasks to queue
[2026-05-14T11:40:24.683+0000] {logging_mixin.py:188} INFO - [2026-05-14T11:40:24.683+0000] {dagbag.py:545} INFO - Filling up the DagBag from /opt/airflow/dags/main.py
[2026-05-14T11:40:24.776+0000] {processor.py:840} INFO - DAG(s) 'produce_json' retrieved from /opt/airflow/dags/main.py
[2026-05-14T11:40:24.805+0000] {logging_mixin.py:188} INFO - [2026-05-14T11:40:24.805+0000] {dag.py:3096} INFO - Sync 1 DAGs
[2026-05-14T11:40:24.822+0000] {logging_mixin.py:188} INFO - [2026-05-14T11:40:24.822+0000] {dag.py:3954} INFO - Setting next_dagrun for produce_json to None, run_after=None
[2026-05-14T11:40:24.855+0000] {processor.py:183} INFO - Processing /opt/airflow/dags/main.py took 0.198 seconds
[2026-05-14T11:40:55.145+0000] {processor.py:161} INFO - Started process (PID=913) to work on /opt/airflow/dags/main.py
[2026-05-14T11:40:55.151+0000] {processor.py:830} INFO - Processing file /opt/airflow/dags/main.py for tasks to queue
[2026-05-14T11:40:55.157+0000] {logging_mixin.py:188} INFO - [2026-05-14T11:40:55.157+0000] {dagbag.py:545} INFO - Filling up the DagBag from /opt/airflow/dags/main.py
[2026-05-14T11:40:55.330+0000] {processor.py:840} INFO - DAG(s) 'produce_json' retrieved from /opt/airflow/dags/main.py
[2026-05-14T11:40:55.386+0000] {logging_mixin.py:188} INFO - [2026-05-14T11:40:55.385+0000] {dag.py:3096} INFO - Sync 1 DAGs
[2026-05-14T11:40:55.457+0000] {logging_mixin.py:188} INFO - [2026-05-14T11:40:55.456+0000] {dag.py:3954} INFO - Setting next_dagrun for produce_json to None, run_after=None
[2026-05-14T11:40:55.555+0000] {processor.py:183} INFO - Processing /opt/airflow/dags/main.py took 0.447 seconds
[2026-05-14T11:41:25.713+0000] {processor.py:161} INFO - Started process (PID=920) to work on /opt/airflow/dags/main.py
[2026-05-14T11:41:25.715+0000] {processor.py:830} INFO - Processing file /opt/airflow/dags/main.py for tasks to queue
[2026-05-14T11:41:25.718+0000] {logging_mixin.py:188} INFO - [2026-05-14T11:41:25.717+0000] {dagbag.py:545} INFO - Filling up the DagBag from /opt/airflow/dags/main.py
[2026-05-14T11:41:25.808+0000] {processor.py:840} INFO - DAG(s) 'produce_json' retrieved from /opt/airflow/dags/main.py
[2026-05-14T11:41:25.851+0000] {logging_mixin.py:188} INFO - [2026-05-14T11:41:25.851+0000] {dag.py:3096} INFO - Sync 1 DAGs
[2026-05-14T11:41:25.875+0000] {logging_mixin.py:188} INFO - [2026-05-14T11:41:25.874+0000] {dag.py:3954} INFO - Setting next_dagrun for produce_json to None, run_after=None
[2026-05-14T11:41:25.920+0000] {processor.py:183} INFO - Processing /opt/airflow/dags/main.py took 0.220 seconds
[2026-05-14T11:41:56.296+0000] {processor.py:161} INFO - Started process (PID=927) to work on /opt/airflow/dags/main.py
[2026-05-14T11:41:56.299+0000] {processor.py:830} INFO - Processing file /opt/airflow/dags/main.py for tasks to queue
[2026-05-14T11:41:56.303+0000] {logging_mixin.py:188} INFO - [2026-05-14T11:41:56.302+0000] {dagbag.py:545} INFO - Filling up the DagBag from /opt/airflow/dags/main.py
[2026-05-14T11:41:56.404+0000] {processor.py:840} INFO - DAG(s) 'produce_json' retrieved from /opt/airflow/dags/main.py
[2026-05-14T11:41:56.447+0000] {logging_mixin.py:188} INFO - [2026-05-14T11:41:56.446+0000] {dag.py:3096} INFO - Sync 1 DAGs
[2026-05-14T11:41:56.477+0000] {logging_mixin.py:188} INFO - [2026-05-14T11:41:56.477+0000] {dag.py:3954} INFO - Setting next_dagrun for produce_json to None, run_after=None
[2026-05-14T11:41:56.515+0000] {processor.py:183} INFO - Processing /opt/airflow/dags/main.py took 0.245 seconds
[2026-05-14T11:42:26.783+0000] {processor.py:161} INFO - Started process (PID=934) to work on /opt/airflow/dags/main.py
[2026-05-14T11:42:26.785+0000] {processor.py:830} INFO - Processing file /opt/airflow/dags/main.py for tasks to queue
[2026-05-14T11:42:26.789+0000] {logging_mixin.py:188} INFO - [2026-05-14T11:42:26.789+0000] {dagbag.py:545} INFO - Filling up the DagBag from /opt/airflow/dags/main.py
[2026-05-14T11:42:26.883+0000] {processor.py:840} INFO - DAG(s) 'produce_json' retrieved from /opt/airflow/dags/main.py
[2026-05-14T11:42:26.925+0000] {logging_mixin.py:188} INFO - [2026-05-14T11:42:26.924+0000] {dag.py:3096} INFO - Sync 1 DAGs
[2026-05-14T11:42:26.946+0000] {logging_mixin.py:188} INFO - [2026-05-14T11:42:26.946+0000] {dag.py:3954} INFO - Setting next_dagrun for produce_json to None, run_after=None
[2026-05-14T11:42:26.982+0000] {processor.py:183} INFO - Processing /opt/airflow/dags/main.py took 0.214 seconds
[2026-05-14T11:42:57.160+0000] {processor.py:161} INFO - Started process (PID=941) to work on /opt/airflow/dags/main.py
[2026-05-14T11:42:57.162+0000] {processor.py:830} INFO - Processing file /opt/airflow/dags/main.py for tasks to queue
[2026-05-14T11:42:57.167+0000] {logging_mixin.py:188} INFO - [2026-05-14T11:42:57.167+0000] {dagbag.py:545} INFO - Filling up the DagBag from /opt/airflow/dags/main.py
[2026-05-14T11:42:57.270+0000] {processor.py:840} INFO - DAG(s) 'produce_json' retrieved from /opt/airflow/dags/main.py
[2026-05-14T11:42:57.309+0000] {logging_mixin.py:188} INFO - [2026-05-14T11:42:57.308+0000] {dag.py:3096} INFO - Sync 1 DAGs
[2026-05-14T11:42:57.332+0000] {logging_mixin.py:188} INFO - [2026-05-14T11:42:57.331+0000] {dag.py:3954} INFO - Setting next_dagrun for produce_json to None, run_after=None
[2026-05-14T11:42:57.370+0000] {processor.py:183} INFO - Processing /opt/airflow/dags/main.py took 0.222 seconds
[2026-05-14T11:43:27.762+0000] {processor.py:161} INFO - Started process (PID=948) to work on /opt/airflow/dags/main.py
[2026-05-14T11:43:27.764+0000] {processor.py:830} INFO - Processing file /opt/airflow/dags/main.py for tasks to queue
[2026-05-14T11:43:27.769+0000] {logging_mixin.py:188} INFO - [2026-05-14T11:43:27.768+0000] {dagbag.py:545} INFO - Filling up the DagBag from /opt/airflow/dags/main.py
[2026-05-14T11:43:27.866+0000] {processor.py:840} INFO - DAG(s) 'produce_json' retrieved from /opt/airflow/dags/main.py
[2026-05-14T11:43:27.900+0000] {logging_mixin.py:188} INFO - [2026-05-14T11:43:27.899+0000] {dag.py:3096} INFO - Sync 1 DAGs
[2026-05-14T11:43:27.920+0000] {logging_mixin.py:188} INFO - [2026-05-14T11:43:27.920+0000] {dag.py:3954} INFO - Setting next_dagrun for produce_json to None, run_after=None
[2026-05-14T11:43:27.953+0000] {processor.py:183} INFO - Processing /opt/airflow/dags/main.py took 0.199 seconds
[2026-05-14T11:43:58.172+0000] {processor.py:161} INFO - Started process (PID=955) to work on /opt/airflow/dags/main.py
[2026-05-14T11:43:58.174+0000] {processor.py:830} INFO - Processing file /opt/airflow/dags/main.py for tasks to queue
[2026-05-14T11:43:58.178+0000] {logging_mixin.py:188} INFO - [2026-05-14T11:43:58.177+0000] {dagbag.py:545} INFO - Filling up the DagBag from /opt/airflow/dags/main.py
[2026-05-14T11:43:58.274+0000] {processor.py:840} INFO - DAG(s) 'produce_json' retrieved from /opt/airflow/dags/main.py
[2026-05-14T11:43:58.307+0000] {logging_mixin.py:188} INFO - [2026-05-14T11:43:58.307+0000] {dag.py:3096} INFO - Sync 1 DAGs
[2026-05-14T11:43:58.327+0000] {logging_mixin.py:188} INFO - [2026-05-14T11:43:58.327+0000] {dag.py:3954} INFO - Setting next_dagrun for produce_json to None, run_after=None
[2026-05-14T11:43:58.363+0000] {processor.py:183} INFO - Processing /opt/airflow/dags/main.py took 0.207 seconds
[2026-05-14T11:44:28.801+0000] {processor.py:161} INFO - Started process (PID=962) to work on /opt/airflow/dags/main.py
[2026-05-14T11:44:28.803+0000] {processor.py:830} INFO - Processing file /opt/airflow/dags/main.py for tasks to queue
[2026-05-14T11:44:28.807+0000] {logging_mixin.py:188} INFO - [2026-05-14T11:44:28.806+0000] {dagbag.py:545} INFO - Filling up the DagBag from /opt/airflow/dags/main.py
[2026-05-14T11:44:28.899+0000] {processor.py:840} INFO - DAG(s) 'produce_json' retrieved from /opt/airflow/dags/main.py
[2026-05-14T11:44:28.934+0000] {logging_mixin.py:188} INFO - [2026-05-14T11:44:28.934+0000] {dag.py:3096} INFO - Sync 1 DAGs
[2026-05-14T11:44:28.955+0000] {logging_mixin.py:188} INFO - [2026-05-14T11:44:28.955+0000] {dag.py:3954} INFO - Setting next_dagrun for produce_json to None, run_after=None
[2026-05-14T11:44:29.003+0000] {processor.py:183} INFO - Processing /opt/airflow/dags/main.py took 0.213 seconds
[2026-05-14T11:44:59.265+0000] {processor.py:161} INFO - Started process (PID=969) to work on /opt/airflow/dags/main.py
[2026-05-14T11:44:59.269+0000] {processor.py:830} INFO - Processing file /opt/airflow/dags/main.py for tasks to queue
[2026-05-14T11:44:59.274+0000] {logging_mixin.py:188} INFO - [2026-05-14T11:44:59.274+0000] {dagbag.py:545} INFO - Filling up the DagBag from /opt/airflow/dags/main.py
[2026-05-14T11:44:59.358+0000] {processor.py:840} INFO - DAG(s) 'produce_json' retrieved from /opt/airflow/dags/main.py
[2026-05-14T11:44:59.396+0000] {logging_mixin.py:188} INFO - [2026-05-14T11:44:59.396+0000] {dag.py:3096} INFO - Sync 1 DAGs
[2026-05-14T11:44:59.416+0000] {logging_mixin.py:188} INFO - [2026-05-14T11:44:59.416+0000] {dag.py:3954} INFO - Setting next_dagrun for produce_json to None, run_after=None
[2026-05-14T11:44:59.448+0000] {processor.py:183} INFO - Processing /opt/airflow/dags/main.py took 0.201 seconds
[2026-05-14T11:45:30.113+0000] {processor.py:161} INFO - Started process (PID=976) to work on /opt/airflow/dags/main.py
[2026-05-14T11:45:30.124+0000] {processor.py:830} INFO - Processing file /opt/airflow/dags/main.py for tasks to queue
[2026-05-14T11:45:30.129+0000] {logging_mixin.py:188} INFO - [2026-05-14T11:45:30.128+0000] {dagbag.py:545} INFO - Filling up the DagBag from /opt/airflow/dags/main.py
[2026-05-14T11:45:30.911+0000] {processor.py:840} INFO - DAG(s) 'produce_json' retrieved from /opt/airflow/dags/main.py
[2026-05-14T11:45:31.111+0000] {logging_mixin.py:188} INFO - [2026-05-14T11:45:31.099+0000] {dag.py:3096} INFO - Sync 1 DAGs
[2026-05-14T11:45:31.243+0000] {logging_mixin.py:188} INFO - [2026-05-14T11:45:31.242+0000] {dag.py:3954} INFO - Setting next_dagrun for produce_json to None, run_after=None
[2026-05-14T11:45:31.527+0000] {processor.py:183} INFO - Processing /opt/airflow/dags/main.py took 1.461 seconds
[2026-05-14T11:46:01.745+0000] {processor.py:161} INFO - Started process (PID=983) to work on /opt/airflow/dags/main.py
[2026-05-14T11:46:01.756+0000] {processor.py:830} INFO - Processing file /opt/airflow/dags/main.py for tasks to queue
[2026-05-14T11:46:01.766+0000] {logging_mixin.py:188} INFO - [2026-05-14T11:46:01.766+0000] {dagbag.py:545} INFO - Filling up the DagBag from /opt/airflow/dags/main.py
[2026-05-14T11:46:01.944+0000] {processor.py:840} INFO - DAG(s) 'produce_json' retrieved from /opt/airflow/dags/main.py
[2026-05-14T11:46:02.001+0000] {logging_mixin.py:188} INFO - [2026-05-14T11:46:02.000+0000] {dag.py:3096} INFO - Sync 1 DAGs
[2026-05-14T11:46:02.028+0000] {logging_mixin.py:188} INFO - [2026-05-14T11:46:02.027+0000] {dag.py:3954} INFO - Setting next_dagrun for produce_json to None, run_after=None
[2026-05-14T11:46:02.069+0000] {processor.py:183} INFO - Processing /opt/airflow/dags/main.py took 0.344 seconds
[2026-05-14T11:46:33.218+0000] {processor.py:161} INFO - Started process (PID=989) to work on /opt/airflow/dags/main.py
[2026-05-14T11:46:33.241+0000] {processor.py:830} INFO - Processing file /opt/airflow/dags/main.py for tasks to queue
[2026-05-14T11:46:33.262+0000] {logging_mixin.py:188} INFO - [2026-05-14T11:46:33.255+0000] {dagbag.py:545} INFO - Filling up the DagBag from /opt/airflow/dags/main.py
[2026-05-14T11:46:33.416+0000] {processor.py:840} INFO - DAG(s) 'produce_json' retrieved from /opt/airflow/dags/main.py
[2026-05-14T11:46:33.480+0000] {logging_mixin.py:188} INFO - [2026-05-14T11:46:33.480+0000] {dag.py:3096} INFO - Sync 1 DAGs
[2026-05-14T11:46:33.540+0000] {logging_mixin.py:188} INFO - [2026-05-14T11:46:33.539+0000] {dag.py:3954} INFO - Setting next_dagrun for produce_json to None, run_after=None
[2026-05-14T11:46:33.629+0000] {processor.py:183} INFO - Processing /opt/airflow/dags/main.py took 0.460 seconds
[2026-05-14T11:47:04.376+0000] {processor.py:161} INFO - Started process (PID=996) to work on /opt/airflow/dags/main.py
[2026-05-14T11:47:04.379+0000] {processor.py:830} INFO - Processing file /opt/airflow/dags/main.py for tasks to queue
[2026-05-14T11:47:04.387+0000] {logging_mixin.py:188} INFO - [2026-05-14T11:47:04.386+0000] {dagbag.py:545} INFO - Filling up the DagBag from /opt/airflow/dags/main.py
[2026-05-14T11:47:04.496+0000] {processor.py:840} INFO - DAG(s) 'produce_json' retrieved from /opt/airflow/dags/main.py
[2026-05-14T11:47:04.530+0000] {logging_mixin.py:188} INFO - [2026-05-14T11:47:04.530+0000] {dag.py:3096} INFO - Sync 1 DAGs
[2026-05-14T11:47:04.549+0000] {logging_mixin.py:188} INFO - [2026-05-14T11:47:04.548+0000] {dag.py:3954} INFO - Setting next_dagrun for produce_json to None, run_after=None
[2026-05-14T11:47:04.591+0000] {processor.py:183} INFO - Processing /opt/airflow/dags/main.py took 0.234 seconds
[2026-05-14T11:47:34.985+0000] {processor.py:161} INFO - Started process (PID=1003) to work on /opt/airflow/dags/main.py
[2026-05-14T11:47:34.987+0000] {processor.py:830} INFO - Processing file /opt/airflow/dags/main.py for tasks to queue
[2026-05-14T11:47:34.992+0000] {logging_mixin.py:188} INFO - [2026-05-14T11:47:34.991+0000] {dagbag.py:545} INFO - Filling up the DagBag from /opt/airflow/dags/main.py
[2026-05-14T11:47:35.078+0000] {processor.py:840} INFO - DAG(s) 'produce_json' retrieved from /opt/airflow/dags/main.py
[2026-05-14T11:47:35.124+0000] {logging_mixin.py:188} INFO - [2026-05-14T11:47:35.124+0000] {dag.py:3096} INFO - Sync 1 DAGs
[2026-05-14T11:47:35.147+0000] {logging_mixin.py:188} INFO - [2026-05-14T11:47:35.146+0000] {dag.py:3954} INFO - Setting next_dagrun for produce_json to None, run_after=None
[2026-05-14T11:47:35.187+0000] {processor.py:183} INFO - Processing /opt/airflow/dags/main.py took 0.217 seconds
[2026-05-14T11:48:05.527+0000] {processor.py:161} INFO - Started process (PID=1010) to work on /opt/airflow/dags/main.py
[2026-05-14T11:48:05.529+0000] {processor.py:830} INFO - Processing file /opt/airflow/dags/main.py for tasks to queue
[2026-05-14T11:48:05.533+0000] {logging_mixin.py:188} INFO - [2026-05-14T11:48:05.533+0000] {dagbag.py:545} INFO - Filling up the DagBag from /opt/airflow/dags/main.py
[2026-05-14T11:48:05.639+0000] {processor.py:840} INFO - DAG(s) 'produce_json' retrieved from /opt/airflow/dags/main.py
[2026-05-14T11:48:05.687+0000] {logging_mixin.py:188} INFO - [2026-05-14T11:48:05.687+0000] {dag.py:3096} INFO - Sync 1 DAGs
[2026-05-14T11:48:05.727+0000] {logging_mixin.py:188} INFO - [2026-05-14T11:48:05.726+0000] {dag.py:3954} INFO - Setting next_dagrun for produce_json to None, run_after=None
[2026-05-14T11:48:05.771+0000] {processor.py:183} INFO - Processing /opt/airflow/dags/main.py took 0.261 seconds
[2026-05-14T11:48:36.130+0000] {processor.py:161} INFO - Started process (PID=1017) to work on /opt/airflow/dags/main.py
[2026-05-14T11:48:36.132+0000] {processor.py:830} INFO - Processing file /opt/airflow/dags/main.py for tasks to queue
[2026-05-14T11:48:36.135+0000] {logging_mixin.py:188} INFO - [2026-05-14T11:48:36.135+0000] {dagbag.py:545} INFO - Filling up the DagBag from /opt/airflow/dags/main.py
[2026-05-14T11:48:36.233+0000] {processor.py:840} INFO - DAG(s) 'produce_json' retrieved from /opt/airflow/dags/main.py
[2026-05-14T11:48:36.272+0000] {logging_mixin.py:188} INFO - [2026-05-14T11:48:36.272+0000] {dag.py:3096} INFO - Sync 1 DAGs
[2026-05-14T11:48:36.301+0000] {logging_mixin.py:188} INFO - [2026-05-14T11:48:36.301+0000] {dag.py:3954} INFO - Setting next_dagrun for produce_json to None, run_after=None
[2026-05-14T11:48:36.341+0000] {processor.py:183} INFO - Processing /opt/airflow/dags/main.py took 0.222 seconds
[2026-05-14T11:49:06.466+0000] {processor.py:161} INFO - Started process (PID=1024) to work on /opt/airflow/dags/main.py
[2026-05-14T11:49:06.468+0000] {processor.py:830} INFO - Processing file /opt/airflow/dags/main.py for tasks to queue
[2026-05-14T11:49:06.471+0000] {logging_mixin.py:188} INFO - [2026-05-14T11:49:06.470+0000] {dagbag.py:545} INFO - Filling up the DagBag from /opt/airflow/dags/main.py
[2026-05-14T11:49:06.559+0000] {processor.py:840} INFO - DAG(s) 'produce_json' retrieved from /opt/airflow/dags/main.py
[2026-05-14T11:49:06.601+0000] {logging_mixin.py:188} INFO - [2026-05-14T11:49:06.601+0000] {dag.py:3096} INFO - Sync 1 DAGs
[2026-05-14T11:49:06.631+0000] {logging_mixin.py:188} INFO - [2026-05-14T11:49:06.630+0000] {dag.py:3954} INFO - Setting next_dagrun for produce_json to None, run_after=None
[2026-05-14T11:49:06.660+0000] {processor.py:183} INFO - Processing /opt/airflow/dags/main.py took 0.206 seconds
[2026-05-14T11:49:37.008+0000] {processor.py:161} INFO - Started process (PID=1031) to work on /opt/airflow/dags/main.py
[2026-05-14T11:49:37.010+0000] {processor.py:830} INFO - Processing file /opt/airflow/dags/main.py for tasks to queue
[2026-05-14T11:49:37.015+0000] {logging_mixin.py:188} INFO - [2026-05-14T11:49:37.014+0000] {dagbag.py:545} INFO - Filling up the DagBag from /opt/airflow/dags/main.py
[2026-05-14T11:49:37.178+0000] {processor.py:840} INFO - DAG(s) 'produce_json' retrieved from /opt/airflow/dags/main.py
[2026-05-14T11:49:37.231+0000] {logging_mixin.py:188} INFO - [2026-05-14T11:49:37.231+0000] {dag.py:3096} INFO - Sync 1 DAGs
[2026-05-14T11:49:37.262+0000] {logging_mixin.py:188} INFO - [2026-05-14T11:49:37.262+0000] {dag.py:3954} INFO - Setting next_dagrun for produce_json to None, run_after=None
[2026-05-14T11:49:37.330+0000] {processor.py:183} INFO - Processing /opt/airflow/dags/main.py took 0.337 seconds
[2026-05-14T11:50:07.523+0000] {processor.py:161} INFO - Started process (PID=1038) to work on /opt/airflow/dags/main.py
[2026-05-14T11:50:07.525+0000] {processor.py:830} INFO - Processing file /opt/airflow/dags/main.py for tasks to queue
[2026-05-14T11:50:07.530+0000] {logging_mixin.py:188} INFO - [2026-05-14T11:50:07.529+0000] {dagbag.py:545} INFO - Filling up the DagBag from /opt/airflow/dags/main.py
[2026-05-14T11:50:07.641+0000] {processor.py:840} INFO - DAG(s) 'produce_json' retrieved from /opt/airflow/dags/main.py
[2026-05-14T11:50:07.713+0000] {logging_mixin.py:188} INFO - [2026-05-14T11:50:07.712+0000] {dag.py:3096} INFO - Sync 1 DAGs
[2026-05-14T11:50:07.733+0000] {logging_mixin.py:188} INFO - [2026-05-14T11:50:07.732+0000] {dag.py:3954} INFO - Setting next_dagrun for produce_json to None, run_after=None
[2026-05-14T11:50:07.777+0000] {processor.py:183} INFO - Processing /opt/airflow/dags/main.py took 0.269 seconds
[2026-05-14T11:50:38.220+0000] {processor.py:161} INFO - Started process (PID=1052) to work on /opt/airflow/dags/main.py
[2026-05-14T11:50:38.226+0000] {processor.py:830} INFO - Processing file /opt/airflow/dags/main.py for tasks to queue
[2026-05-14T11:50:38.231+0000] {logging_mixin.py:188} INFO - [2026-05-14T11:50:38.230+0000] {dagbag.py:545} INFO - Filling up the DagBag from /opt/airflow/dags/main.py
[2026-05-14T11:50:38.341+0000] {processor.py:840} INFO - DAG(s) 'produce_json' retrieved from /opt/airflow/dags/main.py
[2026-05-14T11:50:38.382+0000] {logging_mixin.py:188} INFO - [2026-05-14T11:50:38.381+0000] {dag.py:3096} INFO - Sync 1 DAGs
[2026-05-14T11:50:38.406+0000] {logging_mixin.py:188} INFO - [2026-05-14T11:50:38.405+0000] {dag.py:3954} INFO - Setting next_dagrun for produce_json to None, run_after=None
[2026-05-14T11:50:38.470+0000] {processor.py:183} INFO - Processing /opt/airflow/dags/main.py took 0.273 seconds
[2026-05-14T11:51:08.590+0000] {processor.py:161} INFO - Started process (PID=1059) to work on /opt/airflow/dags/main.py
[2026-05-14T11:51:08.592+0000] {processor.py:830} INFO - Processing file /opt/airflow/dags/main.py for tasks to queue
[2026-05-14T11:51:08.595+0000] {logging_mixin.py:188} INFO - [2026-05-14T11:51:08.595+0000] {dagbag.py:545} INFO - Filling up the DagBag from /opt/airflow/dags/main.py
[2026-05-14T11:51:08.726+0000] {processor.py:840} INFO - DAG(s) 'produce_json' retrieved from /opt/airflow/dags/main.py
[2026-05-14T11:51:08.775+0000] {logging_mixin.py:188} INFO - [2026-05-14T11:51:08.775+0000] {dag.py:3096} INFO - Sync 1 DAGs
[2026-05-14T11:51:08.808+0000] {logging_mixin.py:188} INFO - [2026-05-14T11:51:08.808+0000] {dag.py:3954} INFO - Setting next_dagrun for produce_json to None, run_after=None
[2026-05-14T11:51:08.867+0000] {processor.py:183} INFO - Processing /opt/airflow/dags/main.py took 0.294 seconds
[2026-05-14T11:51:39.432+0000] {processor.py:161} INFO - Started process (PID=1066) to work on /opt/airflow/dags/main.py
[2026-05-14T11:51:39.434+0000] {processor.py:830} INFO - Processing file /opt/airflow/dags/main.py for tasks to queue
[2026-05-14T11:51:39.441+0000] {logging_mixin.py:188} INFO - [2026-05-14T11:51:39.440+0000] {dagbag.py:545} INFO - Filling up the DagBag from /opt/airflow/dags/main.py
[2026-05-14T11:51:39.574+0000] {processor.py:840} INFO - DAG(s) 'produce_json' retrieved from /opt/airflow/dags/main.py
[2026-05-14T11:51:39.626+0000] {logging_mixin.py:188} INFO - [2026-05-14T11:51:39.625+0000] {dag.py:3096} INFO - Sync 1 DAGs
[2026-05-14T11:51:39.659+0000] {logging_mixin.py:188} INFO - [2026-05-14T11:51:39.659+0000] {dag.py:3954} INFO - Setting next_dagrun for produce_json to None, run_after=None
[2026-05-14T11:51:39.698+0000] {processor.py:183} INFO - Processing /opt/airflow/dags/main.py took 0.282 seconds
[2026-05-14T11:52:09.862+0000] {processor.py:161} INFO - Started process (PID=1074) to work on /opt/airflow/dags/main.py
[2026-05-14T11:52:09.865+0000] {processor.py:830} INFO - Processing file /opt/airflow/dags/main.py for tasks to queue
[2026-05-14T11:52:09.869+0000] {logging_mixin.py:188} INFO - [2026-05-14T11:52:09.868+0000] {dagbag.py:545} INFO - Filling up the DagBag from /opt/airflow/dags/main.py
[2026-05-14T11:52:09.962+0000] {processor.py:840} INFO - DAG(s) 'produce_json' retrieved from /opt/airflow/dags/main.py
[2026-05-14T11:52:10.013+0000] {logging_mixin.py:188} INFO - [2026-05-14T11:52:10.009+0000] {dag.py:3096} INFO - Sync 1 DAGs
[2026-05-14T11:52:10.066+0000] {logging_mixin.py:188} INFO - [2026-05-14T11:52:10.066+0000] {dag.py:3954} INFO - Setting next_dagrun for produce_json to None, run_after=None
[2026-05-14T11:52:10.147+0000] {processor.py:183} INFO - Processing /opt/airflow/dags/main.py took 0.298 seconds
[2026-05-14T11:52:40.783+0000] {processor.py:161} INFO - Started process (PID=1081) to work on /opt/airflow/dags/main.py
[2026-05-14T11:52:40.786+0000] {processor.py:830} INFO - Processing file /opt/airflow/dags/main.py for tasks to queue
[2026-05-14T11:52:40.790+0000] {logging_mixin.py:188} INFO - [2026-05-14T11:52:40.790+0000] {dagbag.py:545} INFO - Filling up the DagBag from /opt/airflow/dags/main.py
[2026-05-14T11:52:40.907+0000] {processor.py:840} INFO - DAG(s) 'produce_json' retrieved from /opt/airflow/dags/main.py
[2026-05-14T11:52:40.974+0000] {logging_mixin.py:188} INFO - [2026-05-14T11:52:40.974+0000] {dag.py:3096} INFO - Sync 1 DAGs
[2026-05-14T11:52:41.001+0000] {logging_mixin.py:188} INFO - [2026-05-14T11:52:41.000+0000] {dag.py:3954} INFO - Setting next_dagrun for produce_json to None, run_after=None
[2026-05-14T11:52:41.047+0000] {processor.py:183} INFO - Processing /opt/airflow/dags/main.py took 0.281 seconds
[2026-05-14T11:53:11.317+0000] {processor.py:161} INFO - Started process (PID=1088) to work on /opt/airflow/dags/main.py
[2026-05-14T11:53:11.320+0000] {processor.py:830} INFO - Processing file /opt/airflow/dags/main.py for tasks to queue
[2026-05-14T11:53:11.327+0000] {logging_mixin.py:188} INFO - [2026-05-14T11:53:11.327+0000] {dagbag.py:545} INFO - Filling up the DagBag from /opt/airflow/dags/main.py
[2026-05-14T11:53:11.546+0000] {processor.py:840} INFO - DAG(s) 'produce_json' retrieved from /opt/airflow/dags/main.py
[2026-05-14T11:53:11.622+0000] {logging_mixin.py:188} INFO - [2026-05-14T11:53:11.621+0000] {dag.py:3096} INFO - Sync 1 DAGs
[2026-05-14T11:53:11.678+0000] {logging_mixin.py:188} INFO - [2026-05-14T11:53:11.678+0000] {dag.py:3954} INFO - Setting next_dagrun for produce_json to None, run_after=None
[2026-05-14T11:53:11.789+0000] {processor.py:183} INFO - Processing /opt/airflow/dags/main.py took 0.494 seconds
[2026-05-14T11:53:42.430+0000] {processor.py:161} INFO - Started process (PID=1095) to work on /opt/airflow/dags/main.py
[2026-05-14T11:53:42.434+0000] {processor.py:830} INFO - Processing file /opt/airflow/dags/main.py for tasks to queue
[2026-05-14T11:53:42.441+0000] {logging_mixin.py:188} INFO - [2026-05-14T11:53:42.440+0000] {dagbag.py:545} INFO - Filling up the DagBag from /opt/airflow/dags/main.py
[2026-05-14T11:53:42.549+0000] {processor.py:840} INFO - DAG(s) 'produce_json' retrieved from /opt/airflow/dags/main.py
[2026-05-14T11:53:42.595+0000] {logging_mixin.py:188} INFO - [2026-05-14T11:53:42.595+0000] {dag.py:3096} INFO - Sync 1 DAGs
[2026-05-14T11:53:42.622+0000] {logging_mixin.py:188} INFO - [2026-05-14T11:53:42.622+0000] {dag.py:3954} INFO - Setting next_dagrun for produce_json to None, run_after=None
[2026-05-14T11:53:42.654+0000] {processor.py:183} INFO - Processing /opt/airflow/dags/main.py took 0.255 seconds
[2026-05-14T11:54:13.025+0000] {processor.py:161} INFO - Started process (PID=1102) to work on /opt/airflow/dags/main.py
[2026-05-14T11:54:13.028+0000] {processor.py:830} INFO - Processing file /opt/airflow/dags/main.py for tasks to queue
[2026-05-14T11:54:13.035+0000] {logging_mixin.py:188} INFO - [2026-05-14T11:54:13.034+0000] {dagbag.py:545} INFO - Filling up the DagBag from /opt/airflow/dags/main.py
[2026-05-14T11:54:13.152+0000] {processor.py:840} INFO - DAG(s) 'produce_json' retrieved from /opt/airflow/dags/main.py
[2026-05-14T11:54:13.192+0000] {logging_mixin.py:188} INFO - [2026-05-14T11:54:13.192+0000] {dag.py:3096} INFO - Sync 1 DAGs
[2026-05-14T11:54:13.217+0000] {logging_mixin.py:188} INFO - [2026-05-14T11:54:13.217+0000] {dag.py:3954} INFO - Setting next_dagrun for produce_json to None, run_after=None
[2026-05-14T11:54:13.278+0000] {processor.py:183} INFO - Processing /opt/airflow/dags/main.py took 0.273 seconds
[2026-05-14T11:54:43.746+0000] {processor.py:161} INFO - Started process (PID=1109) to work on /opt/airflow/dags/main.py
[2026-05-14T11:54:43.749+0000] {processor.py:830} INFO - Processing file /opt/airflow/dags/main.py for tasks to queue
[2026-05-14T11:54:43.753+0000] {logging_mixin.py:188} INFO - [2026-05-14T11:54:43.752+0000] {dagbag.py:545} INFO - Filling up the DagBag from /opt/airflow/dags/main.py
[2026-05-14T11:54:43.849+0000] {processor.py:840} INFO - DAG(s) 'produce_json' retrieved from /opt/airflow/dags/main.py
[2026-05-14T11:54:43.889+0000] {logging_mixin.py:188} INFO - [2026-05-14T11:54:43.889+0000] {dag.py:3096} INFO - Sync 1 DAGs
[2026-05-14T11:54:43.907+0000] {logging_mixin.py:188} INFO - [2026-05-14T11:54:43.907+0000] {dag.py:3954} INFO - Setting next_dagrun for produce_json to None, run_after=None
[2026-05-14T11:54:43.964+0000] {processor.py:183} INFO - Processing /opt/airflow/dags/main.py took 0.244 seconds
[2026-05-14T11:55:14.171+0000] {processor.py:161} INFO - Started process (PID=1116) to work on /opt/airflow/dags/main.py
[2026-05-14T11:55:14.173+0000] {processor.py:830} INFO - Processing file /opt/airflow/dags/main.py for tasks to queue
[2026-05-14T11:55:14.184+0000] {logging_mixin.py:188} INFO - [2026-05-14T11:55:14.183+0000] {dagbag.py:545} INFO - Filling up the DagBag from /opt/airflow/dags/main.py
[2026-05-14T11:55:14.315+0000] {processor.py:840} INFO - DAG(s) 'produce_json' retrieved from /opt/airflow/dags/main.py
[2026-05-14T11:55:14.363+0000] {logging_mixin.py:188} INFO - [2026-05-14T11:55:14.362+0000] {dag.py:3096} INFO - Sync 1 DAGs
[2026-05-14T11:55:14.384+0000] {logging_mixin.py:188} INFO - [2026-05-14T11:55:14.384+0000] {dag.py:3954} INFO - Setting next_dagrun for produce_json to None, run_after=None
[2026-05-14T11:55:14.430+0000] {processor.py:183} INFO - Processing /opt/airflow/dags/main.py took 0.277 seconds
[2026-05-14T11:55:44.808+0000] {processor.py:161} INFO - Started process (PID=1123) to work on /opt/airflow/dags/main.py
[2026-05-14T11:55:44.812+0000] {processor.py:830} INFO - Processing file /opt/airflow/dags/main.py for tasks to queue
[2026-05-14T11:55:44.817+0000] {logging_mixin.py:188} INFO - [2026-05-14T11:55:44.816+0000] {dagbag.py:545} INFO - Filling up the DagBag from /opt/airflow/dags/main.py
[2026-05-14T11:55:44.971+0000] {processor.py:840} INFO - DAG(s) 'produce_json' retrieved from /opt/airflow/dags/main.py
[2026-05-14T11:55:45.054+0000] {logging_mixin.py:188} INFO - [2026-05-14T11:55:45.054+0000] {dag.py:3096} INFO - Sync 1 DAGs
[2026-05-14T11:55:45.078+0000] {logging_mixin.py:188} INFO - [2026-05-14T11:55:45.078+0000] {dag.py:3954} INFO - Setting next_dagrun for produce_json to None, run_after=None
[2026-05-14T11:55:45.122+0000] {processor.py:183} INFO - Processing /opt/airflow/dags/main.py took 0.342 seconds
[2026-05-14T11:56:15.261+0000] {processor.py:161} INFO - Started process (PID=1130) to work on /opt/airflow/dags/main.py
[2026-05-14T11:56:15.264+0000] {processor.py:830} INFO - Processing file /opt/airflow/dags/main.py for tasks to queue
[2026-05-14T11:56:15.271+0000] {logging_mixin.py:188} INFO - [2026-05-14T11:56:15.270+0000] {dagbag.py:545} INFO - Filling up the DagBag from /opt/airflow/dags/main.py
[2026-05-14T11:56:15.380+0000] {processor.py:840} INFO - DAG(s) 'produce_json' retrieved from /opt/airflow/dags/main.py
[2026-05-14T11:56:15.450+0000] {logging_mixin.py:188} INFO - [2026-05-14T11:56:15.450+0000] {dag.py:3096} INFO - Sync 1 DAGs
[2026-05-14T11:56:15.490+0000] {logging_mixin.py:188} INFO - [2026-05-14T11:56:15.489+0000] {dag.py:3954} INFO - Setting next_dagrun for produce_json to None, run_after=None
[2026-05-14T11:56:15.559+0000] {processor.py:183} INFO - Processing /opt/airflow/dags/main.py took 0.324 seconds
[2026-05-14T11:56:46.922+0000] {processor.py:161} INFO - Started process (PID=1137) to work on /opt/airflow/dags/main.py
[2026-05-14T11:56:46.935+0000] {processor.py:830} INFO - Processing file /opt/airflow/dags/main.py for tasks to queue
[2026-05-14T11:56:46.941+0000] {logging_mixin.py:188} INFO - [2026-05-14T11:56:46.940+0000] {dagbag.py:545} INFO - Filling up the DagBag from /opt/airflow/dags/main.py
[2026-05-14T11:56:47.501+0000] {processor.py:840} INFO - DAG(s) 'produce_json' retrieved from /opt/airflow/dags/main.py
[2026-05-14T11:56:47.667+0000] {logging_mixin.py:188} INFO - [2026-05-14T11:56:47.666+0000] {dag.py:3096} INFO - Sync 1 DAGs
[2026-05-14T11:56:47.753+0000] {logging_mixin.py:188} INFO - [2026-05-14T11:56:47.752+0000] {dag.py:3954} INFO - Setting next_dagrun for produce_json to None, run_after=None
[2026-05-14T11:56:47.881+0000] {processor.py:183} INFO - Processing /opt/airflow/dags/main.py took 0.989 seconds
[2026-05-14T11:57:18.586+0000] {processor.py:161} INFO - Started process (PID=1144) to work on /opt/airflow/dags/main.py
[2026-05-14T11:57:18.592+0000] {processor.py:830} INFO - Processing file /opt/airflow/dags/main.py for tasks to queue
[2026-05-14T11:57:18.611+0000] {logging_mixin.py:188} INFO - [2026-05-14T11:57:18.597+0000] {dagbag.py:545} INFO - Filling up the DagBag from /opt/airflow/dags/main.py
[2026-05-14T11:57:18.848+0000] {processor.py:840} INFO - DAG(s) 'produce_json' retrieved from /opt/airflow/dags/main.py
[2026-05-14T11:57:18.897+0000] {logging_mixin.py:188} INFO - [2026-05-14T11:57:18.897+0000] {dag.py:3096} INFO - Sync 1 DAGs
[2026-05-14T11:57:18.926+0000] {logging_mixin.py:188} INFO - [2026-05-14T11:57:18.926+0000] {dag.py:3954} INFO - Setting next_dagrun for produce_json to None, run_after=None
[2026-05-14T11:57:18.986+0000] {processor.py:183} INFO - Processing /opt/airflow/dags/main.py took 0.427 seconds
[2026-05-14T11:57:49.312+0000] {processor.py:161} INFO - Started process (PID=1151) to work on /opt/airflow/dags/main.py
[2026-05-14T11:57:49.315+0000] {processor.py:830} INFO - Processing file /opt/airflow/dags/main.py for tasks to queue
[2026-05-14T11:57:49.318+0000] {logging_mixin.py:188} INFO - [2026-05-14T11:57:49.318+0000] {dagbag.py:545} INFO - Filling up the DagBag from /opt/airflow/dags/main.py
[2026-05-14T11:57:49.416+0000] {processor.py:840} INFO - DAG(s) 'produce_json' retrieved from /opt/airflow/dags/main.py
[2026-05-14T11:57:49.453+0000] {logging_mixin.py:188} INFO - [2026-05-14T11:57:49.452+0000] {dag.py:3096} INFO - Sync 1 DAGs
[2026-05-14T11:57:49.471+0000] {logging_mixin.py:188} INFO - [2026-05-14T11:57:49.471+0000] {dag.py:3954} INFO - Setting next_dagrun for produce_json to None, run_after=None
[2026-05-14T11:57:49.511+0000] {processor.py:183} INFO - Processing /opt/airflow/dags/main.py took 0.209 seconds
[2026-05-14T11:58:19.867+0000] {processor.py:161} INFO - Started process (PID=1158) to work on /opt/airflow/dags/main.py
[2026-05-14T11:58:19.869+0000] {processor.py:830} INFO - Processing file /opt/airflow/dags/main.py for tasks to queue
[2026-05-14T11:58:19.872+0000] {logging_mixin.py:188} INFO - [2026-05-14T11:58:19.872+0000] {dagbag.py:545} INFO - Filling up the DagBag from /opt/airflow/dags/main.py
[2026-05-14T11:58:19.957+0000] {processor.py:840} INFO - DAG(s) 'produce_json' retrieved from /opt/airflow/dags/main.py
[2026-05-14T11:58:20.003+0000] {logging_mixin.py:188} INFO - [2026-05-14T11:58:20.003+0000] {dag.py:3096} INFO - Sync 1 DAGs
[2026-05-14T11:58:20.034+0000] {logging_mixin.py:188} INFO - [2026-05-14T11:58:20.033+0000] {dag.py:3954} INFO - Setting next_dagrun for produce_json to None, run_after=None
[2026-05-14T11:58:20.082+0000] {processor.py:183} INFO - Processing /opt/airflow/dags/main.py took 0.228 seconds
[2026-05-14T11:58:50.344+0000] {processor.py:161} INFO - Started process (PID=1166) to work on /opt/airflow/dags/main.py
[2026-05-14T11:58:50.345+0000] {processor.py:830} INFO - Processing file /opt/airflow/dags/main.py for tasks to queue
[2026-05-14T11:58:50.350+0000] {logging_mixin.py:188} INFO - [2026-05-14T11:58:50.349+0000] {dagbag.py:545} INFO - Filling up the DagBag from /opt/airflow/dags/main.py
[2026-05-14T11:58:50.437+0000] {processor.py:840} INFO - DAG(s) 'produce_json' retrieved from /opt/airflow/dags/main.py
[2026-05-14T11:58:50.471+0000] {logging_mixin.py:188} INFO - [2026-05-14T11:58:50.470+0000] {dag.py:3096} INFO - Sync 1 DAGs
[2026-05-14T11:58:50.489+0000] {logging_mixin.py:188} INFO - [2026-05-14T11:58:50.488+0000] {dag.py:3954} INFO - Setting next_dagrun for produce_json to None, run_after=None
[2026-05-14T11:58:50.537+0000] {processor.py:183} INFO - Processing /opt/airflow/dags/main.py took 0.210 seconds
[2026-05-14T11:59:20.856+0000] {processor.py:161} INFO - Started process (PID=1173) to work on /opt/airflow/dags/main.py
[2026-05-14T11:59:20.858+0000] {processor.py:830} INFO - Processing file /opt/airflow/dags/main.py for tasks to queue
[2026-05-14T11:59:20.865+0000] {logging_mixin.py:188} INFO - [2026-05-14T11:59:20.864+0000] {dagbag.py:545} INFO - Filling up the DagBag from /opt/airflow/dags/main.py
[2026-05-14T11:59:21.204+0000] {processor.py:840} INFO - DAG(s) 'produce_json' retrieved from /opt/airflow/dags/main.py
[2026-05-14T11:59:21.346+0000] {logging_mixin.py:188} INFO - [2026-05-14T11:59:21.345+0000] {dag.py:3096} INFO - Sync 1 DAGs
[2026-05-14T11:59:21.415+0000] {logging_mixin.py:188} INFO - [2026-05-14T11:59:21.415+0000] {dag.py:3954} INFO - Setting next_dagrun for produce_json to None, run_after=None
[2026-05-14T11:59:21.468+0000] {processor.py:183} INFO - Processing /opt/airflow/dags/main.py took 0.630 seconds
[2026-05-14T11:59:51.911+0000] {processor.py:161} INFO - Started process (PID=1180) to work on /opt/airflow/dags/main.py
[2026-05-14T11:59:51.914+0000] {processor.py:830} INFO - Processing file /opt/airflow/dags/main.py for tasks to queue
[2026-05-14T11:59:51.925+0000] {logging_mixin.py:188} INFO - [2026-05-14T11:59:51.925+0000] {dagbag.py:545} INFO - Filling up the DagBag from /opt/airflow/dags/main.py
[2026-05-14T11:59:52.255+0000] {processor.py:840} INFO - DAG(s) 'produce_json' retrieved from /opt/airflow/dags/main.py
[2026-05-14T11:59:52.349+0000] {logging_mixin.py:188} INFO - [2026-05-14T11:59:52.349+0000] {dag.py:3096} INFO - Sync 1 DAGs
[2026-05-14T11:59:52.393+0000] {logging_mixin.py:188} INFO - [2026-05-14T11:59:52.392+0000] {dag.py:3954} INFO - Setting next_dagrun for produce_json to None, run_after=None
[2026-05-14T11:59:52.444+0000] {processor.py:183} INFO - Processing /opt/airflow/dags/main.py took 0.548 seconds
[2026-05-14T12:00:22.632+0000] {processor.py:161} INFO - Started process (PID=1187) to work on /opt/airflow/dags/main.py
[2026-05-14T12:00:22.637+0000] {processor.py:830} INFO - Processing file /opt/airflow/dags/main.py for tasks to queue
[2026-05-14T12:00:22.645+0000] {logging_mixin.py:188} INFO - [2026-05-14T12:00:22.644+0000] {dagbag.py:545} INFO - Filling up the DagBag from /opt/airflow/dags/main.py
[2026-05-14T12:00:22.892+0000] {processor.py:840} INFO - DAG(s) 'produce_json' retrieved from /opt/airflow/dags/main.py
[2026-05-14T12:00:22.968+0000] {logging_mixin.py:188} INFO - [2026-05-14T12:00:22.967+0000] {dag.py:3096} INFO - Sync 1 DAGs
[2026-05-14T12:00:23.029+0000] {logging_mixin.py:188} INFO - [2026-05-14T12:00:23.029+0000] {dag.py:3954} INFO - Setting next_dagrun for produce_json to None, run_after=None
[2026-05-14T12:00:23.103+0000] {processor.py:183} INFO - Processing /opt/airflow/dags/main.py took 0.515 seconds
[2026-05-14T12:00:53.545+0000] {processor.py:161} INFO - Started process (PID=1194) to work on /opt/airflow/dags/main.py
[2026-05-14T12:00:53.548+0000] {processor.py:830} INFO - Processing file /opt/airflow/dags/main.py for tasks to queue
[2026-05-14T12:00:53.554+0000] {logging_mixin.py:188} INFO - [2026-05-14T12:00:53.553+0000] {dagbag.py:545} INFO - Filling up the DagBag from /opt/airflow/dags/main.py
[2026-05-14T12:00:53.682+0000] {processor.py:840} INFO - DAG(s) 'produce_json' retrieved from /opt/airflow/dags/main.py
[2026-05-14T12:00:53.729+0000] {logging_mixin.py:188} INFO - [2026-05-14T12:00:53.729+0000] {dag.py:3096} INFO - Sync 1 DAGs
[2026-05-14T12:00:53.758+0000] {logging_mixin.py:188} INFO - [2026-05-14T12:00:53.757+0000] {dag.py:3954} INFO - Setting next_dagrun for produce_json to None, run_after=None
[2026-05-14T12:00:53.815+0000] {processor.py:183} INFO - Processing /opt/airflow/dags/main.py took 0.284 seconds
[2026-05-14T12:01:24.572+0000] {processor.py:161} INFO - Started process (PID=1200) to work on /opt/airflow/dags/main.py
[2026-05-14T12:01:24.575+0000] {processor.py:830} INFO - Processing file /opt/airflow/dags/main.py for tasks to queue
[2026-05-14T12:01:24.581+0000] {logging_mixin.py:188} INFO - [2026-05-14T12:01:24.580+0000] {dagbag.py:545} INFO - Filling up the DagBag from /opt/airflow/dags/main.py
[2026-05-14T12:01:24.677+0000] {processor.py:840} INFO - DAG(s) 'produce_json' retrieved from /opt/airflow/dags/main.py
[2026-05-14T12:01:24.710+0000] {logging_mixin.py:188} INFO - [2026-05-14T12:01:24.709+0000] {dag.py:3096} INFO - Sync 1 DAGs
[2026-05-14T12:01:24.727+0000] {logging_mixin.py:188} INFO - [2026-05-14T12:01:24.727+0000] {dag.py:3954} INFO - Setting next_dagrun for produce_json to None, run_after=None
[2026-05-14T12:01:24.779+0000] {processor.py:183} INFO - Processing /opt/airflow/dags/main.py took 0.227 seconds
[2026-05-14T12:01:54.932+0000] {processor.py:161} INFO - Started process (PID=1207) to work on /opt/airflow/dags/main.py
[2026-05-14T12:01:54.934+0000] {processor.py:830} INFO - Processing file /opt/airflow/dags/main.py for tasks to queue
[2026-05-14T12:01:54.938+0000] {logging_mixin.py:188} INFO - [2026-05-14T12:01:54.938+0000] {dagbag.py:545} INFO - Filling up the DagBag from /opt/airflow/dags/main.py
[2026-05-14T12:01:55.058+0000] {processor.py:840} INFO - DAG(s) 'produce_json' retrieved from /opt/airflow/dags/main.py
[2026-05-14T12:01:55.095+0000] {logging_mixin.py:188} INFO - [2026-05-14T12:01:55.094+0000] {dag.py:3096} INFO - Sync 1 DAGs
[2026-05-14T12:01:55.121+0000] {logging_mixin.py:188} INFO - [2026-05-14T12:01:55.121+0000] {dag.py:3954} INFO - Setting next_dagrun for produce_json to None, run_after=None
[2026-05-14T12:01:55.166+0000] {processor.py:183} INFO - Processing /opt/airflow/dags/main.py took 0.245 seconds
[2026-05-14T12:02:25.515+0000] {processor.py:161} INFO - Started process (PID=1214) to work on /opt/airflow/dags/main.py
[2026-05-14T12:02:25.517+0000] {processor.py:830} INFO - Processing file /opt/airflow/dags/main.py for tasks to queue
[2026-05-14T12:02:25.521+0000] {logging_mixin.py:188} INFO - [2026-05-14T12:02:25.520+0000] {dagbag.py:545} INFO - Filling up the DagBag from /opt/airflow/dags/main.py
[2026-05-14T12:02:25.638+0000] {processor.py:840} INFO - DAG(s) 'produce_json' retrieved from /opt/airflow/dags/main.py
[2026-05-14T12:02:25.675+0000] {logging_mixin.py:188} INFO - [2026-05-14T12:02:25.674+0000] {dag.py:3096} INFO - Sync 1 DAGs
[2026-05-14T12:02:25.693+0000] {logging_mixin.py:188} INFO - [2026-05-14T12:02:25.693+0000] {dag.py:3954} INFO - Setting next_dagrun for produce_json to None, run_after=None
[2026-05-14T12:02:25.728+0000] {processor.py:183} INFO - Processing /opt/airflow/dags/main.py took 0.226 seconds
[2026-05-14T12:02:56.589+0000] {processor.py:161} INFO - Started process (PID=1220) to work on /opt/airflow/dags/main.py
[2026-05-14T12:02:56.595+0000] {processor.py:830} INFO - Processing file /opt/airflow/dags/main.py for tasks to queue
[2026-05-14T12:02:56.600+0000] {logging_mixin.py:188} INFO - [2026-05-14T12:02:56.599+0000] {dagbag.py:545} INFO - Filling up the DagBag from /opt/airflow/dags/main.py
[2026-05-14T12:02:56.738+0000] {processor.py:840} INFO - DAG(s) 'produce_json' retrieved from /opt/airflow/dags/main.py
[2026-05-14T12:02:56.822+0000] {logging_mixin.py:188} INFO - [2026-05-14T12:02:56.821+0000] {dag.py:3096} INFO - Sync 1 DAGs
[2026-05-14T12:02:56.866+0000] {logging_mixin.py:188} INFO - [2026-05-14T12:02:56.866+0000] {dag.py:3954} INFO - Setting next_dagrun for produce_json to None, run_after=None
[2026-05-14T12:02:56.911+0000] {processor.py:183} INFO - Processing /opt/airflow/dags/main.py took 0.340 seconds
[2026-05-14T13:08:51.520+0000] {processor.py:161} INFO - Started process (PID=1227) to work on /opt/airflow/dags/main.py
[2026-05-14T13:08:51.540+0000] {processor.py:830} INFO - Processing file /opt/airflow/dags/main.py for tasks to queue
[2026-05-14T13:08:51.578+0000] {logging_mixin.py:188} INFO - [2026-05-14T13:08:51.577+0000] {dagbag.py:545} INFO - Filling up the DagBag from /opt/airflow/dags/main.py
[2026-05-14T13:08:54.657+0000] {processor.py:840} INFO - DAG(s) 'produce_json' retrieved from /opt/airflow/dags/main.py
[2026-05-14T13:08:54.834+0000] {logging_mixin.py:188} INFO - [2026-05-14T13:08:54.833+0000] {dag.py:3096} INFO - Sync 1 DAGs
[2026-05-14T13:08:54.946+0000] {logging_mixin.py:188} INFO - [2026-05-14T13:08:54.945+0000] {dag.py:3954} INFO - Setting next_dagrun for produce_json to None, run_after=None
[2026-05-14T13:08:55.078+0000] {processor.py:183} INFO - Processing /opt/airflow/dags/main.py took 3.585 seconds
[2026-05-14T13:09:25.430+0000] {processor.py:161} INFO - Started process (PID=1235) to work on /opt/airflow/dags/main.py
[2026-05-14T13:09:25.442+0000] {processor.py:830} INFO - Processing file /opt/airflow/dags/main.py for tasks to queue
[2026-05-14T13:09:25.458+0000] {logging_mixin.py:188} INFO - [2026-05-14T13:09:25.448+0000] {dagbag.py:545} INFO - Filling up the DagBag from /opt/airflow/dags/main.py
[2026-05-14T13:09:26.026+0000] {processor.py:840} INFO - DAG(s) 'produce_json' retrieved from /opt/airflow/dags/main.py
[2026-05-14T13:09:26.165+0000] {logging_mixin.py:188} INFO - [2026-05-14T13:09:26.165+0000] {dag.py:3096} INFO - Sync 1 DAGs
[2026-05-14T13:09:26.275+0000] {logging_mixin.py:188} INFO - [2026-05-14T13:09:26.274+0000] {dag.py:3954} INFO - Setting next_dagrun for produce_json to None, run_after=None
[2026-05-14T13:09:26.402+0000] {processor.py:183} INFO - Processing /opt/airflow/dags/main.py took 1.027 seconds
[2026-05-14T13:09:56.996+0000] {processor.py:161} INFO - Started process (PID=1242) to work on /opt/airflow/dags/main.py
[2026-05-14T13:09:57.000+0000] {processor.py:830} INFO - Processing file /opt/airflow/dags/main.py for tasks to queue
[2026-05-14T13:09:57.008+0000] {logging_mixin.py:188} INFO - [2026-05-14T13:09:57.007+0000] {dagbag.py:545} INFO - Filling up the DagBag from /opt/airflow/dags/main.py
[2026-05-14T13:09:57.172+0000] {processor.py:840} INFO - DAG(s) 'produce_json' retrieved from /opt/airflow/dags/main.py
[2026-05-14T13:09:57.241+0000] {logging_mixin.py:188} INFO - [2026-05-14T13:09:57.240+0000] {dag.py:3096} INFO - Sync 1 DAGs
[2026-05-14T13:09:57.288+0000] {logging_mixin.py:188} INFO - [2026-05-14T13:09:57.288+0000] {dag.py:3954} INFO - Setting next_dagrun for produce_json to None, run_after=None
[2026-05-14T13:09:57.355+0000] {processor.py:183} INFO - Processing /opt/airflow/dags/main.py took 0.376 seconds
[2026-05-14T13:10:28.298+0000] {processor.py:161} INFO - Started process (PID=1249) to work on /opt/airflow/dags/main.py
[2026-05-14T13:10:28.302+0000] {processor.py:830} INFO - Processing file /opt/airflow/dags/main.py for tasks to queue
[2026-05-14T13:10:28.310+0000] {logging_mixin.py:188} INFO - [2026-05-14T13:10:28.309+0000] {dagbag.py:545} INFO - Filling up the DagBag from /opt/airflow/dags/main.py
[2026-05-14T13:10:28.476+0000] {processor.py:840} INFO - DAG(s) 'produce_json' retrieved from /opt/airflow/dags/main.py
[2026-05-14T13:10:28.576+0000] {logging_mixin.py:188} INFO - [2026-05-14T13:10:28.575+0000] {dag.py:3096} INFO - Sync 1 DAGs
[2026-05-14T13:10:28.627+0000] {logging_mixin.py:188} INFO - [2026-05-14T13:10:28.626+0000] {dag.py:3954} INFO - Setting next_dagrun for produce_json to None, run_after=None
[2026-05-14T13:10:28.703+0000] {processor.py:183} INFO - Processing /opt/airflow/dags/main.py took 0.429 seconds
[2026-05-14T13:10:59.536+0000] {processor.py:161} INFO - Started process (PID=1256) to work on /opt/airflow/dags/main.py
[2026-05-14T13:10:59.540+0000] {processor.py:830} INFO - Processing file /opt/airflow/dags/main.py for tasks to queue
[2026-05-14T13:10:59.547+0000] {logging_mixin.py:188} INFO - [2026-05-14T13:10:59.546+0000] {dagbag.py:545} INFO - Filling up the DagBag from /opt/airflow/dags/main.py
[2026-05-14T13:10:59.723+0000] {processor.py:840} INFO - DAG(s) 'produce_json' retrieved from /opt/airflow/dags/main.py
[2026-05-14T13:10:59.785+0000] {logging_mixin.py:188} INFO - [2026-05-14T13:10:59.784+0000] {dag.py:3096} INFO - Sync 1 DAGs
[2026-05-14T13:10:59.824+0000] {logging_mixin.py:188} INFO - [2026-05-14T13:10:59.823+0000] {dag.py:3954} INFO - Setting next_dagrun for produce_json to None, run_after=None
[2026-05-14T13:10:59.903+0000] {processor.py:183} INFO - Processing /opt/airflow/dags/main.py took 0.392 seconds
[2026-05-14T13:11:30.746+0000] {processor.py:161} INFO - Started process (PID=1263) to work on /opt/airflow/dags/main.py
[2026-05-14T13:11:30.759+0000] {processor.py:830} INFO - Processing file /opt/airflow/dags/main.py for tasks to queue
[2026-05-14T13:11:30.780+0000] {logging_mixin.py:188} INFO - [2026-05-14T13:11:30.779+0000] {dagbag.py:545} INFO - Filling up the DagBag from /opt/airflow/dags/main.py
[2026-05-14T13:11:31.342+0000] {processor.py:840} INFO - DAG(s) 'produce_json' retrieved from /opt/airflow/dags/main.py
[2026-05-14T13:11:31.445+0000] {logging_mixin.py:188} INFO - [2026-05-14T13:11:31.445+0000] {dag.py:3096} INFO - Sync 1 DAGs
[2026-05-14T13:11:31.498+0000] {logging_mixin.py:188} INFO - [2026-05-14T13:11:31.498+0000] {dag.py:3954} INFO - Setting next_dagrun for produce_json to None, run_after=None
[2026-05-14T13:11:31.564+0000] {processor.py:183} INFO - Processing /opt/airflow/dags/main.py took 0.871 seconds
[2026-05-14T13:12:02.790+0000] {processor.py:161} INFO - Started process (PID=1270) to work on /opt/airflow/dags/main.py
[2026-05-14T13:12:02.845+0000] {processor.py:830} INFO - Processing file /opt/airflow/dags/main.py for tasks to queue
[2026-05-14T13:12:02.863+0000] {logging_mixin.py:188} INFO - [2026-05-14T13:12:02.862+0000] {dagbag.py:545} INFO - Filling up the DagBag from /opt/airflow/dags/main.py
[2026-05-14T13:12:03.757+0000] {processor.py:840} INFO - DAG(s) 'produce_json' retrieved from /opt/airflow/dags/main.py
[2026-05-14T13:12:04.271+0000] {logging_mixin.py:188} INFO - [2026-05-14T13:12:04.257+0000] {dag.py:3096} INFO - Sync 1 DAGs
[2026-05-14T13:12:04.598+0000] {logging_mixin.py:188} INFO - [2026-05-14T13:12:04.597+0000] {dag.py:3954} INFO - Setting next_dagrun for produce_json to None, run_after=None
[2026-05-14T13:12:05.262+0000] {processor.py:183} INFO - Processing /opt/airflow/dags/main.py took 2.534 seconds
[2026-05-14T13:12:35.976+0000] {processor.py:161} INFO - Started process (PID=1276) to work on /opt/airflow/dags/main.py
[2026-05-14T13:12:35.980+0000] {processor.py:830} INFO - Processing file /opt/airflow/dags/main.py for tasks to queue
[2026-05-14T13:12:36.012+0000] {logging_mixin.py:188} INFO - [2026-05-14T13:12:36.011+0000] {dagbag.py:545} INFO - Filling up the DagBag from /opt/airflow/dags/main.py
[2026-05-14T13:12:36.615+0000] {processor.py:840} INFO - DAG(s) 'produce_json' retrieved from /opt/airflow/dags/main.py
[2026-05-14T13:12:36.841+0000] {logging_mixin.py:188} INFO - [2026-05-14T13:12:36.841+0000] {dag.py:3096} INFO - Sync 1 DAGs
[2026-05-14T13:12:36.966+0000] {logging_mixin.py:188} INFO - [2026-05-14T13:12:36.966+0000] {dag.py:3954} INFO - Setting next_dagrun for produce_json to None, run_after=None
[2026-05-14T13:12:37.147+0000] {processor.py:183} INFO - Processing /opt/airflow/dags/main.py took 1.234 seconds
[2026-05-14T13:13:08.399+0000] {processor.py:161} INFO - Started process (PID=1283) to work on /opt/airflow/dags/main.py
[2026-05-14T13:13:08.417+0000] {processor.py:830} INFO - Processing file /opt/airflow/dags/main.py for tasks to queue
[2026-05-14T13:13:08.443+0000] {logging_mixin.py:188} INFO - [2026-05-14T13:13:08.432+0000] {dagbag.py:545} INFO - Filling up the DagBag from /opt/airflow/dags/main.py
[2026-05-14T13:13:08.801+0000] {processor.py:840} INFO - DAG(s) 'produce_json' retrieved from /opt/airflow/dags/main.py
[2026-05-14T13:13:09.023+0000] {logging_mixin.py:188} INFO - [2026-05-14T13:13:09.022+0000] {dag.py:3096} INFO - Sync 1 DAGs
[2026-05-14T13:13:09.171+0000] {logging_mixin.py:188} INFO - [2026-05-14T13:13:09.170+0000] {dag.py:3954} INFO - Setting next_dagrun for produce_json to None, run_after=None
[2026-05-14T13:13:09.372+0000] {processor.py:183} INFO - Processing /opt/airflow/dags/main.py took 1.055 seconds
[2026-05-14T13:13:40.121+0000] {processor.py:161} INFO - Started process (PID=1290) to work on /opt/airflow/dags/main.py
[2026-05-14T13:13:40.134+0000] {processor.py:830} INFO - Processing file /opt/airflow/dags/main.py for tasks to queue
[2026-05-14T13:13:40.156+0000] {logging_mixin.py:188} INFO - [2026-05-14T13:13:40.154+0000] {dagbag.py:545} INFO - Filling up the DagBag from /opt/airflow/dags/main.py
[2026-05-14T13:13:41.724+0000] {processor.py:840} INFO - DAG(s) 'produce_json' retrieved from /opt/airflow/dags/main.py
[2026-05-14T13:13:43.097+0000] {logging_mixin.py:188} INFO - [2026-05-14T13:13:43.096+0000] {dag.py:3096} INFO - Sync 1 DAGs
[2026-05-14T13:13:46.067+0000] {logging_mixin.py:188} INFO - [2026-05-14T13:13:46.066+0000] {dag.py:3954} INFO - Setting next_dagrun for produce_json to None, run_after=None
[2026-05-14T13:13:48.714+0000] {processor.py:183} INFO - Processing /opt/airflow/dags/main.py took 8.659 seconds
[2026-05-14T13:14:20.322+0000] {processor.py:161} INFO - Started process (PID=1302) to work on /opt/airflow/dags/main.py
[2026-05-14T13:14:20.346+0000] {processor.py:830} INFO - Processing file /opt/airflow/dags/main.py for tasks to queue
[2026-05-14T13:14:20.367+0000] {logging_mixin.py:188} INFO - [2026-05-14T13:14:20.366+0000] {dagbag.py:545} INFO - Filling up the DagBag from /opt/airflow/dags/main.py
[2026-05-14T13:14:20.641+0000] {processor.py:840} INFO - DAG(s) 'produce_json' retrieved from /opt/airflow/dags/main.py
[2026-05-14T13:14:20.730+0000] {logging_mixin.py:188} INFO - [2026-05-14T13:14:20.729+0000] {dag.py:3096} INFO - Sync 1 DAGs
[2026-05-14T13:14:20.855+0000] {logging_mixin.py:188} INFO - [2026-05-14T13:14:20.854+0000] {dag.py:3954} INFO - Setting next_dagrun for produce_json to None, run_after=None
[2026-05-14T13:14:20.969+0000] {processor.py:183} INFO - Processing /opt/airflow/dags/main.py took 0.714 seconds
[2026-05-14T13:14:52.309+0000] {processor.py:161} INFO - Started process (PID=1309) to work on /opt/airflow/dags/main.py
[2026-05-14T13:14:52.321+0000] {processor.py:830} INFO - Processing file /opt/airflow/dags/main.py for tasks to queue
[2026-05-14T13:14:52.338+0000] {logging_mixin.py:188} INFO - [2026-05-14T13:14:52.337+0000] {dagbag.py:545} INFO - Filling up the DagBag from /opt/airflow/dags/main.py
[2026-05-14T13:14:52.867+0000] {processor.py:840} INFO - DAG(s) 'produce_json' retrieved from /opt/airflow/dags/main.py
[2026-05-14T13:14:53.375+0000] {logging_mixin.py:188} INFO - [2026-05-14T13:14:53.362+0000] {dag.py:3096} INFO - Sync 1 DAGs
[2026-05-14T13:14:53.582+0000] {logging_mixin.py:188} INFO - [2026-05-14T13:14:53.581+0000] {dag.py:3954} INFO - Setting next_dagrun for produce_json to None, run_after=None
[2026-05-14T13:14:53.805+0000] {processor.py:183} INFO - Processing /opt/airflow/dags/main.py took 1.566 seconds
[2026-05-14T13:15:24.456+0000] {processor.py:161} INFO - Started process (PID=1316) to work on /opt/airflow/dags/main.py
[2026-05-14T13:15:24.460+0000] {processor.py:830} INFO - Processing file /opt/airflow/dags/main.py for tasks to queue
[2026-05-14T13:15:24.470+0000] {logging_mixin.py:188} INFO - [2026-05-14T13:15:24.465+0000] {dagbag.py:545} INFO - Filling up the DagBag from /opt/airflow/dags/main.py
[2026-05-14T13:15:24.791+0000] {processor.py:840} INFO - DAG(s) 'produce_json' retrieved from /opt/airflow/dags/main.py
[2026-05-14T13:15:24.947+0000] {logging_mixin.py:188} INFO - [2026-05-14T13:15:24.945+0000] {dag.py:3096} INFO - Sync 1 DAGs
[2026-05-14T13:15:24.990+0000] {logging_mixin.py:188} INFO - [2026-05-14T13:15:24.990+0000] {dag.py:3954} INFO - Setting next_dagrun for produce_json to None, run_after=None
[2026-05-14T13:15:25.093+0000] {processor.py:183} INFO - Processing /opt/airflow/dags/main.py took 0.670 seconds
[2026-05-14T13:15:55.641+0000] {processor.py:161} INFO - Started process (PID=1324) to work on /opt/airflow/dags/main.py
[2026-05-14T13:15:55.645+0000] {processor.py:830} INFO - Processing file /opt/airflow/dags/main.py for tasks to queue
[2026-05-14T13:15:55.661+0000] {logging_mixin.py:188} INFO - [2026-05-14T13:15:55.660+0000] {dagbag.py:545} INFO - Filling up the DagBag from /opt/airflow/dags/main.py
[2026-05-14T13:15:55.961+0000] {processor.py:840} INFO - DAG(s) 'produce_json' retrieved from /opt/airflow/dags/main.py
[2026-05-14T13:15:56.066+0000] {logging_mixin.py:188} INFO - [2026-05-14T13:15:56.065+0000] {dag.py:3096} INFO - Sync 1 DAGs
[2026-05-14T13:15:56.146+0000] {logging_mixin.py:188} INFO - [2026-05-14T13:15:56.136+0000] {dag.py:3954} INFO - Setting next_dagrun for produce_json to None, run_after=None
[2026-05-14T13:15:56.281+0000] {processor.py:183} INFO - Processing /opt/airflow/dags/main.py took 0.684 seconds
[2026-05-14T13:16:26.554+0000] {processor.py:161} INFO - Started process (PID=1331) to work on /opt/airflow/dags/main.py
[2026-05-14T13:16:26.568+0000] {processor.py:830} INFO - Processing file /opt/airflow/dags/main.py for tasks to queue
[2026-05-14T13:16:26.599+0000] {logging_mixin.py:188} INFO - [2026-05-14T13:16:26.587+0000] {dagbag.py:545} INFO - Filling up the DagBag from /opt/airflow/dags/main.py
[2026-05-14T13:16:26.950+0000] {processor.py:840} INFO - DAG(s) 'produce_json' retrieved from /opt/airflow/dags/main.py
[2026-05-14T13:16:27.095+0000] {logging_mixin.py:188} INFO - [2026-05-14T13:16:27.094+0000] {dag.py:3096} INFO - Sync 1 DAGs
[2026-05-14T13:16:27.241+0000] {logging_mixin.py:188} INFO - [2026-05-14T13:16:27.240+0000] {dag.py:3954} INFO - Setting next_dagrun for produce_json to None, run_after=None
[2026-05-14T13:16:27.411+0000] {processor.py:183} INFO - Processing /opt/airflow/dags/main.py took 0.924 seconds
[2026-05-14T13:16:57.757+0000] {processor.py:161} INFO - Started process (PID=1338) to work on /opt/airflow/dags/main.py
[2026-05-14T13:16:57.768+0000] {processor.py:830} INFO - Processing file /opt/airflow/dags/main.py for tasks to queue
[2026-05-14T13:16:57.783+0000] {logging_mixin.py:188} INFO - [2026-05-14T13:16:57.776+0000] {dagbag.py:545} INFO - Filling up the DagBag from /opt/airflow/dags/main.py
[2026-05-14T13:16:58.009+0000] {processor.py:840} INFO - DAG(s) 'produce_json' retrieved from /opt/airflow/dags/main.py
[2026-05-14T13:16:58.112+0000] {logging_mixin.py:188} INFO - [2026-05-14T13:16:58.109+0000] {dag.py:3096} INFO - Sync 1 DAGs
[2026-05-14T13:16:58.183+0000] {logging_mixin.py:188} INFO - [2026-05-14T13:16:58.182+0000] {dag.py:3954} INFO - Setting next_dagrun for produce_json to None, run_after=None
[2026-05-14T13:16:58.288+0000] {processor.py:183} INFO - Processing /opt/airflow/dags/main.py took 0.561 seconds
[2026-05-14T13:17:28.523+0000] {processor.py:161} INFO - Started process (PID=1345) to work on /opt/airflow/dags/main.py
[2026-05-14T13:17:28.535+0000] {processor.py:830} INFO - Processing file /opt/airflow/dags/main.py for tasks to queue
[2026-05-14T13:17:28.550+0000] {logging_mixin.py:188} INFO - [2026-05-14T13:17:28.548+0000] {dagbag.py:545} INFO - Filling up the DagBag from /opt/airflow/dags/main.py
[2026-05-14T13:17:28.753+0000] {processor.py:840} INFO - DAG(s) 'produce_json' retrieved from /opt/airflow/dags/main.py
[2026-05-14T13:17:28.816+0000] {logging_mixin.py:188} INFO - [2026-05-14T13:17:28.815+0000] {dag.py:3096} INFO - Sync 1 DAGs
[2026-05-14T13:17:28.860+0000] {logging_mixin.py:188} INFO - [2026-05-14T13:17:28.860+0000] {dag.py:3954} INFO - Setting next_dagrun for produce_json to None, run_after=None
[2026-05-14T13:17:28.948+0000] {processor.py:183} INFO - Processing /opt/airflow/dags/main.py took 0.461 seconds
[2026-05-14T13:17:59.630+0000] {processor.py:161} INFO - Started process (PID=1352) to work on /opt/airflow/dags/main.py
[2026-05-14T13:17:59.637+0000] {processor.py:830} INFO - Processing file /opt/airflow/dags/main.py for tasks to queue
[2026-05-14T13:17:59.670+0000] {logging_mixin.py:188} INFO - [2026-05-14T13:17:59.668+0000] {dagbag.py:545} INFO - Filling up the DagBag from /opt/airflow/dags/main.py
[2026-05-14T13:17:59.938+0000] {processor.py:840} INFO - DAG(s) 'produce_json' retrieved from /opt/airflow/dags/main.py
[2026-05-14T13:18:00.083+0000] {logging_mixin.py:188} INFO - [2026-05-14T13:18:00.083+0000] {dag.py:3096} INFO - Sync 1 DAGs
[2026-05-14T13:18:00.147+0000] {logging_mixin.py:188} INFO - [2026-05-14T13:18:00.146+0000] {dag.py:3954} INFO - Setting next_dagrun for produce_json to None, run_after=None
[2026-05-14T13:18:00.283+0000] {processor.py:183} INFO - Processing /opt/airflow/dags/main.py took 0.764 seconds
[2026-05-14T13:18:32.099+0000] {processor.py:161} INFO - Started process (PID=1360) to work on /opt/airflow/dags/main.py
[2026-05-14T13:18:32.164+0000] {processor.py:830} INFO - Processing file /opt/airflow/dags/main.py for tasks to queue
[2026-05-14T13:18:32.206+0000] {logging_mixin.py:188} INFO - [2026-05-14T13:18:32.205+0000] {dagbag.py:545} INFO - Filling up the DagBag from /opt/airflow/dags/main.py
[2026-05-14T13:18:33.968+0000] {processor.py:840} INFO - DAG(s) 'produce_json' retrieved from /opt/airflow/dags/main.py
[2026-05-14T13:18:34.286+0000] {logging_mixin.py:188} INFO - [2026-05-14T13:18:34.285+0000] {dag.py:3096} INFO - Sync 1 DAGs
[2026-05-14T13:18:34.513+0000] {logging_mixin.py:188} INFO - [2026-05-14T13:18:34.501+0000] {dag.py:3954} INFO - Setting next_dagrun for produce_json to None, run_after=None
[2026-05-14T13:18:34.898+0000] {processor.py:183} INFO - Processing /opt/airflow/dags/main.py took 2.905 seconds
[2026-05-14T13:19:08.031+0000] {processor.py:161} INFO - Started process (PID=1367) to work on /opt/airflow/dags/main.py
[2026-05-14T13:19:08.035+0000] {processor.py:830} INFO - Processing file /opt/airflow/dags/main.py for tasks to queue
[2026-05-14T13:19:08.052+0000] {logging_mixin.py:188} INFO - [2026-05-14T13:19:08.049+0000] {dagbag.py:545} INFO - Filling up the DagBag from /opt/airflow/dags/main.py
[2026-05-14T13:19:09.104+0000] {processor.py:840} INFO - DAG(s) 'produce_json' retrieved from /opt/airflow/dags/main.py
[2026-05-14T13:19:09.439+0000] {logging_mixin.py:188} INFO - [2026-05-14T13:19:09.438+0000] {dag.py:3096} INFO - Sync 1 DAGs
[2026-05-14T13:19:09.575+0000] {logging_mixin.py:188} INFO - [2026-05-14T13:19:09.574+0000] {dag.py:3954} INFO - Setting next_dagrun for produce_json to None, run_after=None
[2026-05-14T13:19:09.730+0000] {processor.py:183} INFO - Processing /opt/airflow/dags/main.py took 1.734 seconds
[2026-05-14T13:19:39.897+0000] {processor.py:161} INFO - Started process (PID=1374) to work on /opt/airflow/dags/main.py
[2026-05-14T13:19:39.903+0000] {processor.py:830} INFO - Processing file /opt/airflow/dags/main.py for tasks to queue
[2026-05-14T13:19:39.919+0000] {logging_mixin.py:188} INFO - [2026-05-14T13:19:39.917+0000] {dagbag.py:545} INFO - Filling up the DagBag from /opt/airflow/dags/main.py
[2026-05-14T13:19:40.121+0000] {processor.py:840} INFO - DAG(s) 'produce_json' retrieved from /opt/airflow/dags/main.py
[2026-05-14T13:19:40.202+0000] {logging_mixin.py:188} INFO - [2026-05-14T13:19:40.202+0000] {dag.py:3096} INFO - Sync 1 DAGs
[2026-05-14T13:19:40.252+0000] {logging_mixin.py:188} INFO - [2026-05-14T13:19:40.251+0000] {dag.py:3954} INFO - Setting next_dagrun for produce_json to None, run_after=None
[2026-05-14T13:19:40.333+0000] {processor.py:183} INFO - Processing /opt/airflow/dags/main.py took 0.469 seconds
[2026-05-14T13:20:11.437+0000] {processor.py:161} INFO - Started process (PID=1381) to work on /opt/airflow/dags/main.py
[2026-05-14T13:20:11.444+0000] {processor.py:830} INFO - Processing file /opt/airflow/dags/main.py for tasks to queue
[2026-05-14T13:20:11.452+0000] {logging_mixin.py:188} INFO - [2026-05-14T13:20:11.450+0000] {dagbag.py:545} INFO - Filling up the DagBag from /opt/airflow/dags/main.py
[2026-05-14T13:20:11.716+0000] {processor.py:840} INFO - DAG(s) 'produce_json' retrieved from /opt/airflow/dags/main.py
[2026-05-14T13:20:11.833+0000] {logging_mixin.py:188} INFO - [2026-05-14T13:20:11.832+0000] {dag.py:3096} INFO - Sync 1 DAGs
[2026-05-14T13:20:11.884+0000] {logging_mixin.py:188} INFO - [2026-05-14T13:20:11.884+0000] {dag.py:3954} INFO - Setting next_dagrun for produce_json to None, run_after=None
[2026-05-14T13:20:12.003+0000] {processor.py:183} INFO - Processing /opt/airflow/dags/main.py took 0.648 seconds
[2026-05-14T13:20:43.587+0000] {processor.py:161} INFO - Started process (PID=1388) to work on /opt/airflow/dags/main.py
[2026-05-14T13:20:43.621+0000] {processor.py:830} INFO - Processing file /opt/airflow/dags/main.py for tasks to queue
[2026-05-14T13:20:43.660+0000] {logging_mixin.py:188} INFO - [2026-05-14T13:20:43.658+0000] {dagbag.py:545} INFO - Filling up the DagBag from /opt/airflow/dags/main.py
[2026-05-14T13:20:48.796+0000] {processor.py:840} INFO - DAG(s) 'produce_json' retrieved from /opt/airflow/dags/main.py
[2026-05-14T13:20:49.058+0000] {logging_mixin.py:188} INFO - [2026-05-14T13:20:49.057+0000] {dag.py:3096} INFO - Sync 1 DAGs
[2026-05-14T13:20:49.276+0000] {logging_mixin.py:188} INFO - [2026-05-14T13:20:49.265+0000] {dag.py:3954} INFO - Setting next_dagrun for produce_json to None, run_after=None
[2026-05-14T13:20:50.281+0000] {processor.py:183} INFO - Processing /opt/airflow/dags/main.py took 6.747 seconds
[2026-05-14T13:21:22.203+0000] {processor.py:161} INFO - Started process (PID=1400) to work on /opt/airflow/dags/main.py
[2026-05-14T13:21:22.233+0000] {processor.py:830} INFO - Processing file /opt/airflow/dags/main.py for tasks to queue
[2026-05-14T13:21:22.281+0000] {logging_mixin.py:188} INFO - [2026-05-14T13:21:22.280+0000] {dagbag.py:545} INFO - Filling up the DagBag from /opt/airflow/dags/main.py
[2026-05-14T13:21:24.175+0000] {processor.py:840} INFO - DAG(s) 'produce_json' retrieved from /opt/airflow/dags/main.py
[2026-05-14T13:21:24.969+0000] {logging_mixin.py:188} INFO - [2026-05-14T13:21:24.969+0000] {dag.py:3096} INFO - Sync 1 DAGs
[2026-05-14T13:21:26.481+0000] {logging_mixin.py:188} INFO - [2026-05-14T13:21:26.481+0000] {dag.py:3954} INFO - Setting next_dagrun for produce_json to None, run_after=None
[2026-05-14T13:21:27.401+0000] {processor.py:183} INFO - Processing /opt/airflow/dags/main.py took 5.327 seconds
[2026-05-14T13:21:58.537+0000] {processor.py:161} INFO - Started process (PID=1407) to work on /opt/airflow/dags/main.py
[2026-05-14T13:21:58.540+0000] {processor.py:830} INFO - Processing file /opt/airflow/dags/main.py for tasks to queue
[2026-05-14T13:21:58.548+0000] {logging_mixin.py:188} INFO - [2026-05-14T13:21:58.547+0000] {dagbag.py:545} INFO - Filling up the DagBag from /opt/airflow/dags/main.py
[2026-05-14T13:21:58.798+0000] {processor.py:840} INFO - DAG(s) 'produce_json' retrieved from /opt/airflow/dags/main.py
[2026-05-14T13:21:58.936+0000] {logging_mixin.py:188} INFO - [2026-05-14T13:21:58.931+0000] {dag.py:3096} INFO - Sync 1 DAGs
[2026-05-14T13:21:58.989+0000] {logging_mixin.py:188} INFO - [2026-05-14T13:21:58.988+0000] {dag.py:3954} INFO - Setting next_dagrun for produce_json to None, run_after=None
[2026-05-14T13:21:59.046+0000] {processor.py:183} INFO - Processing /opt/airflow/dags/main.py took 0.534 seconds
[2026-05-14T13:22:31.362+0000] {processor.py:161} INFO - Started process (PID=1414) to work on /opt/airflow/dags/main.py
[2026-05-14T13:22:31.448+0000] {processor.py:830} INFO - Processing file /opt/airflow/dags/main.py for tasks to queue
[2026-05-14T13:22:31.472+0000] {logging_mixin.py:188} INFO - [2026-05-14T13:22:31.471+0000] {dagbag.py:545} INFO - Filling up the DagBag from /opt/airflow/dags/main.py
[2026-05-14T13:22:33.211+0000] {processor.py:840} INFO - DAG(s) 'produce_json' retrieved from /opt/airflow/dags/main.py
[2026-05-14T13:22:33.382+0000] {logging_mixin.py:188} INFO - [2026-05-14T13:22:33.381+0000] {dag.py:3096} INFO - Sync 1 DAGs
[2026-05-14T13:22:33.543+0000] {logging_mixin.py:188} INFO - [2026-05-14T13:22:33.542+0000] {dag.py:3954} INFO - Setting next_dagrun for produce_json to None, run_after=None
[2026-05-14T13:22:33.794+0000] {processor.py:183} INFO - Processing /opt/airflow/dags/main.py took 2.499 seconds
[2026-05-14T13:23:06.583+0000] {processor.py:161} INFO - Started process (PID=1422) to work on /opt/airflow/dags/main.py
[2026-05-14T13:23:06.598+0000] {processor.py:830} INFO - Processing file /opt/airflow/dags/main.py for tasks to queue
[2026-05-14T13:23:06.621+0000] {logging_mixin.py:188} INFO - [2026-05-14T13:23:06.620+0000] {dagbag.py:545} INFO - Filling up the DagBag from /opt/airflow/dags/main.py
[2026-05-14T13:23:07.066+0000] {processor.py:840} INFO - DAG(s) 'produce_json' retrieved from /opt/airflow/dags/main.py
[2026-05-14T13:23:07.226+0000] {logging_mixin.py:188} INFO - [2026-05-14T13:23:07.225+0000] {dag.py:3096} INFO - Sync 1 DAGs
[2026-05-14T13:23:07.333+0000] {logging_mixin.py:188} INFO - [2026-05-14T13:23:07.332+0000] {dag.py:3954} INFO - Setting next_dagrun for produce_json to None, run_after=None
[2026-05-14T13:23:07.480+0000] {processor.py:183} INFO - Processing /opt/airflow/dags/main.py took 0.974 seconds
[2026-05-14T13:23:38.073+0000] {processor.py:161} INFO - Started process (PID=1429) to work on /opt/airflow/dags/main.py
[2026-05-14T13:23:38.078+0000] {processor.py:830} INFO - Processing file /opt/airflow/dags/main.py for tasks to queue
[2026-05-14T13:23:38.106+0000] {logging_mixin.py:188} INFO - [2026-05-14T13:23:38.105+0000] {dagbag.py:545} INFO - Filling up the DagBag from /opt/airflow/dags/main.py
[2026-05-14T13:23:38.341+0000] {processor.py:840} INFO - DAG(s) 'produce_json' retrieved from /opt/airflow/dags/main.py
[2026-05-14T13:23:38.427+0000] {logging_mixin.py:188} INFO - [2026-05-14T13:23:38.426+0000] {dag.py:3096} INFO - Sync 1 DAGs
[2026-05-14T13:23:38.485+0000] {logging_mixin.py:188} INFO - [2026-05-14T13:23:38.484+0000] {dag.py:3954} INFO - Setting next_dagrun for produce_json to None, run_after=None
[2026-05-14T13:23:38.553+0000] {processor.py:183} INFO - Processing /opt/airflow/dags/main.py took 0.546 seconds
[2026-05-14T13:24:09.081+0000] {processor.py:161} INFO - Started process (PID=1436) to work on /opt/airflow/dags/main.py
[2026-05-14T13:24:09.085+0000] {processor.py:830} INFO - Processing file /opt/airflow/dags/main.py for tasks to queue
[2026-05-14T13:24:09.092+0000] {logging_mixin.py:188} INFO - [2026-05-14T13:24:09.092+0000] {dagbag.py:545} INFO - Filling up the DagBag from /opt/airflow/dags/main.py
[2026-05-14T13:24:09.344+0000] {processor.py:840} INFO - DAG(s) 'produce_json' retrieved from /opt/airflow/dags/main.py
[2026-05-14T13:24:09.441+0000] {logging_mixin.py:188} INFO - [2026-05-14T13:24:09.441+0000] {dag.py:3096} INFO - Sync 1 DAGs
[2026-05-14T13:24:09.495+0000] {logging_mixin.py:188} INFO - [2026-05-14T13:24:09.494+0000] {dag.py:3954} INFO - Setting next_dagrun for produce_json to None, run_after=None
[2026-05-14T13:24:09.567+0000] {processor.py:183} INFO - Processing /opt/airflow/dags/main.py took 0.516 seconds
[2026-05-14T13:24:40.353+0000] {processor.py:161} INFO - Started process (PID=1443) to work on /opt/airflow/dags/main.py
[2026-05-14T13:24:40.357+0000] {processor.py:830} INFO - Processing file /opt/airflow/dags/main.py for tasks to queue
[2026-05-14T13:24:40.366+0000] {logging_mixin.py:188} INFO - [2026-05-14T13:24:40.365+0000] {dagbag.py:545} INFO - Filling up the DagBag from /opt/airflow/dags/main.py
[2026-05-14T13:24:40.566+0000] {processor.py:840} INFO - DAG(s) 'produce_json' retrieved from /opt/airflow/dags/main.py
[2026-05-14T13:24:40.635+0000] {logging_mixin.py:188} INFO - [2026-05-14T13:24:40.634+0000] {dag.py:3096} INFO - Sync 1 DAGs
[2026-05-14T13:24:40.700+0000] {logging_mixin.py:188} INFO - [2026-05-14T13:24:40.699+0000] {dag.py:3954} INFO - Setting next_dagrun for produce_json to None, run_after=None
[2026-05-14T13:24:40.779+0000] {processor.py:183} INFO - Processing /opt/airflow/dags/main.py took 0.452 seconds
[2026-05-14T13:25:11.283+0000] {processor.py:161} INFO - Started process (PID=1450) to work on /opt/airflow/dags/main.py
[2026-05-14T13:25:11.297+0000] {processor.py:830} INFO - Processing file /opt/airflow/dags/main.py for tasks to queue
[2026-05-14T13:25:11.316+0000] {logging_mixin.py:188} INFO - [2026-05-14T13:25:11.315+0000] {dagbag.py:545} INFO - Filling up the DagBag from /opt/airflow/dags/main.py
[2026-05-14T13:25:11.601+0000] {processor.py:840} INFO - DAG(s) 'produce_json' retrieved from /opt/airflow/dags/main.py
[2026-05-14T13:25:11.723+0000] {logging_mixin.py:188} INFO - [2026-05-14T13:25:11.722+0000] {dag.py:3096} INFO - Sync 1 DAGs
[2026-05-14T13:25:11.790+0000] {logging_mixin.py:188} INFO - [2026-05-14T13:25:11.789+0000] {dag.py:3954} INFO - Setting next_dagrun for produce_json to None, run_after=None
[2026-05-14T13:25:11.890+0000] {processor.py:183} INFO - Processing /opt/airflow/dags/main.py took 0.649 seconds
[2026-05-14T13:25:42.020+0000] {processor.py:161} INFO - Started process (PID=1456) to work on /opt/airflow/dags/main.py
[2026-05-14T13:25:42.024+0000] {processor.py:830} INFO - Processing file /opt/airflow/dags/main.py for tasks to queue
[2026-05-14T13:25:42.034+0000] {logging_mixin.py:188} INFO - [2026-05-14T13:25:42.033+0000] {dagbag.py:545} INFO - Filling up the DagBag from /opt/airflow/dags/main.py
[2026-05-14T13:25:42.267+0000] {processor.py:840} INFO - DAG(s) 'produce_json' retrieved from /opt/airflow/dags/main.py
[2026-05-14T13:25:42.370+0000] {logging_mixin.py:188} INFO - [2026-05-14T13:25:42.369+0000] {dag.py:3096} INFO - Sync 1 DAGs
[2026-05-14T13:25:42.435+0000] {logging_mixin.py:188} INFO - [2026-05-14T13:25:42.434+0000] {dag.py:3954} INFO - Setting next_dagrun for produce_json to None, run_after=None
[2026-05-14T13:25:42.536+0000] {processor.py:183} INFO - Processing /opt/airflow/dags/main.py took 0.544 seconds
[2026-05-14T13:26:13.223+0000] {processor.py:161} INFO - Started process (PID=1464) to work on /opt/airflow/dags/main.py
[2026-05-14T13:26:13.239+0000] {processor.py:830} INFO - Processing file /opt/airflow/dags/main.py for tasks to queue
[2026-05-14T13:26:13.257+0000] {logging_mixin.py:188} INFO - [2026-05-14T13:26:13.250+0000] {dagbag.py:545} INFO - Filling up the DagBag from /opt/airflow/dags/main.py
[2026-05-14T13:26:14.834+0000] {processor.py:840} INFO - DAG(s) 'produce_json' retrieved from /opt/airflow/dags/main.py
[2026-05-14T13:26:15.253+0000] {logging_mixin.py:188} INFO - [2026-05-14T13:26:15.252+0000] {dag.py:3096} INFO - Sync 1 DAGs
[2026-05-14T13:26:15.397+0000] {logging_mixin.py:188} INFO - [2026-05-14T13:26:15.396+0000] {dag.py:3954} INFO - Setting next_dagrun for produce_json to None, run_after=None
[2026-05-14T13:26:15.661+0000] {processor.py:183} INFO - Processing /opt/airflow/dags/main.py took 2.494 seconds
[2026-05-14T13:26:46.052+0000] {processor.py:161} INFO - Started process (PID=1471) to work on /opt/airflow/dags/main.py
[2026-05-14T13:26:46.055+0000] {processor.py:830} INFO - Processing file /opt/airflow/dags/main.py for tasks to queue
[2026-05-14T13:26:46.066+0000] {logging_mixin.py:188} INFO - [2026-05-14T13:26:46.065+0000] {dagbag.py:545} INFO - Filling up the DagBag from /opt/airflow/dags/main.py
[2026-05-14T13:26:46.573+0000] {processor.py:840} INFO - DAG(s) 'produce_json' retrieved from /opt/airflow/dags/main.py
[2026-05-14T13:26:46.702+0000] {logging_mixin.py:188} INFO - [2026-05-14T13:26:46.701+0000] {dag.py:3096} INFO - Sync 1 DAGs
[2026-05-14T13:26:46.766+0000] {logging_mixin.py:188} INFO - [2026-05-14T13:26:46.766+0000] {dag.py:3954} INFO - Setting next_dagrun for produce_json to None, run_after=None
[2026-05-14T13:26:46.848+0000] {processor.py:183} INFO - Processing /opt/airflow/dags/main.py took 0.832 seconds
[2026-05-14T13:27:17.720+0000] {processor.py:161} INFO - Started process (PID=1478) to work on /opt/airflow/dags/main.py
[2026-05-14T13:27:17.724+0000] {processor.py:830} INFO - Processing file /opt/airflow/dags/main.py for tasks to queue
[2026-05-14T13:27:17.734+0000] {logging_mixin.py:188} INFO - [2026-05-14T13:27:17.730+0000] {dagbag.py:545} INFO - Filling up the DagBag from /opt/airflow/dags/main.py
[2026-05-14T13:27:17.918+0000] {processor.py:840} INFO - DAG(s) 'produce_json' retrieved from /opt/airflow/dags/main.py
[2026-05-14T13:27:17.985+0000] {logging_mixin.py:188} INFO - [2026-05-14T13:27:17.984+0000] {dag.py:3096} INFO - Sync 1 DAGs
[2026-05-14T13:27:18.024+0000] {logging_mixin.py:188} INFO - [2026-05-14T13:27:18.023+0000] {dag.py:3954} INFO - Setting next_dagrun for produce_json to None, run_after=None
[2026-05-14T13:27:18.088+0000] {processor.py:183} INFO - Processing /opt/airflow/dags/main.py took 0.394 seconds
[2026-05-14T13:27:48.481+0000] {processor.py:161} INFO - Started process (PID=1485) to work on /opt/airflow/dags/main.py
[2026-05-14T13:27:48.485+0000] {processor.py:830} INFO - Processing file /opt/airflow/dags/main.py for tasks to queue
[2026-05-14T13:27:48.492+0000] {logging_mixin.py:188} INFO - [2026-05-14T13:27:48.491+0000] {dagbag.py:545} INFO - Filling up the DagBag from /opt/airflow/dags/main.py
[2026-05-14T13:27:48.644+0000] {processor.py:840} INFO - DAG(s) 'produce_json' retrieved from /opt/airflow/dags/main.py
[2026-05-14T13:27:48.737+0000] {logging_mixin.py:188} INFO - [2026-05-14T13:27:48.736+0000] {dag.py:3096} INFO - Sync 1 DAGs
[2026-05-14T13:27:48.783+0000] {logging_mixin.py:188} INFO - [2026-05-14T13:27:48.782+0000] {dag.py:3954} INFO - Setting next_dagrun for produce_json to None, run_after=None
[2026-05-14T13:27:48.964+0000] {processor.py:183} INFO - Processing /opt/airflow/dags/main.py took 0.513 seconds
[2026-05-14T13:28:19.910+0000] {processor.py:161} INFO - Started process (PID=1492) to work on /opt/airflow/dags/main.py
[2026-05-14T13:28:19.918+0000] {processor.py:830} INFO - Processing file /opt/airflow/dags/main.py for tasks to queue
[2026-05-14T13:28:19.929+0000] {logging_mixin.py:188} INFO - [2026-05-14T13:28:19.924+0000] {dagbag.py:545} INFO - Filling up the DagBag from /opt/airflow/dags/main.py
[2026-05-14T13:28:20.138+0000] {processor.py:840} INFO - DAG(s) 'produce_json' retrieved from /opt/airflow/dags/main.py
[2026-05-14T13:28:20.216+0000] {logging_mixin.py:188} INFO - [2026-05-14T13:28:20.215+0000] {dag.py:3096} INFO - Sync 1 DAGs
[2026-05-14T13:28:20.269+0000] {logging_mixin.py:188} INFO - [2026-05-14T13:28:20.269+0000] {dag.py:3954} INFO - Setting next_dagrun for produce_json to None, run_after=None
[2026-05-14T13:28:20.320+0000] {processor.py:183} INFO - Processing /opt/airflow/dags/main.py took 0.438 seconds
[2026-05-14T13:28:50.750+0000] {processor.py:161} INFO - Started process (PID=1499) to work on /opt/airflow/dags/main.py
[2026-05-14T13:28:50.754+0000] {processor.py:830} INFO - Processing file /opt/airflow/dags/main.py for tasks to queue
[2026-05-14T13:28:50.760+0000] {logging_mixin.py:188} INFO - [2026-05-14T13:28:50.759+0000] {dagbag.py:545} INFO - Filling up the DagBag from /opt/airflow/dags/main.py
[2026-05-14T13:28:50.998+0000] {processor.py:840} INFO - DAG(s) 'produce_json' retrieved from /opt/airflow/dags/main.py
[2026-05-14T13:28:51.123+0000] {logging_mixin.py:188} INFO - [2026-05-14T13:28:51.121+0000] {dag.py:3096} INFO - Sync 1 DAGs
[2026-05-14T13:28:51.223+0000] {logging_mixin.py:188} INFO - [2026-05-14T13:28:51.222+0000] {dag.py:3954} INFO - Setting next_dagrun for produce_json to None, run_after=None
[2026-05-14T13:28:51.434+0000] {processor.py:183} INFO - Processing /opt/airflow/dags/main.py took 0.722 seconds
[2026-05-14T13:29:22.994+0000] {processor.py:161} INFO - Started process (PID=1506) to work on /opt/airflow/dags/main.py
[2026-05-14T13:29:23.000+0000] {processor.py:830} INFO - Processing file /opt/airflow/dags/main.py for tasks to queue
[2026-05-14T13:29:23.017+0000] {logging_mixin.py:188} INFO - [2026-05-14T13:29:23.016+0000] {dagbag.py:545} INFO - Filling up the DagBag from /opt/airflow/dags/main.py
[2026-05-14T13:29:23.414+0000] {processor.py:840} INFO - DAG(s) 'produce_json' retrieved from /opt/airflow/dags/main.py
[2026-05-14T13:29:23.622+0000] {logging_mixin.py:188} INFO - [2026-05-14T13:29:23.621+0000] {dag.py:3096} INFO - Sync 1 DAGs
[2026-05-14T13:29:23.764+0000] {logging_mixin.py:188} INFO - [2026-05-14T13:29:23.762+0000] {dag.py:3954} INFO - Setting next_dagrun for produce_json to None, run_after=None
[2026-05-14T13:29:24.057+0000] {processor.py:183} INFO - Processing /opt/airflow/dags/main.py took 1.136 seconds
[2026-05-14T13:29:58.144+0000] {processor.py:161} INFO - Started process (PID=1513) to work on /opt/airflow/dags/main.py
[2026-05-14T13:29:58.165+0000] {processor.py:830} INFO - Processing file /opt/airflow/dags/main.py for tasks to queue
[2026-05-14T13:29:58.199+0000] {logging_mixin.py:188} INFO - [2026-05-14T13:29:58.198+0000] {dagbag.py:545} INFO - Filling up the DagBag from /opt/airflow/dags/main.py
[2026-05-14T13:29:58.824+0000] {processor.py:840} INFO - DAG(s) 'produce_json' retrieved from /opt/airflow/dags/main.py
[2026-05-14T13:29:58.972+0000] {logging_mixin.py:188} INFO - [2026-05-14T13:29:58.972+0000] {dag.py:3096} INFO - Sync 1 DAGs
[2026-05-14T13:29:59.102+0000] {logging_mixin.py:188} INFO - [2026-05-14T13:29:59.101+0000] {dag.py:3954} INFO - Setting next_dagrun for produce_json to None, run_after=None
[2026-05-14T13:29:59.243+0000] {processor.py:183} INFO - Processing /opt/airflow/dags/main.py took 1.149 seconds
[2026-05-14T13:30:29.533+0000] {processor.py:161} INFO - Started process (PID=1526) to work on /opt/airflow/dags/main.py
[2026-05-14T13:30:29.536+0000] {processor.py:830} INFO - Processing file /opt/airflow/dags/main.py for tasks to queue
[2026-05-14T13:30:29.540+0000] {logging_mixin.py:188} INFO - [2026-05-14T13:30:29.540+0000] {dagbag.py:545} INFO - Filling up the DagBag from /opt/airflow/dags/main.py
[2026-05-14T13:30:29.678+0000] {processor.py:840} INFO - DAG(s) 'produce_json' retrieved from /opt/airflow/dags/main.py
[2026-05-14T13:30:29.736+0000] {logging_mixin.py:188} INFO - [2026-05-14T13:30:29.736+0000] {dag.py:3096} INFO - Sync 1 DAGs
[2026-05-14T13:30:29.764+0000] {logging_mixin.py:188} INFO - [2026-05-14T13:30:29.763+0000] {dag.py:3954} INFO - Setting next_dagrun for produce_json to None, run_after=None
[2026-05-14T13:30:29.817+0000] {processor.py:183} INFO - Processing /opt/airflow/dags/main.py took 0.300 seconds
[2026-05-14T13:31:00.262+0000] {processor.py:161} INFO - Started process (PID=1534) to work on /opt/airflow/dags/main.py
[2026-05-14T13:31:00.270+0000] {processor.py:830} INFO - Processing file /opt/airflow/dags/main.py for tasks to queue
[2026-05-14T13:31:00.275+0000] {logging_mixin.py:188} INFO - [2026-05-14T13:31:00.274+0000] {dagbag.py:545} INFO - Filling up the DagBag from /opt/airflow/dags/main.py
[2026-05-14T13:31:00.418+0000] {processor.py:840} INFO - DAG(s) 'produce_json' retrieved from /opt/airflow/dags/main.py
[2026-05-14T13:31:00.474+0000] {logging_mixin.py:188} INFO - [2026-05-14T13:31:00.473+0000] {dag.py:3096} INFO - Sync 1 DAGs
[2026-05-14T13:31:00.503+0000] {logging_mixin.py:188} INFO - [2026-05-14T13:31:00.503+0000] {dag.py:3954} INFO - Setting next_dagrun for produce_json to None, run_after=None
[2026-05-14T13:31:00.557+0000] {processor.py:183} INFO - Processing /opt/airflow/dags/main.py took 0.319 seconds
[2026-05-14T13:31:30.976+0000] {processor.py:161} INFO - Started process (PID=1541) to work on /opt/airflow/dags/main.py
[2026-05-14T13:31:30.979+0000] {processor.py:830} INFO - Processing file /opt/airflow/dags/main.py for tasks to queue
[2026-05-14T13:31:30.987+0000] {logging_mixin.py:188} INFO - [2026-05-14T13:31:30.986+0000] {dagbag.py:545} INFO - Filling up the DagBag from /opt/airflow/dags/main.py
[2026-05-14T13:31:31.088+0000] {processor.py:840} INFO - DAG(s) 'produce_json' retrieved from /opt/airflow/dags/main.py
[2026-05-14T13:31:31.138+0000] {logging_mixin.py:188} INFO - [2026-05-14T13:31:31.138+0000] {dag.py:3096} INFO - Sync 1 DAGs
[2026-05-14T13:31:31.171+0000] {logging_mixin.py:188} INFO - [2026-05-14T13:31:31.170+0000] {dag.py:3954} INFO - Setting next_dagrun for produce_json to None, run_after=None
[2026-05-14T13:31:31.241+0000] {processor.py:183} INFO - Processing /opt/airflow/dags/main.py took 0.293 seconds
[2026-05-14T13:32:01.947+0000] {processor.py:161} INFO - Started process (PID=1548) to work on /opt/airflow/dags/main.py
[2026-05-14T13:32:01.950+0000] {processor.py:830} INFO - Processing file /opt/airflow/dags/main.py for tasks to queue
[2026-05-14T13:32:01.954+0000] {logging_mixin.py:188} INFO - [2026-05-14T13:32:01.954+0000] {dagbag.py:545} INFO - Filling up the DagBag from /opt/airflow/dags/main.py
[2026-05-14T13:32:02.184+0000] {processor.py:840} INFO - DAG(s) 'produce_json' retrieved from /opt/airflow/dags/main.py
[2026-05-14T13:32:02.296+0000] {logging_mixin.py:188} INFO - [2026-05-14T13:32:02.292+0000] {dag.py:3096} INFO - Sync 1 DAGs
[2026-05-14T13:32:02.404+0000] {logging_mixin.py:188} INFO - [2026-05-14T13:32:02.404+0000] {dag.py:3954} INFO - Setting next_dagrun for produce_json to None, run_after=None
[2026-05-14T13:32:02.596+0000] {processor.py:183} INFO - Processing /opt/airflow/dags/main.py took 0.678 seconds
[2026-05-14T13:32:33.441+0000] {processor.py:161} INFO - Started process (PID=1555) to work on /opt/airflow/dags/main.py
[2026-05-14T13:32:33.448+0000] {processor.py:830} INFO - Processing file /opt/airflow/dags/main.py for tasks to queue
[2026-05-14T13:32:33.456+0000] {logging_mixin.py:188} INFO - [2026-05-14T13:32:33.455+0000] {dagbag.py:545} INFO - Filling up the DagBag from /opt/airflow/dags/main.py
[2026-05-14T13:32:33.565+0000] {processor.py:840} INFO - DAG(s) 'produce_json' retrieved from /opt/airflow/dags/main.py
[2026-05-14T13:32:33.625+0000] {logging_mixin.py:188} INFO - [2026-05-14T13:32:33.624+0000] {dag.py:3096} INFO - Sync 1 DAGs
[2026-05-14T13:32:33.674+0000] {logging_mixin.py:188} INFO - [2026-05-14T13:32:33.674+0000] {dag.py:3954} INFO - Setting next_dagrun for produce_json to None, run_after=None
[2026-05-14T13:32:33.790+0000] {processor.py:183} INFO - Processing /opt/airflow/dags/main.py took 0.370 seconds
[2026-05-14T13:33:04.007+0000] {processor.py:161} INFO - Started process (PID=1563) to work on /opt/airflow/dags/main.py
[2026-05-14T13:33:04.011+0000] {processor.py:830} INFO - Processing file /opt/airflow/dags/main.py for tasks to queue
[2026-05-14T13:33:04.016+0000] {logging_mixin.py:188} INFO - [2026-05-14T13:33:04.015+0000] {dagbag.py:545} INFO - Filling up the DagBag from /opt/airflow/dags/main.py
[2026-05-14T13:33:04.098+0000] {processor.py:840} INFO - DAG(s) 'produce_json' retrieved from /opt/airflow/dags/main.py
[2026-05-14T13:33:04.134+0000] {logging_mixin.py:188} INFO - [2026-05-14T13:33:04.133+0000] {dag.py:3096} INFO - Sync 1 DAGs
[2026-05-14T13:33:04.155+0000] {logging_mixin.py:188} INFO - [2026-05-14T13:33:04.155+0000] {dag.py:3954} INFO - Setting next_dagrun for produce_json to None, run_after=None
[2026-05-14T13:33:04.207+0000] {processor.py:183} INFO - Processing /opt/airflow/dags/main.py took 0.220 seconds
[2026-05-14T13:33:34.583+0000] {processor.py:161} INFO - Started process (PID=1570) to work on /opt/airflow/dags/main.py
[2026-05-14T13:33:34.587+0000] {processor.py:830} INFO - Processing file /opt/airflow/dags/main.py for tasks to queue
[2026-05-14T13:33:34.594+0000] {logging_mixin.py:188} INFO - [2026-05-14T13:33:34.593+0000] {dagbag.py:545} INFO - Filling up the DagBag from /opt/airflow/dags/main.py
[2026-05-14T13:33:34.763+0000] {processor.py:840} INFO - DAG(s) 'produce_json' retrieved from /opt/airflow/dags/main.py
[2026-05-14T13:33:34.859+0000] {logging_mixin.py:188} INFO - [2026-05-14T13:33:34.850+0000] {dag.py:3096} INFO - Sync 1 DAGs
[2026-05-14T13:33:34.921+0000] {logging_mixin.py:188} INFO - [2026-05-14T13:33:34.920+0000] {dag.py:3954} INFO - Setting next_dagrun for produce_json to None, run_after=None
[2026-05-14T13:33:35.005+0000] {processor.py:183} INFO - Processing /opt/airflow/dags/main.py took 0.437 seconds
[2026-05-14T13:34:05.700+0000] {processor.py:161} INFO - Started process (PID=1577) to work on /opt/airflow/dags/main.py
[2026-05-14T13:34:05.703+0000] {processor.py:830} INFO - Processing file /opt/airflow/dags/main.py for tasks to queue
[2026-05-14T13:34:05.707+0000] {logging_mixin.py:188} INFO - [2026-05-14T13:34:05.706+0000] {dagbag.py:545} INFO - Filling up the DagBag from /opt/airflow/dags/main.py
[2026-05-14T13:34:05.812+0000] {processor.py:840} INFO - DAG(s) 'produce_json' retrieved from /opt/airflow/dags/main.py
[2026-05-14T13:34:05.890+0000] {logging_mixin.py:188} INFO - [2026-05-14T13:34:05.890+0000] {dag.py:3096} INFO - Sync 1 DAGs
[2026-05-14T13:34:05.934+0000] {logging_mixin.py:188} INFO - [2026-05-14T13:34:05.934+0000] {dag.py:3954} INFO - Setting next_dagrun for produce_json to None, run_after=None
[2026-05-14T13:34:06.002+0000] {processor.py:183} INFO - Processing /opt/airflow/dags/main.py took 0.320 seconds
[2026-05-14T13:34:36.300+0000] {processor.py:161} INFO - Started process (PID=1584) to work on /opt/airflow/dags/main.py
[2026-05-14T13:34:36.302+0000] {processor.py:830} INFO - Processing file /opt/airflow/dags/main.py for tasks to queue
[2026-05-14T13:34:36.308+0000] {logging_mixin.py:188} INFO - [2026-05-14T13:34:36.307+0000] {dagbag.py:545} INFO - Filling up the DagBag from /opt/airflow/dags/main.py
[2026-05-14T13:34:36.476+0000] {processor.py:840} INFO - DAG(s) 'produce_json' retrieved from /opt/airflow/dags/main.py
[2026-05-14T13:34:36.548+0000] {logging_mixin.py:188} INFO - [2026-05-14T13:34:36.547+0000] {dag.py:3096} INFO - Sync 1 DAGs
[2026-05-14T13:34:36.605+0000] {logging_mixin.py:188} INFO - [2026-05-14T13:34:36.600+0000] {dag.py:3954} INFO - Setting next_dagrun for produce_json to None, run_after=None
[2026-05-14T13:34:36.691+0000] {processor.py:183} INFO - Processing /opt/airflow/dags/main.py took 0.407 seconds
[2026-05-14T13:35:06.900+0000] {processor.py:161} INFO - Started process (PID=1591) to work on /opt/airflow/dags/main.py
[2026-05-14T13:35:06.903+0000] {processor.py:830} INFO - Processing file /opt/airflow/dags/main.py for tasks to queue
[2026-05-14T13:35:06.907+0000] {logging_mixin.py:188} INFO - [2026-05-14T13:35:06.907+0000] {dagbag.py:545} INFO - Filling up the DagBag from /opt/airflow/dags/main.py
[2026-05-14T13:35:07.009+0000] {processor.py:840} INFO - DAG(s) 'produce_json' retrieved from /opt/airflow/dags/main.py
[2026-05-14T13:35:07.056+0000] {logging_mixin.py:188} INFO - [2026-05-14T13:35:07.055+0000] {dag.py:3096} INFO - Sync 1 DAGs
[2026-05-14T13:35:07.088+0000] {logging_mixin.py:188} INFO - [2026-05-14T13:35:07.087+0000] {dag.py:3954} INFO - Setting next_dagrun for produce_json to None, run_after=None
[2026-05-14T13:35:07.143+0000] {processor.py:183} INFO - Processing /opt/airflow/dags/main.py took 0.258 seconds
[2026-05-14T13:35:38.482+0000] {processor.py:161} INFO - Started process (PID=1598) to work on /opt/airflow/dags/main.py
[2026-05-14T13:35:38.487+0000] {processor.py:830} INFO - Processing file /opt/airflow/dags/main.py for tasks to queue
[2026-05-14T13:35:38.513+0000] {logging_mixin.py:188} INFO - [2026-05-14T13:35:38.512+0000] {dagbag.py:545} INFO - Filling up the DagBag from /opt/airflow/dags/main.py
[2026-05-14T13:35:39.035+0000] {processor.py:840} INFO - DAG(s) 'produce_json' retrieved from /opt/airflow/dags/main.py
[2026-05-14T13:35:39.185+0000] {logging_mixin.py:188} INFO - [2026-05-14T13:35:39.184+0000] {dag.py:3096} INFO - Sync 1 DAGs
[2026-05-14T13:35:39.555+0000] {logging_mixin.py:188} INFO - [2026-05-14T13:35:39.554+0000] {dag.py:3954} INFO - Setting next_dagrun for produce_json to None, run_after=None
[2026-05-14T13:35:40.101+0000] {processor.py:183} INFO - Processing /opt/airflow/dags/main.py took 1.689 seconds
[2026-05-14T13:36:10.632+0000] {processor.py:161} INFO - Started process (PID=1605) to work on /opt/airflow/dags/main.py
[2026-05-14T13:36:10.634+0000] {processor.py:830} INFO - Processing file /opt/airflow/dags/main.py for tasks to queue
[2026-05-14T13:36:10.637+0000] {logging_mixin.py:188} INFO - [2026-05-14T13:36:10.637+0000] {dagbag.py:545} INFO - Filling up the DagBag from /opt/airflow/dags/main.py
[2026-05-14T13:36:10.773+0000] {processor.py:840} INFO - DAG(s) 'produce_json' retrieved from /opt/airflow/dags/main.py
[2026-05-14T13:36:10.850+0000] {logging_mixin.py:188} INFO - [2026-05-14T13:36:10.849+0000] {dag.py:3096} INFO - Sync 1 DAGs
[2026-05-14T13:36:10.886+0000] {logging_mixin.py:188} INFO - [2026-05-14T13:36:10.885+0000] {dag.py:3954} INFO - Setting next_dagrun for produce_json to None, run_after=None
[2026-05-14T13:36:10.940+0000] {processor.py:183} INFO - Processing /opt/airflow/dags/main.py took 0.322 seconds
[2026-05-14T13:36:41.150+0000] {processor.py:161} INFO - Started process (PID=1612) to work on /opt/airflow/dags/main.py
[2026-05-14T13:36:41.153+0000] {processor.py:830} INFO - Processing file /opt/airflow/dags/main.py for tasks to queue
[2026-05-14T13:36:41.157+0000] {logging_mixin.py:188} INFO - [2026-05-14T13:36:41.156+0000] {dagbag.py:545} INFO - Filling up the DagBag from /opt/airflow/dags/main.py
[2026-05-14T13:36:41.285+0000] {processor.py:840} INFO - DAG(s) 'produce_json' retrieved from /opt/airflow/dags/main.py
[2026-05-14T13:36:41.336+0000] {logging_mixin.py:188} INFO - [2026-05-14T13:36:41.336+0000] {dag.py:3096} INFO - Sync 1 DAGs
[2026-05-14T13:36:41.368+0000] {logging_mixin.py:188} INFO - [2026-05-14T13:36:41.367+0000] {dag.py:3954} INFO - Setting next_dagrun for produce_json to None, run_after=None
[2026-05-14T13:36:41.425+0000] {processor.py:183} INFO - Processing /opt/airflow/dags/main.py took 0.293 seconds
[2026-05-14T13:37:11.977+0000] {processor.py:161} INFO - Started process (PID=1618) to work on /opt/airflow/dags/main.py
[2026-05-14T13:37:11.989+0000] {processor.py:830} INFO - Processing file /opt/airflow/dags/main.py for tasks to queue
[2026-05-14T13:37:11.997+0000] {logging_mixin.py:188} INFO - [2026-05-14T13:37:11.996+0000] {dagbag.py:545} INFO - Filling up the DagBag from /opt/airflow/dags/main.py
[2026-05-14T13:37:12.148+0000] {processor.py:840} INFO - DAG(s) 'produce_json' retrieved from /opt/airflow/dags/main.py
[2026-05-14T13:37:12.216+0000] {logging_mixin.py:188} INFO - [2026-05-14T13:37:12.215+0000] {dag.py:3096} INFO - Sync 1 DAGs
[2026-05-14T13:37:12.260+0000] {logging_mixin.py:188} INFO - [2026-05-14T13:37:12.259+0000] {dag.py:3954} INFO - Setting next_dagrun for produce_json to None, run_after=None
[2026-05-14T13:37:12.331+0000] {processor.py:183} INFO - Processing /opt/airflow/dags/main.py took 0.379 seconds
[2026-05-14T13:37:42.702+0000] {processor.py:161} INFO - Started process (PID=1625) to work on /opt/airflow/dags/main.py
[2026-05-14T13:37:42.705+0000] {processor.py:830} INFO - Processing file /opt/airflow/dags/main.py for tasks to queue
[2026-05-14T13:37:42.711+0000] {logging_mixin.py:188} INFO - [2026-05-14T13:37:42.709+0000] {dagbag.py:545} INFO - Filling up the DagBag from /opt/airflow/dags/main.py
[2026-05-14T13:37:42.861+0000] {processor.py:840} INFO - DAG(s) 'produce_json' retrieved from /opt/airflow/dags/main.py
[2026-05-14T13:37:42.912+0000] {logging_mixin.py:188} INFO - [2026-05-14T13:37:42.911+0000] {dag.py:3096} INFO - Sync 1 DAGs
[2026-05-14T13:37:42.956+0000] {logging_mixin.py:188} INFO - [2026-05-14T13:37:42.955+0000] {dag.py:3954} INFO - Setting next_dagrun for produce_json to None, run_after=None
[2026-05-14T13:37:43.030+0000] {processor.py:183} INFO - Processing /opt/airflow/dags/main.py took 0.347 seconds
[2026-05-14T13:38:13.492+0000] {processor.py:161} INFO - Started process (PID=1632) to work on /opt/airflow/dags/main.py
[2026-05-14T13:38:13.494+0000] {processor.py:830} INFO - Processing file /opt/airflow/dags/main.py for tasks to queue
[2026-05-14T13:38:13.498+0000] {logging_mixin.py:188} INFO - [2026-05-14T13:38:13.497+0000] {dagbag.py:545} INFO - Filling up the DagBag from /opt/airflow/dags/main.py
[2026-05-14T13:38:13.639+0000] {processor.py:840} INFO - DAG(s) 'produce_json' retrieved from /opt/airflow/dags/main.py
[2026-05-14T13:38:13.677+0000] {logging_mixin.py:188} INFO - [2026-05-14T13:38:13.677+0000] {dag.py:3096} INFO - Sync 1 DAGs
[2026-05-14T13:38:13.697+0000] {logging_mixin.py:188} INFO - [2026-05-14T13:38:13.696+0000] {dag.py:3954} INFO - Setting next_dagrun for produce_json to None, run_after=None
[2026-05-14T13:38:13.746+0000] {processor.py:183} INFO - Processing /opt/airflow/dags/main.py took 0.269 seconds
[2026-05-14T13:38:43.854+0000] {processor.py:161} INFO - Started process (PID=1639) to work on /opt/airflow/dags/main.py
[2026-05-14T13:38:43.858+0000] {processor.py:830} INFO - Processing file /opt/airflow/dags/main.py for tasks to queue
[2026-05-14T13:38:43.864+0000] {logging_mixin.py:188} INFO - [2026-05-14T13:38:43.863+0000] {dagbag.py:545} INFO - Filling up the DagBag from /opt/airflow/dags/main.py
[2026-05-14T13:38:43.978+0000] {processor.py:840} INFO - DAG(s) 'produce_json' retrieved from /opt/airflow/dags/main.py
[2026-05-14T13:38:44.044+0000] {logging_mixin.py:188} INFO - [2026-05-14T13:38:44.044+0000] {dag.py:3096} INFO - Sync 1 DAGs
[2026-05-14T13:38:44.083+0000] {logging_mixin.py:188} INFO - [2026-05-14T13:38:44.082+0000] {dag.py:3954} INFO - Setting next_dagrun for produce_json to None, run_after=None
[2026-05-14T13:38:44.141+0000] {processor.py:183} INFO - Processing /opt/airflow/dags/main.py took 0.309 seconds
[2026-05-14T13:39:14.573+0000] {processor.py:161} INFO - Started process (PID=1646) to work on /opt/airflow/dags/main.py
[2026-05-14T13:39:14.575+0000] {processor.py:830} INFO - Processing file /opt/airflow/dags/main.py for tasks to queue
[2026-05-14T13:39:14.581+0000] {logging_mixin.py:188} INFO - [2026-05-14T13:39:14.580+0000] {dagbag.py:545} INFO - Filling up the DagBag from /opt/airflow/dags/main.py
[2026-05-14T13:39:14.716+0000] {processor.py:840} INFO - DAG(s) 'produce_json' retrieved from /opt/airflow/dags/main.py
[2026-05-14T13:39:14.780+0000] {logging_mixin.py:188} INFO - [2026-05-14T13:39:14.779+0000] {dag.py:3096} INFO - Sync 1 DAGs
[2026-05-14T13:39:14.829+0000] {logging_mixin.py:188} INFO - [2026-05-14T13:39:14.829+0000] {dag.py:3954} INFO - Setting next_dagrun for produce_json to None, run_after=None
[2026-05-14T13:39:14.883+0000] {processor.py:183} INFO - Processing /opt/airflow/dags/main.py took 0.328 seconds
[2026-05-14T13:39:45.548+0000] {processor.py:161} INFO - Started process (PID=1653) to work on /opt/airflow/dags/main.py
[2026-05-14T13:39:45.551+0000] {processor.py:830} INFO - Processing file /opt/airflow/dags/main.py for tasks to queue
[2026-05-14T13:39:45.557+0000] {logging_mixin.py:188} INFO - [2026-05-14T13:39:45.556+0000] {dagbag.py:545} INFO - Filling up the DagBag from /opt/airflow/dags/main.py
[2026-05-14T13:39:45.660+0000] {processor.py:840} INFO - DAG(s) 'produce_json' retrieved from /opt/airflow/dags/main.py
[2026-05-14T13:39:45.695+0000] {logging_mixin.py:188} INFO - [2026-05-14T13:39:45.694+0000] {dag.py:3096} INFO - Sync 1 DAGs
[2026-05-14T13:39:45.712+0000] {logging_mixin.py:188} INFO - [2026-05-14T13:39:45.712+0000] {dag.py:3954} INFO - Setting next_dagrun for produce_json to None, run_after=None
[2026-05-14T13:39:45.758+0000] {processor.py:183} INFO - Processing /opt/airflow/dags/main.py took 0.225 seconds
[2026-05-14T13:40:15.938+0000] {processor.py:161} INFO - Started process (PID=1660) to work on /opt/airflow/dags/main.py
[2026-05-14T13:40:15.943+0000] {processor.py:830} INFO - Processing file /opt/airflow/dags/main.py for tasks to queue
[2026-05-14T13:40:15.948+0000] {logging_mixin.py:188} INFO - [2026-05-14T13:40:15.947+0000] {dagbag.py:545} INFO - Filling up the DagBag from /opt/airflow/dags/main.py
[2026-05-14T13:40:16.088+0000] {processor.py:840} INFO - DAG(s) 'produce_json' retrieved from /opt/airflow/dags/main.py
[2026-05-14T13:40:16.135+0000] {logging_mixin.py:188} INFO - [2026-05-14T13:40:16.134+0000] {dag.py:3096} INFO - Sync 1 DAGs
[2026-05-14T13:40:16.158+0000] {logging_mixin.py:188} INFO - [2026-05-14T13:40:16.158+0000] {dag.py:3954} INFO - Setting next_dagrun for produce_json to None, run_after=None
[2026-05-14T13:40:16.201+0000] {processor.py:183} INFO - Processing /opt/airflow/dags/main.py took 0.284 seconds
[2026-05-14T13:40:46.648+0000] {processor.py:161} INFO - Started process (PID=1668) to work on /opt/airflow/dags/main.py
[2026-05-14T13:40:46.651+0000] {processor.py:830} INFO - Processing file /opt/airflow/dags/main.py for tasks to queue
[2026-05-14T13:40:46.657+0000] {logging_mixin.py:188} INFO - [2026-05-14T13:40:46.656+0000] {dagbag.py:545} INFO - Filling up the DagBag from /opt/airflow/dags/main.py
[2026-05-14T13:40:46.853+0000] {processor.py:840} INFO - DAG(s) 'produce_json' retrieved from /opt/airflow/dags/main.py
[2026-05-14T13:40:46.915+0000] {logging_mixin.py:188} INFO - [2026-05-14T13:40:46.915+0000] {dag.py:3096} INFO - Sync 1 DAGs
[2026-05-14T13:40:46.953+0000] {logging_mixin.py:188} INFO - [2026-05-14T13:40:46.952+0000] {dag.py:3954} INFO - Setting next_dagrun for produce_json to None, run_after=None
[2026-05-14T13:40:47.026+0000] {processor.py:183} INFO - Processing /opt/airflow/dags/main.py took 0.398 seconds
[2026-05-14T13:41:17.426+0000] {processor.py:161} INFO - Started process (PID=1676) to work on /opt/airflow/dags/main.py
[2026-05-14T13:41:17.429+0000] {processor.py:830} INFO - Processing file /opt/airflow/dags/main.py for tasks to queue
[2026-05-14T13:41:17.436+0000] {logging_mixin.py:188} INFO - [2026-05-14T13:41:17.435+0000] {dagbag.py:545} INFO - Filling up the DagBag from /opt/airflow/dags/main.py
[2026-05-14T13:41:17.687+0000] {processor.py:840} INFO - DAG(s) 'produce_json' retrieved from /opt/airflow/dags/main.py
[2026-05-14T13:41:17.808+0000] {logging_mixin.py:188} INFO - [2026-05-14T13:41:17.807+0000] {dag.py:3096} INFO - Sync 1 DAGs
[2026-05-14T13:41:17.872+0000] {logging_mixin.py:188} INFO - [2026-05-14T13:41:17.871+0000] {dag.py:3954} INFO - Setting next_dagrun for produce_json to None, run_after=None
[2026-05-14T13:41:17.937+0000] {processor.py:183} INFO - Processing /opt/airflow/dags/main.py took 0.529 seconds
[2026-05-14T13:41:48.834+0000] {processor.py:161} INFO - Started process (PID=1683) to work on /opt/airflow/dags/main.py
[2026-05-14T13:41:48.836+0000] {processor.py:830} INFO - Processing file /opt/airflow/dags/main.py for tasks to queue
[2026-05-14T13:41:48.842+0000] {logging_mixin.py:188} INFO - [2026-05-14T13:41:48.841+0000] {dagbag.py:545} INFO - Filling up the DagBag from /opt/airflow/dags/main.py
[2026-05-14T13:41:48.946+0000] {processor.py:840} INFO - DAG(s) 'produce_json' retrieved from /opt/airflow/dags/main.py
[2026-05-14T13:41:48.987+0000] {logging_mixin.py:188} INFO - [2026-05-14T13:41:48.986+0000] {dag.py:3096} INFO - Sync 1 DAGs
[2026-05-14T13:41:49.045+0000] {logging_mixin.py:188} INFO - [2026-05-14T13:41:49.045+0000] {dag.py:3954} INFO - Setting next_dagrun for produce_json to None, run_after=None
[2026-05-14T13:41:49.103+0000] {processor.py:183} INFO - Processing /opt/airflow/dags/main.py took 0.280 seconds
[2026-05-14T13:42:19.334+0000] {processor.py:161} INFO - Started process (PID=1690) to work on /opt/airflow/dags/main.py
[2026-05-14T13:42:19.337+0000] {processor.py:830} INFO - Processing file /opt/airflow/dags/main.py for tasks to queue
[2026-05-14T13:42:19.342+0000] {logging_mixin.py:188} INFO - [2026-05-14T13:42:19.341+0000] {dagbag.py:545} INFO - Filling up the DagBag from /opt/airflow/dags/main.py
[2026-05-14T13:42:19.484+0000] {processor.py:840} INFO - DAG(s) 'produce_json' retrieved from /opt/airflow/dags/main.py
[2026-05-14T13:42:19.545+0000] {logging_mixin.py:188} INFO - [2026-05-14T13:42:19.542+0000] {dag.py:3096} INFO - Sync 1 DAGs
[2026-05-14T13:42:19.586+0000] {logging_mixin.py:188} INFO - [2026-05-14T13:42:19.586+0000] {dag.py:3954} INFO - Setting next_dagrun for produce_json to None, run_after=None
[2026-05-14T13:42:19.857+0000] {processor.py:183} INFO - Processing /opt/airflow/dags/main.py took 0.536 seconds
[2026-05-14T13:42:50.422+0000] {processor.py:161} INFO - Started process (PID=1697) to work on /opt/airflow/dags/main.py
[2026-05-14T13:42:50.434+0000] {processor.py:830} INFO - Processing file /opt/airflow/dags/main.py for tasks to queue
[2026-05-14T13:42:50.440+0000] {logging_mixin.py:188} INFO - [2026-05-14T13:42:50.439+0000] {dagbag.py:545} INFO - Filling up the DagBag from /opt/airflow/dags/main.py
[2026-05-14T13:42:50.648+0000] {processor.py:840} INFO - DAG(s) 'produce_json' retrieved from /opt/airflow/dags/main.py
[2026-05-14T13:42:50.732+0000] {logging_mixin.py:188} INFO - [2026-05-14T13:42:50.731+0000] {dag.py:3096} INFO - Sync 1 DAGs
[2026-05-14T13:42:50.780+0000] {logging_mixin.py:188} INFO - [2026-05-14T13:42:50.779+0000] {dag.py:3954} INFO - Setting next_dagrun for produce_json to None, run_after=None
[2026-05-14T13:42:50.822+0000] {processor.py:183} INFO - Processing /opt/airflow/dags/main.py took 0.434 seconds
[2026-05-14T13:43:20.952+0000] {processor.py:161} INFO - Started process (PID=1704) to work on /opt/airflow/dags/main.py
[2026-05-14T13:43:20.955+0000] {processor.py:830} INFO - Processing file /opt/airflow/dags/main.py for tasks to queue
[2026-05-14T13:43:20.962+0000] {logging_mixin.py:188} INFO - [2026-05-14T13:43:20.961+0000] {dagbag.py:545} INFO - Filling up the DagBag from /opt/airflow/dags/main.py
[2026-05-14T13:43:21.060+0000] {processor.py:840} INFO - DAG(s) 'produce_json' retrieved from /opt/airflow/dags/main.py
[2026-05-14T13:43:21.100+0000] {logging_mixin.py:188} INFO - [2026-05-14T13:43:21.100+0000] {dag.py:3096} INFO - Sync 1 DAGs
[2026-05-14T13:43:21.139+0000] {logging_mixin.py:188} INFO - [2026-05-14T13:43:21.138+0000] {dag.py:3954} INFO - Setting next_dagrun for produce_json to None, run_after=None
[2026-05-14T13:43:21.235+0000] {processor.py:183} INFO - Processing /opt/airflow/dags/main.py took 0.300 seconds
[2026-05-14T13:43:51.845+0000] {processor.py:161} INFO - Started process (PID=1712) to work on /opt/airflow/dags/main.py
[2026-05-14T13:43:51.847+0000] {processor.py:830} INFO - Processing file /opt/airflow/dags/main.py for tasks to queue
[2026-05-14T13:43:51.851+0000] {logging_mixin.py:188} INFO - [2026-05-14T13:43:51.850+0000] {dagbag.py:545} INFO - Filling up the DagBag from /opt/airflow/dags/main.py
[2026-05-14T13:43:51.957+0000] {processor.py:840} INFO - DAG(s) 'produce_json' retrieved from /opt/airflow/dags/main.py
[2026-05-14T13:43:52.009+0000] {logging_mixin.py:188} INFO - [2026-05-14T13:43:52.008+0000] {dag.py:3096} INFO - Sync 1 DAGs
[2026-05-14T13:43:52.048+0000] {logging_mixin.py:188} INFO - [2026-05-14T13:43:52.047+0000] {dag.py:3954} INFO - Setting next_dagrun for produce_json to None, run_after=None
[2026-05-14T13:43:52.106+0000] {processor.py:183} INFO - Processing /opt/airflow/dags/main.py took 0.274 seconds
[2026-05-14T13:44:22.618+0000] {processor.py:161} INFO - Started process (PID=1719) to work on /opt/airflow/dags/main.py
[2026-05-14T13:44:22.620+0000] {processor.py:830} INFO - Processing file /opt/airflow/dags/main.py for tasks to queue
[2026-05-14T13:44:22.624+0000] {logging_mixin.py:188} INFO - [2026-05-14T13:44:22.623+0000] {dagbag.py:545} INFO - Filling up the DagBag from /opt/airflow/dags/main.py
[2026-05-14T13:44:22.840+0000] {processor.py:840} INFO - DAG(s) 'produce_json' retrieved from /opt/airflow/dags/main.py
[2026-05-14T13:44:22.903+0000] {logging_mixin.py:188} INFO - [2026-05-14T13:44:22.902+0000] {dag.py:3096} INFO - Sync 1 DAGs
[2026-05-14T13:44:22.928+0000] {logging_mixin.py:188} INFO - [2026-05-14T13:44:22.927+0000] {dag.py:3954} INFO - Setting next_dagrun for produce_json to None, run_after=None
[2026-05-14T13:44:22.987+0000] {processor.py:183} INFO - Processing /opt/airflow/dags/main.py took 0.385 seconds
[2026-05-14T13:44:53.333+0000] {processor.py:161} INFO - Started process (PID=1726) to work on /opt/airflow/dags/main.py
[2026-05-14T13:44:53.335+0000] {processor.py:830} INFO - Processing file /opt/airflow/dags/main.py for tasks to queue
[2026-05-14T13:44:53.338+0000] {logging_mixin.py:188} INFO - [2026-05-14T13:44:53.338+0000] {dagbag.py:545} INFO - Filling up the DagBag from /opt/airflow/dags/main.py
[2026-05-14T13:44:53.432+0000] {processor.py:840} INFO - DAG(s) 'produce_json' retrieved from /opt/airflow/dags/main.py
[2026-05-14T13:44:53.473+0000] {logging_mixin.py:188} INFO - [2026-05-14T13:44:53.472+0000] {dag.py:3096} INFO - Sync 1 DAGs
[2026-05-14T13:44:53.495+0000] {logging_mixin.py:188} INFO - [2026-05-14T13:44:53.494+0000] {dag.py:3954} INFO - Setting next_dagrun for produce_json to None, run_after=None
[2026-05-14T13:44:53.560+0000] {processor.py:183} INFO - Processing /opt/airflow/dags/main.py took 0.243 seconds
[2026-05-14T13:45:23.757+0000] {processor.py:161} INFO - Started process (PID=1733) to work on /opt/airflow/dags/main.py
[2026-05-14T13:45:23.758+0000] {processor.py:830} INFO - Processing file /opt/airflow/dags/main.py for tasks to queue
[2026-05-14T13:45:23.762+0000] {logging_mixin.py:188} INFO - [2026-05-14T13:45:23.761+0000] {dagbag.py:545} INFO - Filling up the DagBag from /opt/airflow/dags/main.py
[2026-05-14T13:45:23.857+0000] {processor.py:840} INFO - DAG(s) 'produce_json' retrieved from /opt/airflow/dags/main.py
[2026-05-14T13:45:23.905+0000] {logging_mixin.py:188} INFO - [2026-05-14T13:45:23.904+0000] {dag.py:3096} INFO - Sync 1 DAGs
[2026-05-14T13:45:23.929+0000] {logging_mixin.py:188} INFO - [2026-05-14T13:45:23.928+0000] {dag.py:3954} INFO - Setting next_dagrun for produce_json to None, run_after=None
[2026-05-14T13:45:23.975+0000] {processor.py:183} INFO - Processing /opt/airflow/dags/main.py took 0.230 seconds
[2026-05-14T13:45:54.367+0000] {processor.py:161} INFO - Started process (PID=1740) to work on /opt/airflow/dags/main.py
[2026-05-14T13:45:54.369+0000] {processor.py:830} INFO - Processing file /opt/airflow/dags/main.py for tasks to queue
[2026-05-14T13:45:54.378+0000] {logging_mixin.py:188} INFO - [2026-05-14T13:45:54.376+0000] {dagbag.py:545} INFO - Filling up the DagBag from /opt/airflow/dags/main.py
[2026-05-14T13:45:54.556+0000] {processor.py:840} INFO - DAG(s) 'produce_json' retrieved from /opt/airflow/dags/main.py
[2026-05-14T13:45:54.634+0000] {logging_mixin.py:188} INFO - [2026-05-14T13:45:54.634+0000] {dag.py:3096} INFO - Sync 1 DAGs
[2026-05-14T13:45:54.668+0000] {logging_mixin.py:188} INFO - [2026-05-14T13:45:54.668+0000] {dag.py:3954} INFO - Setting next_dagrun for produce_json to None, run_after=None
[2026-05-14T13:45:54.711+0000] {processor.py:183} INFO - Processing /opt/airflow/dags/main.py took 0.363 seconds
[2026-05-14T13:46:24.814+0000] {processor.py:161} INFO - Started process (PID=1747) to work on /opt/airflow/dags/main.py
[2026-05-14T13:46:24.821+0000] {processor.py:830} INFO - Processing file /opt/airflow/dags/main.py for tasks to queue
[2026-05-14T13:46:24.826+0000] {logging_mixin.py:188} INFO - [2026-05-14T13:46:24.825+0000] {dagbag.py:545} INFO - Filling up the DagBag from /opt/airflow/dags/main.py
[2026-05-14T13:46:24.916+0000] {processor.py:840} INFO - DAG(s) 'produce_json' retrieved from /opt/airflow/dags/main.py
[2026-05-14T13:46:24.962+0000] {logging_mixin.py:188} INFO - [2026-05-14T13:46:24.962+0000] {dag.py:3096} INFO - Sync 1 DAGs
[2026-05-14T13:46:24.984+0000] {logging_mixin.py:188} INFO - [2026-05-14T13:46:24.983+0000] {dag.py:3954} INFO - Setting next_dagrun for produce_json to None, run_after=None
[2026-05-14T13:46:25.030+0000] {processor.py:183} INFO - Processing /opt/airflow/dags/main.py took 0.233 seconds
[2026-05-14T13:46:55.542+0000] {processor.py:161} INFO - Started process (PID=1754) to work on /opt/airflow/dags/main.py
[2026-05-14T13:46:55.544+0000] {processor.py:830} INFO - Processing file /opt/airflow/dags/main.py for tasks to queue
[2026-05-14T13:46:55.559+0000] {logging_mixin.py:188} INFO - [2026-05-14T13:46:55.558+0000] {dagbag.py:545} INFO - Filling up the DagBag from /opt/airflow/dags/main.py
[2026-05-14T13:46:55.781+0000] {processor.py:840} INFO - DAG(s) 'produce_json' retrieved from /opt/airflow/dags/main.py
[2026-05-14T13:46:55.821+0000] {logging_mixin.py:188} INFO - [2026-05-14T13:46:55.820+0000] {dag.py:3096} INFO - Sync 1 DAGs
[2026-05-14T13:46:55.848+0000] {logging_mixin.py:188} INFO - [2026-05-14T13:46:55.848+0000] {dag.py:3954} INFO - Setting next_dagrun for produce_json to None, run_after=None
[2026-05-14T13:46:55.895+0000] {processor.py:183} INFO - Processing /opt/airflow/dags/main.py took 0.388 seconds
[2026-05-14T13:47:26.012+0000] {processor.py:161} INFO - Started process (PID=1761) to work on /opt/airflow/dags/main.py
[2026-05-14T13:47:26.014+0000] {processor.py:830} INFO - Processing file /opt/airflow/dags/main.py for tasks to queue
[2026-05-14T13:47:26.017+0000] {logging_mixin.py:188} INFO - [2026-05-14T13:47:26.017+0000] {dagbag.py:545} INFO - Filling up the DagBag from /opt/airflow/dags/main.py
[2026-05-14T13:47:26.141+0000] {processor.py:840} INFO - DAG(s) 'produce_json' retrieved from /opt/airflow/dags/main.py
[2026-05-14T13:47:26.178+0000] {logging_mixin.py:188} INFO - [2026-05-14T13:47:26.177+0000] {dag.py:3096} INFO - Sync 1 DAGs
[2026-05-14T13:47:26.198+0000] {logging_mixin.py:188} INFO - [2026-05-14T13:47:26.197+0000] {dag.py:3954} INFO - Setting next_dagrun for produce_json to None, run_after=None
[2026-05-14T13:47:26.232+0000] {processor.py:183} INFO - Processing /opt/airflow/dags/main.py took 0.232 seconds
[2026-05-14T13:47:56.303+0000] {processor.py:161} INFO - Started process (PID=1769) to work on /opt/airflow/dags/main.py
[2026-05-14T13:47:56.305+0000] {processor.py:830} INFO - Processing file /opt/airflow/dags/main.py for tasks to queue
[2026-05-14T13:47:56.314+0000] {logging_mixin.py:188} INFO - [2026-05-14T13:47:56.313+0000] {dagbag.py:545} INFO - Filling up the DagBag from /opt/airflow/dags/main.py
[2026-05-14T13:47:56.433+0000] {processor.py:840} INFO - DAG(s) 'produce_json' retrieved from /opt/airflow/dags/main.py
[2026-05-14T13:47:56.480+0000] {logging_mixin.py:188} INFO - [2026-05-14T13:47:56.480+0000] {dag.py:3096} INFO - Sync 1 DAGs
[2026-05-14T13:47:56.500+0000] {logging_mixin.py:188} INFO - [2026-05-14T13:47:56.500+0000] {dag.py:3954} INFO - Setting next_dagrun for produce_json to None, run_after=None
[2026-05-14T13:47:56.540+0000] {processor.py:183} INFO - Processing /opt/airflow/dags/main.py took 0.250 seconds
[2026-05-14T13:48:26.718+0000] {processor.py:161} INFO - Started process (PID=1776) to work on /opt/airflow/dags/main.py
[2026-05-14T13:48:26.723+0000] {processor.py:830} INFO - Processing file /opt/airflow/dags/main.py for tasks to queue
[2026-05-14T13:48:26.736+0000] {logging_mixin.py:188} INFO - [2026-05-14T13:48:26.735+0000] {dagbag.py:545} INFO - Filling up the DagBag from /opt/airflow/dags/main.py
[2026-05-14T13:48:26.911+0000] {processor.py:840} INFO - DAG(s) 'produce_json' retrieved from /opt/airflow/dags/main.py
[2026-05-14T13:48:26.990+0000] {logging_mixin.py:188} INFO - [2026-05-14T13:48:26.989+0000] {dag.py:3096} INFO - Sync 1 DAGs
[2026-05-14T13:48:27.024+0000] {logging_mixin.py:188} INFO - [2026-05-14T13:48:27.024+0000] {dag.py:3954} INFO - Setting next_dagrun for produce_json to None, run_after=None
[2026-05-14T13:48:27.089+0000] {processor.py:183} INFO - Processing /opt/airflow/dags/main.py took 0.398 seconds
[2026-05-14T13:48:57.324+0000] {processor.py:161} INFO - Started process (PID=1783) to work on /opt/airflow/dags/main.py
[2026-05-14T13:48:57.327+0000] {processor.py:830} INFO - Processing file /opt/airflow/dags/main.py for tasks to queue
[2026-05-14T13:48:57.341+0000] {logging_mixin.py:188} INFO - [2026-05-14T13:48:57.339+0000] {dagbag.py:545} INFO - Filling up the DagBag from /opt/airflow/dags/main.py
[2026-05-14T13:48:57.585+0000] {processor.py:840} INFO - DAG(s) 'produce_json' retrieved from /opt/airflow/dags/main.py
[2026-05-14T13:48:57.643+0000] {logging_mixin.py:188} INFO - [2026-05-14T13:48:57.642+0000] {dag.py:3096} INFO - Sync 1 DAGs
[2026-05-14T13:48:57.666+0000] {logging_mixin.py:188} INFO - [2026-05-14T13:48:57.666+0000] {dag.py:3954} INFO - Setting next_dagrun for produce_json to None, run_after=None
[2026-05-14T13:48:57.721+0000] {processor.py:183} INFO - Processing /opt/airflow/dags/main.py took 0.433 seconds
[2026-05-14T13:49:28.221+0000] {processor.py:161} INFO - Started process (PID=1790) to work on /opt/airflow/dags/main.py
[2026-05-14T13:49:28.228+0000] {processor.py:830} INFO - Processing file /opt/airflow/dags/main.py for tasks to queue
[2026-05-14T13:49:28.235+0000] {logging_mixin.py:188} INFO - [2026-05-14T13:49:28.233+0000] {dagbag.py:545} INFO - Filling up the DagBag from /opt/airflow/dags/main.py
[2026-05-14T13:49:28.430+0000] {processor.py:840} INFO - DAG(s) 'produce_json' retrieved from /opt/airflow/dags/main.py
[2026-05-14T13:49:28.465+0000] {logging_mixin.py:188} INFO - [2026-05-14T13:49:28.464+0000] {dag.py:3096} INFO - Sync 1 DAGs
[2026-05-14T13:49:28.484+0000] {logging_mixin.py:188} INFO - [2026-05-14T13:49:28.483+0000] {dag.py:3954} INFO - Setting next_dagrun for produce_json to None, run_after=None
[2026-05-14T13:49:28.520+0000] {processor.py:183} INFO - Processing /opt/airflow/dags/main.py took 0.329 seconds
[2026-05-14T13:49:59.080+0000] {processor.py:161} INFO - Started process (PID=1798) to work on /opt/airflow/dags/main.py
[2026-05-14T13:49:59.093+0000] {processor.py:830} INFO - Processing file /opt/airflow/dags/main.py for tasks to queue
[2026-05-14T13:49:59.107+0000] {logging_mixin.py:188} INFO - [2026-05-14T13:49:59.097+0000] {dagbag.py:545} INFO - Filling up the DagBag from /opt/airflow/dags/main.py
[2026-05-14T13:49:59.374+0000] {processor.py:840} INFO - DAG(s) 'produce_json' retrieved from /opt/airflow/dags/main.py
[2026-05-14T13:49:59.561+0000] {logging_mixin.py:188} INFO - [2026-05-14T13:49:59.561+0000] {dag.py:3096} INFO - Sync 1 DAGs
[2026-05-14T13:49:59.735+0000] {logging_mixin.py:188} INFO - [2026-05-14T13:49:59.735+0000] {dag.py:3954} INFO - Setting next_dagrun for produce_json to None, run_after=None
[2026-05-14T13:49:59.996+0000] {processor.py:183} INFO - Processing /opt/airflow/dags/main.py took 0.953 seconds
[2026-05-14T13:50:30.797+0000] {processor.py:161} INFO - Started process (PID=1805) to work on /opt/airflow/dags/main.py
[2026-05-14T13:50:30.801+0000] {processor.py:830} INFO - Processing file /opt/airflow/dags/main.py for tasks to queue
[2026-05-14T13:50:30.805+0000] {logging_mixin.py:188} INFO - [2026-05-14T13:50:30.804+0000] {dagbag.py:545} INFO - Filling up the DagBag from /opt/airflow/dags/main.py
[2026-05-14T13:50:30.903+0000] {processor.py:840} INFO - DAG(s) 'produce_json' retrieved from /opt/airflow/dags/main.py
[2026-05-14T13:50:30.937+0000] {logging_mixin.py:188} INFO - [2026-05-14T13:50:30.936+0000] {dag.py:3096} INFO - Sync 1 DAGs
[2026-05-14T13:50:30.957+0000] {logging_mixin.py:188} INFO - [2026-05-14T13:50:30.956+0000] {dag.py:3954} INFO - Setting next_dagrun for produce_json to None, run_after=None
[2026-05-14T13:50:30.992+0000] {processor.py:183} INFO - Processing /opt/airflow/dags/main.py took 0.207 seconds
[2026-05-14T13:51:01.531+0000] {processor.py:161} INFO - Started process (PID=1811) to work on /opt/airflow/dags/main.py
[2026-05-14T13:51:01.547+0000] {processor.py:830} INFO - Processing file /opt/airflow/dags/main.py for tasks to queue
[2026-05-14T13:51:01.552+0000] {logging_mixin.py:188} INFO - [2026-05-14T13:51:01.551+0000] {dagbag.py:545} INFO - Filling up the DagBag from /opt/airflow/dags/main.py
[2026-05-14T13:51:01.731+0000] {processor.py:840} INFO - DAG(s) 'produce_json' retrieved from /opt/airflow/dags/main.py
[2026-05-14T13:51:01.814+0000] {logging_mixin.py:188} INFO - [2026-05-14T13:51:01.814+0000] {dag.py:3096} INFO - Sync 1 DAGs
[2026-05-14T13:51:01.852+0000] {logging_mixin.py:188} INFO - [2026-05-14T13:51:01.851+0000] {dag.py:3954} INFO - Setting next_dagrun for produce_json to None, run_after=None
[2026-05-14T13:51:01.912+0000] {processor.py:183} INFO - Processing /opt/airflow/dags/main.py took 0.441 seconds
[2026-05-14T13:51:32.299+0000] {processor.py:161} INFO - Started process (PID=1818) to work on /opt/airflow/dags/main.py
[2026-05-14T13:51:32.304+0000] {processor.py:830} INFO - Processing file /opt/airflow/dags/main.py for tasks to queue
[2026-05-14T13:51:32.315+0000] {logging_mixin.py:188} INFO - [2026-05-14T13:51:32.314+0000] {dagbag.py:545} INFO - Filling up the DagBag from /opt/airflow/dags/main.py
[2026-05-14T13:51:32.551+0000] {processor.py:840} INFO - DAG(s) 'produce_json' retrieved from /opt/airflow/dags/main.py
[2026-05-14T13:51:32.653+0000] {logging_mixin.py:188} INFO - [2026-05-14T13:51:32.652+0000] {dag.py:3096} INFO - Sync 1 DAGs
[2026-05-14T13:51:32.733+0000] {logging_mixin.py:188} INFO - [2026-05-14T13:51:32.732+0000] {dag.py:3954} INFO - Setting next_dagrun for produce_json to None, run_after=None
[2026-05-14T13:51:32.858+0000] {processor.py:183} INFO - Processing /opt/airflow/dags/main.py took 0.586 seconds
[2026-05-14T13:52:03.077+0000] {processor.py:161} INFO - Started process (PID=1825) to work on /opt/airflow/dags/main.py
[2026-05-14T13:52:03.114+0000] {processor.py:830} INFO - Processing file /opt/airflow/dags/main.py for tasks to queue
[2026-05-14T13:52:03.157+0000] {logging_mixin.py:188} INFO - [2026-05-14T13:52:03.156+0000] {dagbag.py:545} INFO - Filling up the DagBag from /opt/airflow/dags/main.py
[2026-05-14T13:52:03.446+0000] {processor.py:840} INFO - DAG(s) 'produce_json' retrieved from /opt/airflow/dags/main.py
[2026-05-14T13:52:03.488+0000] {logging_mixin.py:188} INFO - [2026-05-14T13:52:03.488+0000] {dag.py:3096} INFO - Sync 1 DAGs
[2026-05-14T13:52:03.509+0000] {logging_mixin.py:188} INFO - [2026-05-14T13:52:03.508+0000] {dag.py:3954} INFO - Setting next_dagrun for produce_json to None, run_after=None
[2026-05-14T13:52:03.555+0000] {processor.py:183} INFO - Processing /opt/airflow/dags/main.py took 0.514 seconds
[2026-05-14T13:52:34.182+0000] {processor.py:161} INFO - Started process (PID=1832) to work on /opt/airflow/dags/main.py
[2026-05-14T13:52:34.185+0000] {processor.py:830} INFO - Processing file /opt/airflow/dags/main.py for tasks to queue
[2026-05-14T13:52:34.189+0000] {logging_mixin.py:188} INFO - [2026-05-14T13:52:34.188+0000] {dagbag.py:545} INFO - Filling up the DagBag from /opt/airflow/dags/main.py
[2026-05-14T13:52:34.319+0000] {processor.py:840} INFO - DAG(s) 'produce_json' retrieved from /opt/airflow/dags/main.py
[2026-05-14T13:52:34.382+0000] {logging_mixin.py:188} INFO - [2026-05-14T13:52:34.381+0000] {dag.py:3096} INFO - Sync 1 DAGs
[2026-05-14T13:52:34.417+0000] {logging_mixin.py:188} INFO - [2026-05-14T13:52:34.417+0000] {dag.py:3954} INFO - Setting next_dagrun for produce_json to None, run_after=None
[2026-05-14T13:52:34.480+0000] {processor.py:183} INFO - Processing /opt/airflow/dags/main.py took 0.308 seconds
[2026-05-14T13:53:04.843+0000] {processor.py:161} INFO - Started process (PID=1839) to work on /opt/airflow/dags/main.py
[2026-05-14T13:53:04.850+0000] {processor.py:830} INFO - Processing file /opt/airflow/dags/main.py for tasks to queue
[2026-05-14T13:53:04.865+0000] {logging_mixin.py:188} INFO - [2026-05-14T13:53:04.864+0000] {dagbag.py:545} INFO - Filling up the DagBag from /opt/airflow/dags/main.py
[2026-05-14T13:53:05.062+0000] {processor.py:840} INFO - DAG(s) 'produce_json' retrieved from /opt/airflow/dags/main.py
[2026-05-14T13:53:05.096+0000] {logging_mixin.py:188} INFO - [2026-05-14T13:53:05.096+0000] {dag.py:3096} INFO - Sync 1 DAGs
[2026-05-14T13:53:05.115+0000] {logging_mixin.py:188} INFO - [2026-05-14T13:53:05.115+0000] {dag.py:3954} INFO - Setting next_dagrun for produce_json to None, run_after=None
[2026-05-14T13:53:05.148+0000] {processor.py:183} INFO - Processing /opt/airflow/dags/main.py took 0.343 seconds
[2026-05-14T13:53:35.532+0000] {processor.py:161} INFO - Started process (PID=1846) to work on /opt/airflow/dags/main.py
[2026-05-14T13:53:35.534+0000] {processor.py:830} INFO - Processing file /opt/airflow/dags/main.py for tasks to queue
[2026-05-14T13:53:35.540+0000] {logging_mixin.py:188} INFO - [2026-05-14T13:53:35.540+0000] {dagbag.py:545} INFO - Filling up the DagBag from /opt/airflow/dags/main.py
[2026-05-14T13:53:35.639+0000] {processor.py:840} INFO - DAG(s) 'produce_json' retrieved from /opt/airflow/dags/main.py
[2026-05-14T13:53:35.688+0000] {logging_mixin.py:188} INFO - [2026-05-14T13:53:35.688+0000] {dag.py:3096} INFO - Sync 1 DAGs
[2026-05-14T13:53:35.710+0000] {logging_mixin.py:188} INFO - [2026-05-14T13:53:35.710+0000] {dag.py:3954} INFO - Setting next_dagrun for produce_json to None, run_after=None
[2026-05-14T13:53:35.754+0000] {processor.py:183} INFO - Processing /opt/airflow/dags/main.py took 0.237 seconds
[2026-05-14T13:54:06.677+0000] {processor.py:161} INFO - Started process (PID=1853) to work on /opt/airflow/dags/main.py
[2026-05-14T13:54:06.679+0000] {processor.py:830} INFO - Processing file /opt/airflow/dags/main.py for tasks to queue
[2026-05-14T13:54:06.684+0000] {logging_mixin.py:188} INFO - [2026-05-14T13:54:06.683+0000] {dagbag.py:545} INFO - Filling up the DagBag from /opt/airflow/dags/main.py
[2026-05-14T13:54:06.819+0000] {processor.py:840} INFO - DAG(s) 'produce_json' retrieved from /opt/airflow/dags/main.py
[2026-05-14T13:54:06.872+0000] {logging_mixin.py:188} INFO - [2026-05-14T13:54:06.872+0000] {dag.py:3096} INFO - Sync 1 DAGs
[2026-05-14T13:54:06.916+0000] {logging_mixin.py:188} INFO - [2026-05-14T13:54:06.915+0000] {dag.py:3954} INFO - Setting next_dagrun for produce_json to None, run_after=None
[2026-05-14T13:54:06.994+0000] {processor.py:183} INFO - Processing /opt/airflow/dags/main.py took 0.354 seconds
[2026-05-14T13:54:37.219+0000] {processor.py:161} INFO - Started process (PID=1860) to work on /opt/airflow/dags/main.py
[2026-05-14T13:54:37.222+0000] {processor.py:830} INFO - Processing file /opt/airflow/dags/main.py for tasks to queue
[2026-05-14T13:54:37.227+0000] {logging_mixin.py:188} INFO - [2026-05-14T13:54:37.226+0000] {dagbag.py:545} INFO - Filling up the DagBag from /opt/airflow/dags/main.py
[2026-05-14T13:54:37.327+0000] {processor.py:840} INFO - DAG(s) 'produce_json' retrieved from /opt/airflow/dags/main.py
[2026-05-14T13:54:37.365+0000] {logging_mixin.py:188} INFO - [2026-05-14T13:54:37.364+0000] {dag.py:3096} INFO - Sync 1 DAGs
[2026-05-14T13:54:37.401+0000] {logging_mixin.py:188} INFO - [2026-05-14T13:54:37.401+0000] {dag.py:3954} INFO - Setting next_dagrun for produce_json to None, run_after=None
[2026-05-14T13:54:37.434+0000] {processor.py:183} INFO - Processing /opt/airflow/dags/main.py took 0.231 seconds
[2026-05-14T13:55:07.566+0000] {processor.py:161} INFO - Started process (PID=1867) to work on /opt/airflow/dags/main.py
[2026-05-14T13:55:07.568+0000] {processor.py:830} INFO - Processing file /opt/airflow/dags/main.py for tasks to queue
[2026-05-14T13:55:07.573+0000] {logging_mixin.py:188} INFO - [2026-05-14T13:55:07.572+0000] {dagbag.py:545} INFO - Filling up the DagBag from /opt/airflow/dags/main.py
[2026-05-14T13:55:07.749+0000] {processor.py:840} INFO - DAG(s) 'produce_json' retrieved from /opt/airflow/dags/main.py
[2026-05-14T13:55:07.825+0000] {logging_mixin.py:188} INFO - [2026-05-14T13:55:07.825+0000] {dag.py:3096} INFO - Sync 1 DAGs
[2026-05-14T13:55:07.860+0000] {logging_mixin.py:188} INFO - [2026-05-14T13:55:07.859+0000] {dag.py:3954} INFO - Setting next_dagrun for produce_json to None, run_after=None
[2026-05-14T13:55:07.905+0000] {processor.py:183} INFO - Processing /opt/airflow/dags/main.py took 0.352 seconds
[2026-05-14T13:55:38.185+0000] {processor.py:161} INFO - Started process (PID=1873) to work on /opt/airflow/dags/main.py
[2026-05-14T13:55:38.187+0000] {processor.py:830} INFO - Processing file /opt/airflow/dags/main.py for tasks to queue
[2026-05-14T13:55:38.191+0000] {logging_mixin.py:188} INFO - [2026-05-14T13:55:38.191+0000] {dagbag.py:545} INFO - Filling up the DagBag from /opt/airflow/dags/main.py
[2026-05-14T13:55:38.762+0000] {processor.py:840} INFO - DAG(s) 'produce_json' retrieved from /opt/airflow/dags/main.py
[2026-05-14T13:55:38.912+0000] {logging_mixin.py:188} INFO - [2026-05-14T13:55:38.903+0000] {dag.py:3096} INFO - Sync 1 DAGs
[2026-05-14T13:55:39.050+0000] {logging_mixin.py:188} INFO - [2026-05-14T13:55:39.037+0000] {dag.py:3954} INFO - Setting next_dagrun for produce_json to None, run_after=None
[2026-05-14T13:55:39.220+0000] {processor.py:183} INFO - Processing /opt/airflow/dags/main.py took 1.052 seconds
[2026-05-14T13:56:09.649+0000] {processor.py:161} INFO - Started process (PID=1887) to work on /opt/airflow/dags/main.py
[2026-05-14T13:56:09.651+0000] {processor.py:830} INFO - Processing file /opt/airflow/dags/main.py for tasks to queue
[2026-05-14T13:56:09.654+0000] {logging_mixin.py:188} INFO - [2026-05-14T13:56:09.654+0000] {dagbag.py:545} INFO - Filling up the DagBag from /opt/airflow/dags/main.py
[2026-05-14T13:56:09.740+0000] {processor.py:840} INFO - DAG(s) 'produce_json' retrieved from /opt/airflow/dags/main.py
[2026-05-14T13:56:09.794+0000] {logging_mixin.py:188} INFO - [2026-05-14T13:56:09.794+0000] {dag.py:3096} INFO - Sync 1 DAGs
[2026-05-14T13:56:09.824+0000] {logging_mixin.py:188} INFO - [2026-05-14T13:56:09.823+0000] {dag.py:3954} INFO - Setting next_dagrun for produce_json to None, run_after=None
[2026-05-14T13:56:09.872+0000] {processor.py:183} INFO - Processing /opt/airflow/dags/main.py took 0.236 seconds
[2026-05-14T13:56:40.260+0000] {processor.py:161} INFO - Started process (PID=1895) to work on /opt/airflow/dags/main.py
[2026-05-14T13:56:40.263+0000] {processor.py:830} INFO - Processing file /opt/airflow/dags/main.py for tasks to queue
[2026-05-14T13:56:40.266+0000] {logging_mixin.py:188} INFO - [2026-05-14T13:56:40.266+0000] {dagbag.py:545} INFO - Filling up the DagBag from /opt/airflow/dags/main.py
[2026-05-14T13:56:40.377+0000] {processor.py:840} INFO - DAG(s) 'produce_json' retrieved from /opt/airflow/dags/main.py
[2026-05-14T13:56:40.426+0000] {logging_mixin.py:188} INFO - [2026-05-14T13:56:40.426+0000] {dag.py:3096} INFO - Sync 1 DAGs
[2026-05-14T13:56:40.488+0000] {logging_mixin.py:188} INFO - [2026-05-14T13:56:40.488+0000] {dag.py:3954} INFO - Setting next_dagrun for produce_json to None, run_after=None
[2026-05-14T13:56:40.548+0000] {processor.py:183} INFO - Processing /opt/airflow/dags/main.py took 0.298 seconds
[2026-05-14T13:57:10.968+0000] {processor.py:161} INFO - Started process (PID=1903) to work on /opt/airflow/dags/main.py
[2026-05-14T13:57:10.971+0000] {processor.py:830} INFO - Processing file /opt/airflow/dags/main.py for tasks to queue
[2026-05-14T13:57:10.975+0000] {logging_mixin.py:188} INFO - [2026-05-14T13:57:10.975+0000] {dagbag.py:545} INFO - Filling up the DagBag from /opt/airflow/dags/main.py
[2026-05-14T13:57:11.140+0000] {processor.py:840} INFO - DAG(s) 'produce_json' retrieved from /opt/airflow/dags/main.py
[2026-05-14T13:57:11.193+0000] {logging_mixin.py:188} INFO - [2026-05-14T13:57:11.192+0000] {dag.py:3096} INFO - Sync 1 DAGs
[2026-05-14T13:57:11.220+0000] {logging_mixin.py:188} INFO - [2026-05-14T13:57:11.220+0000] {dag.py:3954} INFO - Setting next_dagrun for produce_json to None, run_after=None
[2026-05-14T13:57:11.262+0000] {processor.py:183} INFO - Processing /opt/airflow/dags/main.py took 0.307 seconds
[2026-05-14T13:57:41.706+0000] {processor.py:161} INFO - Started process (PID=1910) to work on /opt/airflow/dags/main.py
[2026-05-14T13:57:41.709+0000] {processor.py:830} INFO - Processing file /opt/airflow/dags/main.py for tasks to queue
[2026-05-14T13:57:41.714+0000] {logging_mixin.py:188} INFO - [2026-05-14T13:57:41.713+0000] {dagbag.py:545} INFO - Filling up the DagBag from /opt/airflow/dags/main.py
[2026-05-14T13:57:41.845+0000] {processor.py:840} INFO - DAG(s) 'produce_json' retrieved from /opt/airflow/dags/main.py
[2026-05-14T13:57:41.906+0000] {logging_mixin.py:188} INFO - [2026-05-14T13:57:41.905+0000] {dag.py:3096} INFO - Sync 1 DAGs
[2026-05-14T13:57:41.944+0000] {logging_mixin.py:188} INFO - [2026-05-14T13:57:41.943+0000] {dag.py:3954} INFO - Setting next_dagrun for produce_json to None, run_after=None
[2026-05-14T13:57:41.995+0000] {processor.py:183} INFO - Processing /opt/airflow/dags/main.py took 0.307 seconds
[2026-05-14T13:58:12.117+0000] {processor.py:161} INFO - Started process (PID=1917) to work on /opt/airflow/dags/main.py
[2026-05-14T13:58:12.119+0000] {processor.py:830} INFO - Processing file /opt/airflow/dags/main.py for tasks to queue
[2026-05-14T13:58:12.123+0000] {logging_mixin.py:188} INFO - [2026-05-14T13:58:12.122+0000] {dagbag.py:545} INFO - Filling up the DagBag from /opt/airflow/dags/main.py
[2026-05-14T13:58:12.314+0000] {processor.py:840} INFO - DAG(s) 'produce_json' retrieved from /opt/airflow/dags/main.py
[2026-05-14T13:58:12.378+0000] {logging_mixin.py:188} INFO - [2026-05-14T13:58:12.377+0000] {dag.py:3096} INFO - Sync 1 DAGs
[2026-05-14T13:58:12.406+0000] {logging_mixin.py:188} INFO - [2026-05-14T13:58:12.406+0000] {dag.py:3954} INFO - Setting next_dagrun for produce_json to None, run_after=None
[2026-05-14T13:58:12.458+0000] {processor.py:183} INFO - Processing /opt/airflow/dags/main.py took 0.356 seconds
[2026-05-14T13:58:42.786+0000] {processor.py:161} INFO - Started process (PID=1924) to work on /opt/airflow/dags/main.py
[2026-05-14T13:58:42.791+0000] {processor.py:830} INFO - Processing file /opt/airflow/dags/main.py for tasks to queue
[2026-05-14T13:58:42.795+0000] {logging_mixin.py:188} INFO - [2026-05-14T13:58:42.795+0000] {dagbag.py:545} INFO - Filling up the DagBag from /opt/airflow/dags/main.py
[2026-05-14T13:58:42.913+0000] {processor.py:840} INFO - DAG(s) 'produce_json' retrieved from /opt/airflow/dags/main.py
[2026-05-14T13:58:42.947+0000] {logging_mixin.py:188} INFO - [2026-05-14T13:58:42.947+0000] {dag.py:3096} INFO - Sync 1 DAGs
[2026-05-14T13:58:42.968+0000] {logging_mixin.py:188} INFO - [2026-05-14T13:58:42.967+0000] {dag.py:3954} INFO - Setting next_dagrun for produce_json to None, run_after=None
[2026-05-14T13:58:43.002+0000] {processor.py:183} INFO - Processing /opt/airflow/dags/main.py took 0.238 seconds
[2026-05-14T13:59:13.153+0000] {processor.py:161} INFO - Started process (PID=1931) to work on /opt/airflow/dags/main.py
[2026-05-14T13:59:13.156+0000] {processor.py:830} INFO - Processing file /opt/airflow/dags/main.py for tasks to queue
[2026-05-14T13:59:13.162+0000] {logging_mixin.py:188} INFO - [2026-05-14T13:59:13.161+0000] {dagbag.py:545} INFO - Filling up the DagBag from /opt/airflow/dags/main.py
[2026-05-14T13:59:13.286+0000] {processor.py:840} INFO - DAG(s) 'produce_json' retrieved from /opt/airflow/dags/main.py
[2026-05-14T13:59:13.356+0000] {logging_mixin.py:188} INFO - [2026-05-14T13:59:13.355+0000] {dag.py:3096} INFO - Sync 1 DAGs
[2026-05-14T13:59:13.379+0000] {logging_mixin.py:188} INFO - [2026-05-14T13:59:13.379+0000] {dag.py:3954} INFO - Setting next_dagrun for produce_json to None, run_after=None
[2026-05-14T13:59:13.413+0000] {processor.py:183} INFO - Processing /opt/airflow/dags/main.py took 0.275 seconds
[2026-05-14T13:59:43.741+0000] {processor.py:161} INFO - Started process (PID=1938) to work on /opt/airflow/dags/main.py
[2026-05-14T13:59:43.743+0000] {processor.py:830} INFO - Processing file /opt/airflow/dags/main.py for tasks to queue
[2026-05-14T13:59:43.750+0000] {logging_mixin.py:188} INFO - [2026-05-14T13:59:43.749+0000] {dagbag.py:545} INFO - Filling up the DagBag from /opt/airflow/dags/main.py
[2026-05-14T13:59:43.843+0000] {processor.py:840} INFO - DAG(s) 'produce_json' retrieved from /opt/airflow/dags/main.py
[2026-05-14T13:59:43.880+0000] {logging_mixin.py:188} INFO - [2026-05-14T13:59:43.879+0000] {dag.py:3096} INFO - Sync 1 DAGs
[2026-05-14T13:59:43.899+0000] {logging_mixin.py:188} INFO - [2026-05-14T13:59:43.898+0000] {dag.py:3954} INFO - Setting next_dagrun for produce_json to None, run_after=None
[2026-05-14T13:59:43.935+0000] {processor.py:183} INFO - Processing /opt/airflow/dags/main.py took 0.207 seconds
[2026-05-14T14:00:14.148+0000] {processor.py:161} INFO - Started process (PID=1945) to work on /opt/airflow/dags/main.py
[2026-05-14T14:00:14.151+0000] {processor.py:830} INFO - Processing file /opt/airflow/dags/main.py for tasks to queue
[2026-05-14T14:00:14.156+0000] {logging_mixin.py:188} INFO - [2026-05-14T14:00:14.155+0000] {dagbag.py:545} INFO - Filling up the DagBag from /opt/airflow/dags/main.py
[2026-05-14T14:00:14.272+0000] {processor.py:840} INFO - DAG(s) 'produce_json' retrieved from /opt/airflow/dags/main.py
[2026-05-14T14:00:14.307+0000] {logging_mixin.py:188} INFO - [2026-05-14T14:00:14.307+0000] {dag.py:3096} INFO - Sync 1 DAGs
[2026-05-14T14:00:14.326+0000] {logging_mixin.py:188} INFO - [2026-05-14T14:00:14.326+0000] {dag.py:3954} INFO - Setting next_dagrun for produce_json to None, run_after=None
[2026-05-14T14:00:14.357+0000] {processor.py:183} INFO - Processing /opt/airflow/dags/main.py took 0.225 seconds
[2026-05-14T14:00:44.664+0000] {processor.py:161} INFO - Started process (PID=1952) to work on /opt/airflow/dags/main.py
[2026-05-14T14:00:44.666+0000] {processor.py:830} INFO - Processing file /opt/airflow/dags/main.py for tasks to queue
[2026-05-14T14:00:44.670+0000] {logging_mixin.py:188} INFO - [2026-05-14T14:00:44.669+0000] {dagbag.py:545} INFO - Filling up the DagBag from /opt/airflow/dags/main.py
[2026-05-14T14:00:44.766+0000] {processor.py:840} INFO - DAG(s) 'produce_json' retrieved from /opt/airflow/dags/main.py
[2026-05-14T14:00:44.802+0000] {logging_mixin.py:188} INFO - [2026-05-14T14:00:44.802+0000] {dag.py:3096} INFO - Sync 1 DAGs
[2026-05-14T14:00:44.821+0000] {logging_mixin.py:188} INFO - [2026-05-14T14:00:44.821+0000] {dag.py:3954} INFO - Setting next_dagrun for produce_json to None, run_after=None
[2026-05-14T14:00:44.857+0000] {processor.py:183} INFO - Processing /opt/airflow/dags/main.py took 0.213 seconds
[2026-05-14T14:01:15.504+0000] {processor.py:161} INFO - Started process (PID=1959) to work on /opt/airflow/dags/main.py
[2026-05-14T14:01:15.506+0000] {processor.py:830} INFO - Processing file /opt/airflow/dags/main.py for tasks to queue
[2026-05-14T14:01:15.520+0000] {logging_mixin.py:188} INFO - [2026-05-14T14:01:15.510+0000] {dagbag.py:545} INFO - Filling up the DagBag from /opt/airflow/dags/main.py
[2026-05-14T14:01:15.709+0000] {processor.py:840} INFO - DAG(s) 'produce_json' retrieved from /opt/airflow/dags/main.py
[2026-05-14T14:01:15.758+0000] {logging_mixin.py:188} INFO - [2026-05-14T14:01:15.757+0000] {dag.py:3096} INFO - Sync 1 DAGs
[2026-05-14T14:01:15.786+0000] {logging_mixin.py:188} INFO - [2026-05-14T14:01:15.785+0000] {dag.py:3954} INFO - Setting next_dagrun for produce_json to None, run_after=None
[2026-05-14T14:01:15.838+0000] {processor.py:183} INFO - Processing /opt/airflow/dags/main.py took 0.377 seconds
[2026-05-14T14:01:45.997+0000] {processor.py:161} INFO - Started process (PID=1966) to work on /opt/airflow/dags/main.py
[2026-05-14T14:01:46.000+0000] {processor.py:830} INFO - Processing file /opt/airflow/dags/main.py for tasks to queue
[2026-05-14T14:01:46.003+0000] {logging_mixin.py:188} INFO - [2026-05-14T14:01:46.003+0000] {dagbag.py:545} INFO - Filling up the DagBag from /opt/airflow/dags/main.py
[2026-05-14T14:01:46.132+0000] {processor.py:840} INFO - DAG(s) 'produce_json' retrieved from /opt/airflow/dags/main.py
[2026-05-14T14:01:46.177+0000] {logging_mixin.py:188} INFO - [2026-05-14T14:01:46.176+0000] {dag.py:3096} INFO - Sync 1 DAGs
[2026-05-14T14:01:46.210+0000] {logging_mixin.py:188} INFO - [2026-05-14T14:01:46.209+0000] {dag.py:3954} INFO - Setting next_dagrun for produce_json to None, run_after=None
[2026-05-14T14:01:46.253+0000] {processor.py:183} INFO - Processing /opt/airflow/dags/main.py took 0.267 seconds
[2026-05-14T14:02:16.720+0000] {processor.py:161} INFO - Started process (PID=1973) to work on /opt/airflow/dags/main.py
[2026-05-14T14:02:16.722+0000] {processor.py:830} INFO - Processing file /opt/airflow/dags/main.py for tasks to queue
[2026-05-14T14:02:16.728+0000] {logging_mixin.py:188} INFO - [2026-05-14T14:02:16.727+0000] {dagbag.py:545} INFO - Filling up the DagBag from /opt/airflow/dags/main.py
[2026-05-14T14:02:16.863+0000] {processor.py:840} INFO - DAG(s) 'produce_json' retrieved from /opt/airflow/dags/main.py
[2026-05-14T14:02:16.909+0000] {logging_mixin.py:188} INFO - [2026-05-14T14:02:16.908+0000] {dag.py:3096} INFO - Sync 1 DAGs
[2026-05-14T14:02:16.939+0000] {logging_mixin.py:188} INFO - [2026-05-14T14:02:16.939+0000] {dag.py:3954} INFO - Setting next_dagrun for produce_json to None, run_after=None
[2026-05-14T14:02:16.981+0000] {processor.py:183} INFO - Processing /opt/airflow/dags/main.py took 0.277 seconds
[2026-05-14T14:02:47.231+0000] {processor.py:161} INFO - Started process (PID=1980) to work on /opt/airflow/dags/main.py
[2026-05-14T14:02:47.233+0000] {processor.py:830} INFO - Processing file /opt/airflow/dags/main.py for tasks to queue
[2026-05-14T14:02:47.236+0000] {logging_mixin.py:188} INFO - [2026-05-14T14:02:47.236+0000] {dagbag.py:545} INFO - Filling up the DagBag from /opt/airflow/dags/main.py
[2026-05-14T14:02:47.316+0000] {processor.py:840} INFO - DAG(s) 'produce_json' retrieved from /opt/airflow/dags/main.py
[2026-05-14T14:02:47.358+0000] {logging_mixin.py:188} INFO - [2026-05-14T14:02:47.358+0000] {dag.py:3096} INFO - Sync 1 DAGs
[2026-05-14T14:02:47.382+0000] {logging_mixin.py:188} INFO - [2026-05-14T14:02:47.381+0000] {dag.py:3954} INFO - Setting next_dagrun for produce_json to None, run_after=None
[2026-05-14T14:02:47.419+0000] {processor.py:183} INFO - Processing /opt/airflow/dags/main.py took 0.201 seconds
[2026-05-14T14:03:17.819+0000] {processor.py:161} INFO - Started process (PID=1987) to work on /opt/airflow/dags/main.py
[2026-05-14T14:03:17.821+0000] {processor.py:830} INFO - Processing file /opt/airflow/dags/main.py for tasks to queue
[2026-05-14T14:03:17.827+0000] {logging_mixin.py:188} INFO - [2026-05-14T14:03:17.826+0000] {dagbag.py:545} INFO - Filling up the DagBag from /opt/airflow/dags/main.py
[2026-05-14T14:03:18.003+0000] {processor.py:840} INFO - DAG(s) 'produce_json' retrieved from /opt/airflow/dags/main.py
[2026-05-14T14:03:18.076+0000] {logging_mixin.py:188} INFO - [2026-05-14T14:03:18.075+0000] {dag.py:3096} INFO - Sync 1 DAGs
[2026-05-14T14:03:18.143+0000] {logging_mixin.py:188} INFO - [2026-05-14T14:03:18.142+0000] {dag.py:3954} INFO - Setting next_dagrun for produce_json to None, run_after=None
[2026-05-14T14:03:18.258+0000] {processor.py:183} INFO - Processing /opt/airflow/dags/main.py took 0.459 seconds
[2026-05-14T14:03:48.500+0000] {processor.py:161} INFO - Started process (PID=1995) to work on /opt/airflow/dags/main.py
[2026-05-14T14:03:48.513+0000] {processor.py:830} INFO - Processing file /opt/airflow/dags/main.py for tasks to queue
[2026-05-14T14:03:48.519+0000] {logging_mixin.py:188} INFO - [2026-05-14T14:03:48.518+0000] {dagbag.py:545} INFO - Filling up the DagBag from /opt/airflow/dags/main.py
[2026-05-14T14:03:48.649+0000] {processor.py:840} INFO - DAG(s) 'produce_json' retrieved from /opt/airflow/dags/main.py
[2026-05-14T14:03:48.692+0000] {logging_mixin.py:188} INFO - [2026-05-14T14:03:48.691+0000] {dag.py:3096} INFO - Sync 1 DAGs
[2026-05-14T14:03:48.731+0000] {logging_mixin.py:188} INFO - [2026-05-14T14:03:48.730+0000] {dag.py:3954} INFO - Setting next_dagrun for produce_json to None, run_after=None
[2026-05-14T14:03:48.778+0000] {processor.py:183} INFO - Processing /opt/airflow/dags/main.py took 0.296 seconds
[2026-05-14T14:04:20.678+0000] {processor.py:161} INFO - Started process (PID=2002) to work on /opt/airflow/dags/main.py
[2026-05-14T14:04:20.700+0000] {processor.py:830} INFO - Processing file /opt/airflow/dags/main.py for tasks to queue
[2026-05-14T14:04:20.734+0000] {logging_mixin.py:188} INFO - [2026-05-14T14:04:20.734+0000] {dagbag.py:545} INFO - Filling up the DagBag from /opt/airflow/dags/main.py
[2026-05-14T14:04:21.101+0000] {processor.py:840} INFO - DAG(s) 'produce_json' retrieved from /opt/airflow/dags/main.py
[2026-05-14T14:04:21.311+0000] {logging_mixin.py:188} INFO - [2026-05-14T14:04:21.310+0000] {dag.py:3096} INFO - Sync 1 DAGs
[2026-05-14T14:04:21.541+0000] {logging_mixin.py:188} INFO - [2026-05-14T14:04:21.527+0000] {dag.py:3954} INFO - Setting next_dagrun for produce_json to None, run_after=None
[2026-05-14T14:04:21.836+0000] {processor.py:183} INFO - Processing /opt/airflow/dags/main.py took 1.231 seconds
[2026-05-14T14:04:52.222+0000] {processor.py:161} INFO - Started process (PID=2009) to work on /opt/airflow/dags/main.py
[2026-05-14T14:04:52.224+0000] {processor.py:830} INFO - Processing file /opt/airflow/dags/main.py for tasks to queue
[2026-05-14T14:04:52.233+0000] {logging_mixin.py:188} INFO - [2026-05-14T14:04:52.227+0000] {dagbag.py:545} INFO - Filling up the DagBag from /opt/airflow/dags/main.py
[2026-05-14T14:04:52.507+0000] {processor.py:840} INFO - DAG(s) 'produce_json' retrieved from /opt/airflow/dags/main.py
[2026-05-14T14:04:52.577+0000] {logging_mixin.py:188} INFO - [2026-05-14T14:04:52.576+0000] {dag.py:3096} INFO - Sync 1 DAGs
[2026-05-14T14:04:52.624+0000] {logging_mixin.py:188} INFO - [2026-05-14T14:04:52.624+0000] {dag.py:3954} INFO - Setting next_dagrun for produce_json to None, run_after=None
[2026-05-14T14:04:52.718+0000] {processor.py:183} INFO - Processing /opt/airflow/dags/main.py took 0.526 seconds
[2026-05-14T14:05:22.911+0000] {processor.py:161} INFO - Started process (PID=2016) to work on /opt/airflow/dags/main.py
[2026-05-14T14:05:22.914+0000] {processor.py:830} INFO - Processing file /opt/airflow/dags/main.py for tasks to queue
[2026-05-14T14:05:22.920+0000] {logging_mixin.py:188} INFO - [2026-05-14T14:05:22.919+0000] {dagbag.py:545} INFO - Filling up the DagBag from /opt/airflow/dags/main.py
[2026-05-14T14:05:23.077+0000] {processor.py:840} INFO - DAG(s) 'produce_json' retrieved from /opt/airflow/dags/main.py
[2026-05-14T14:05:23.151+0000] {logging_mixin.py:188} INFO - [2026-05-14T14:05:23.150+0000] {dag.py:3096} INFO - Sync 1 DAGs
[2026-05-14T14:05:23.186+0000] {logging_mixin.py:188} INFO - [2026-05-14T14:05:23.185+0000] {dag.py:3954} INFO - Setting next_dagrun for produce_json to None, run_after=None
[2026-05-14T14:05:23.250+0000] {processor.py:183} INFO - Processing /opt/airflow/dags/main.py took 0.364 seconds
[2026-05-14T14:05:53.549+0000] {processor.py:161} INFO - Started process (PID=2023) to work on /opt/airflow/dags/main.py
[2026-05-14T14:05:53.561+0000] {processor.py:830} INFO - Processing file /opt/airflow/dags/main.py for tasks to queue
[2026-05-14T14:05:53.568+0000] {logging_mixin.py:188} INFO - [2026-05-14T14:05:53.567+0000] {dagbag.py:545} INFO - Filling up the DagBag from /opt/airflow/dags/main.py
[2026-05-14T14:05:53.734+0000] {processor.py:840} INFO - DAG(s) 'produce_json' retrieved from /opt/airflow/dags/main.py
[2026-05-14T14:05:53.812+0000] {logging_mixin.py:188} INFO - [2026-05-14T14:05:53.811+0000] {dag.py:3096} INFO - Sync 1 DAGs
[2026-05-14T14:05:53.846+0000] {logging_mixin.py:188} INFO - [2026-05-14T14:05:53.846+0000] {dag.py:3954} INFO - Setting next_dagrun for produce_json to None, run_after=None
[2026-05-14T14:05:53.890+0000] {processor.py:183} INFO - Processing /opt/airflow/dags/main.py took 0.359 seconds
[2026-05-14T14:06:24.132+0000] {processor.py:161} INFO - Started process (PID=2030) to work on /opt/airflow/dags/main.py
[2026-05-14T14:06:24.137+0000] {processor.py:830} INFO - Processing file /opt/airflow/dags/main.py for tasks to queue
[2026-05-14T14:06:24.148+0000] {logging_mixin.py:188} INFO - [2026-05-14T14:06:24.146+0000] {dagbag.py:545} INFO - Filling up the DagBag from /opt/airflow/dags/main.py
[2026-05-14T14:06:24.290+0000] {processor.py:840} INFO - DAG(s) 'produce_json' retrieved from /opt/airflow/dags/main.py
[2026-05-14T14:06:24.363+0000] {logging_mixin.py:188} INFO - [2026-05-14T14:06:24.363+0000] {dag.py:3096} INFO - Sync 1 DAGs
[2026-05-14T14:06:24.399+0000] {logging_mixin.py:188} INFO - [2026-05-14T14:06:24.399+0000] {dag.py:3954} INFO - Setting next_dagrun for produce_json to None, run_after=None
[2026-05-14T14:06:24.450+0000] {processor.py:183} INFO - Processing /opt/airflow/dags/main.py took 0.349 seconds
[2026-05-14T14:06:54.826+0000] {processor.py:161} INFO - Started process (PID=2037) to work on /opt/airflow/dags/main.py
[2026-05-14T14:06:54.829+0000] {processor.py:830} INFO - Processing file /opt/airflow/dags/main.py for tasks to queue
[2026-05-14T14:06:54.834+0000] {logging_mixin.py:188} INFO - [2026-05-14T14:06:54.834+0000] {dagbag.py:545} INFO - Filling up the DagBag from /opt/airflow/dags/main.py
[2026-05-14T14:06:54.941+0000] {processor.py:840} INFO - DAG(s) 'produce_json' retrieved from /opt/airflow/dags/main.py
[2026-05-14T14:06:54.987+0000] {logging_mixin.py:188} INFO - [2026-05-14T14:06:54.987+0000] {dag.py:3096} INFO - Sync 1 DAGs
[2026-05-14T14:06:55.012+0000] {logging_mixin.py:188} INFO - [2026-05-14T14:06:55.012+0000] {dag.py:3954} INFO - Setting next_dagrun for produce_json to None, run_after=None
[2026-05-14T14:06:55.054+0000] {processor.py:183} INFO - Processing /opt/airflow/dags/main.py took 0.245 seconds
[2026-05-14T14:07:25.877+0000] {processor.py:161} INFO - Started process (PID=2044) to work on /opt/airflow/dags/main.py
[2026-05-14T14:07:25.881+0000] {processor.py:830} INFO - Processing file /opt/airflow/dags/main.py for tasks to queue
[2026-05-14T14:07:25.887+0000] {logging_mixin.py:188} INFO - [2026-05-14T14:07:25.886+0000] {dagbag.py:545} INFO - Filling up the DagBag from /opt/airflow/dags/main.py
[2026-05-14T14:07:26.013+0000] {processor.py:840} INFO - DAG(s) 'produce_json' retrieved from /opt/airflow/dags/main.py
[2026-05-14T14:07:26.080+0000] {logging_mixin.py:188} INFO - [2026-05-14T14:07:26.080+0000] {dag.py:3096} INFO - Sync 1 DAGs
[2026-05-14T14:07:26.128+0000] {logging_mixin.py:188} INFO - [2026-05-14T14:07:26.128+0000] {dag.py:3954} INFO - Setting next_dagrun for produce_json to None, run_after=None
[2026-05-14T14:07:26.172+0000] {processor.py:183} INFO - Processing /opt/airflow/dags/main.py took 0.328 seconds
[2026-05-14T14:07:56.593+0000] {processor.py:161} INFO - Started process (PID=2051) to work on /opt/airflow/dags/main.py
[2026-05-14T14:07:56.595+0000] {processor.py:830} INFO - Processing file /opt/airflow/dags/main.py for tasks to queue
[2026-05-14T14:07:56.600+0000] {logging_mixin.py:188} INFO - [2026-05-14T14:07:56.600+0000] {dagbag.py:545} INFO - Filling up the DagBag from /opt/airflow/dags/main.py
[2026-05-14T14:07:56.716+0000] {processor.py:840} INFO - DAG(s) 'produce_json' retrieved from /opt/airflow/dags/main.py
[2026-05-14T14:07:56.755+0000] {logging_mixin.py:188} INFO - [2026-05-14T14:07:56.755+0000] {dag.py:3096} INFO - Sync 1 DAGs
[2026-05-14T14:07:56.775+0000] {logging_mixin.py:188} INFO - [2026-05-14T14:07:56.774+0000] {dag.py:3954} INFO - Setting next_dagrun for produce_json to None, run_after=None
[2026-05-14T14:07:56.806+0000] {processor.py:183} INFO - Processing /opt/airflow/dags/main.py took 0.227 seconds
[2026-05-14T14:08:26.999+0000] {processor.py:161} INFO - Started process (PID=2058) to work on /opt/airflow/dags/main.py
[2026-05-14T14:08:27.002+0000] {processor.py:830} INFO - Processing file /opt/airflow/dags/main.py for tasks to queue
[2026-05-14T14:08:27.011+0000] {logging_mixin.py:188} INFO - [2026-05-14T14:08:27.010+0000] {dagbag.py:545} INFO - Filling up the DagBag from /opt/airflow/dags/main.py
[2026-05-14T14:08:27.143+0000] {processor.py:840} INFO - DAG(s) 'produce_json' retrieved from /opt/airflow/dags/main.py
[2026-05-14T14:08:27.186+0000] {logging_mixin.py:188} INFO - [2026-05-14T14:08:27.185+0000] {dag.py:3096} INFO - Sync 1 DAGs
[2026-05-14T14:08:27.209+0000] {logging_mixin.py:188} INFO - [2026-05-14T14:08:27.209+0000] {dag.py:3954} INFO - Setting next_dagrun for produce_json to None, run_after=None
[2026-05-14T14:08:27.251+0000] {processor.py:183} INFO - Processing /opt/airflow/dags/main.py took 0.266 seconds
[2026-05-14T14:08:57.704+0000] {processor.py:161} INFO - Started process (PID=2065) to work on /opt/airflow/dags/main.py
[2026-05-14T14:08:57.706+0000] {processor.py:830} INFO - Processing file /opt/airflow/dags/main.py for tasks to queue
[2026-05-14T14:08:57.710+0000] {logging_mixin.py:188} INFO - [2026-05-14T14:08:57.709+0000] {dagbag.py:545} INFO - Filling up the DagBag from /opt/airflow/dags/main.py
[2026-05-14T14:08:57.874+0000] {processor.py:840} INFO - DAG(s) 'produce_json' retrieved from /opt/airflow/dags/main.py
[2026-05-14T14:08:57.939+0000] {logging_mixin.py:188} INFO - [2026-05-14T14:08:57.939+0000] {dag.py:3096} INFO - Sync 1 DAGs
[2026-05-14T14:08:57.964+0000] {logging_mixin.py:188} INFO - [2026-05-14T14:08:57.964+0000] {dag.py:3954} INFO - Setting next_dagrun for produce_json to None, run_after=None
[2026-05-14T14:08:58.025+0000] {processor.py:183} INFO - Processing /opt/airflow/dags/main.py took 0.332 seconds
[2026-05-14T14:09:28.502+0000] {processor.py:161} INFO - Started process (PID=2072) to work on /opt/airflow/dags/main.py
[2026-05-14T14:09:28.506+0000] {processor.py:830} INFO - Processing file /opt/airflow/dags/main.py for tasks to queue
[2026-05-14T14:09:28.514+0000] {logging_mixin.py:188} INFO - [2026-05-14T14:09:28.513+0000] {dagbag.py:545} INFO - Filling up the DagBag from /opt/airflow/dags/main.py
[2026-05-14T14:09:28.663+0000] {processor.py:840} INFO - DAG(s) 'produce_json' retrieved from /opt/airflow/dags/main.py
[2026-05-14T14:09:28.720+0000] {logging_mixin.py:188} INFO - [2026-05-14T14:09:28.719+0000] {dag.py:3096} INFO - Sync 1 DAGs
[2026-05-14T14:09:28.758+0000] {logging_mixin.py:188} INFO - [2026-05-14T14:09:28.757+0000] {dag.py:3954} INFO - Setting next_dagrun for produce_json to None, run_after=None
[2026-05-14T14:09:28.805+0000] {processor.py:183} INFO - Processing /opt/airflow/dags/main.py took 0.330 seconds
[2026-05-14T14:09:59.149+0000] {processor.py:161} INFO - Started process (PID=2079) to work on /opt/airflow/dags/main.py
[2026-05-14T14:09:59.152+0000] {processor.py:830} INFO - Processing file /opt/airflow/dags/main.py for tasks to queue
[2026-05-14T14:09:59.156+0000] {logging_mixin.py:188} INFO - [2026-05-14T14:09:59.156+0000] {dagbag.py:545} INFO - Filling up the DagBag from /opt/airflow/dags/main.py
[2026-05-14T14:09:59.315+0000] {processor.py:840} INFO - DAG(s) 'produce_json' retrieved from /opt/airflow/dags/main.py
[2026-05-14T14:09:59.380+0000] {logging_mixin.py:188} INFO - [2026-05-14T14:09:59.380+0000] {dag.py:3096} INFO - Sync 1 DAGs
[2026-05-14T14:09:59.414+0000] {logging_mixin.py:188} INFO - [2026-05-14T14:09:59.414+0000] {dag.py:3954} INFO - Setting next_dagrun for produce_json to None, run_after=None
[2026-05-14T14:09:59.504+0000] {processor.py:183} INFO - Processing /opt/airflow/dags/main.py took 0.368 seconds
[2026-05-14T14:10:29.909+0000] {processor.py:161} INFO - Started process (PID=2085) to work on /opt/airflow/dags/main.py
[2026-05-14T14:10:29.911+0000] {processor.py:830} INFO - Processing file /opt/airflow/dags/main.py for tasks to queue
[2026-05-14T14:10:29.916+0000] {logging_mixin.py:188} INFO - [2026-05-14T14:10:29.916+0000] {dagbag.py:545} INFO - Filling up the DagBag from /opt/airflow/dags/main.py
[2026-05-14T14:10:29.995+0000] {processor.py:840} INFO - DAG(s) 'produce_json' retrieved from /opt/airflow/dags/main.py
[2026-05-14T14:10:30.070+0000] {logging_mixin.py:188} INFO - [2026-05-14T14:10:30.070+0000] {dag.py:3096} INFO - Sync 1 DAGs
[2026-05-14T14:10:30.096+0000] {logging_mixin.py:188} INFO - [2026-05-14T14:10:30.096+0000] {dag.py:3954} INFO - Setting next_dagrun for produce_json to None, run_after=None
[2026-05-14T14:10:30.142+0000] {processor.py:183} INFO - Processing /opt/airflow/dags/main.py took 0.248 seconds
[2026-05-14T14:11:00.411+0000] {processor.py:161} INFO - Started process (PID=2091) to work on /opt/airflow/dags/main.py
[2026-05-14T14:11:00.414+0000] {processor.py:830} INFO - Processing file /opt/airflow/dags/main.py for tasks to queue
[2026-05-14T14:11:00.419+0000] {logging_mixin.py:188} INFO - [2026-05-14T14:11:00.418+0000] {dagbag.py:545} INFO - Filling up the DagBag from /opt/airflow/dags/main.py
[2026-05-14T14:11:00.548+0000] {processor.py:840} INFO - DAG(s) 'produce_json' retrieved from /opt/airflow/dags/main.py
[2026-05-14T14:11:00.594+0000] {logging_mixin.py:188} INFO - [2026-05-14T14:11:00.594+0000] {dag.py:3096} INFO - Sync 1 DAGs
[2026-05-14T14:11:00.618+0000] {logging_mixin.py:188} INFO - [2026-05-14T14:11:00.617+0000] {dag.py:3954} INFO - Setting next_dagrun for produce_json to None, run_after=None
[2026-05-14T14:11:00.688+0000] {processor.py:183} INFO - Processing /opt/airflow/dags/main.py took 0.296 seconds
[2026-05-14T14:11:30.846+0000] {processor.py:161} INFO - Started process (PID=2099) to work on /opt/airflow/dags/main.py
[2026-05-14T14:11:30.848+0000] {processor.py:830} INFO - Processing file /opt/airflow/dags/main.py for tasks to queue
[2026-05-14T14:11:30.851+0000] {logging_mixin.py:188} INFO - [2026-05-14T14:11:30.850+0000] {dagbag.py:545} INFO - Filling up the DagBag from /opt/airflow/dags/main.py
[2026-05-14T14:11:30.933+0000] {processor.py:840} INFO - DAG(s) 'produce_json' retrieved from /opt/airflow/dags/main.py
[2026-05-14T14:11:30.979+0000] {logging_mixin.py:188} INFO - [2026-05-14T14:11:30.978+0000] {dag.py:3096} INFO - Sync 1 DAGs
[2026-05-14T14:11:31.005+0000] {logging_mixin.py:188} INFO - [2026-05-14T14:11:31.004+0000] {dag.py:3954} INFO - Setting next_dagrun for produce_json to None, run_after=None
[2026-05-14T14:11:31.070+0000] {processor.py:183} INFO - Processing /opt/airflow/dags/main.py took 0.235 seconds
[2026-05-14T14:12:01.513+0000] {processor.py:161} INFO - Started process (PID=2106) to work on /opt/airflow/dags/main.py
[2026-05-14T14:12:01.515+0000] {processor.py:830} INFO - Processing file /opt/airflow/dags/main.py for tasks to queue
[2026-05-14T14:12:01.519+0000] {logging_mixin.py:188} INFO - [2026-05-14T14:12:01.519+0000] {dagbag.py:545} INFO - Filling up the DagBag from /opt/airflow/dags/main.py
[2026-05-14T14:12:01.670+0000] {processor.py:840} INFO - DAG(s) 'produce_json' retrieved from /opt/airflow/dags/main.py
[2026-05-14T14:12:01.730+0000] {logging_mixin.py:188} INFO - [2026-05-14T14:12:01.729+0000] {dag.py:3096} INFO - Sync 1 DAGs
[2026-05-14T14:12:01.761+0000] {logging_mixin.py:188} INFO - [2026-05-14T14:12:01.761+0000] {dag.py:3954} INFO - Setting next_dagrun for produce_json to None, run_after=None
[2026-05-14T14:12:01.794+0000] {processor.py:183} INFO - Processing /opt/airflow/dags/main.py took 0.290 seconds
[2026-05-14T14:12:31.978+0000] {processor.py:161} INFO - Started process (PID=2114) to work on /opt/airflow/dags/main.py
[2026-05-14T14:12:31.980+0000] {processor.py:830} INFO - Processing file /opt/airflow/dags/main.py for tasks to queue
[2026-05-14T14:12:31.985+0000] {logging_mixin.py:188} INFO - [2026-05-14T14:12:31.984+0000] {dagbag.py:545} INFO - Filling up the DagBag from /opt/airflow/dags/main.py
[2026-05-14T14:12:32.159+0000] {processor.py:840} INFO - DAG(s) 'produce_json' retrieved from /opt/airflow/dags/main.py
[2026-05-14T14:12:32.213+0000] {logging_mixin.py:188} INFO - [2026-05-14T14:12:32.213+0000] {dag.py:3096} INFO - Sync 1 DAGs
[2026-05-14T14:12:32.243+0000] {logging_mixin.py:188} INFO - [2026-05-14T14:12:32.243+0000] {dag.py:3954} INFO - Setting next_dagrun for produce_json to None, run_after=None
[2026-05-14T14:12:32.273+0000] {processor.py:183} INFO - Processing /opt/airflow/dags/main.py took 0.307 seconds
[2026-05-14T14:13:02.606+0000] {processor.py:161} INFO - Started process (PID=2122) to work on /opt/airflow/dags/main.py
[2026-05-14T14:13:02.612+0000] {processor.py:830} INFO - Processing file /opt/airflow/dags/main.py for tasks to queue
[2026-05-14T14:13:02.619+0000] {logging_mixin.py:188} INFO - [2026-05-14T14:13:02.618+0000] {dagbag.py:545} INFO - Filling up the DagBag from /opt/airflow/dags/main.py
[2026-05-14T14:13:02.753+0000] {processor.py:840} INFO - DAG(s) 'produce_json' retrieved from /opt/airflow/dags/main.py
[2026-05-14T14:13:02.796+0000] {logging_mixin.py:188} INFO - [2026-05-14T14:13:02.795+0000] {dag.py:3096} INFO - Sync 1 DAGs
[2026-05-14T14:13:02.820+0000] {logging_mixin.py:188} INFO - [2026-05-14T14:13:02.820+0000] {dag.py:3954} INFO - Setting next_dagrun for produce_json to None, run_after=None
[2026-05-14T14:13:02.865+0000] {processor.py:183} INFO - Processing /opt/airflow/dags/main.py took 0.276 seconds
[2026-05-14T14:13:33.301+0000] {processor.py:161} INFO - Started process (PID=2129) to work on /opt/airflow/dags/main.py
[2026-05-14T14:13:33.303+0000] {processor.py:830} INFO - Processing file /opt/airflow/dags/main.py for tasks to queue
[2026-05-14T14:13:33.307+0000] {logging_mixin.py:188} INFO - [2026-05-14T14:13:33.306+0000] {dagbag.py:545} INFO - Filling up the DagBag from /opt/airflow/dags/main.py
[2026-05-14T14:13:33.392+0000] {processor.py:840} INFO - DAG(s) 'produce_json' retrieved from /opt/airflow/dags/main.py
[2026-05-14T14:13:33.428+0000] {logging_mixin.py:188} INFO - [2026-05-14T14:13:33.428+0000] {dag.py:3096} INFO - Sync 1 DAGs
[2026-05-14T14:13:33.452+0000] {logging_mixin.py:188} INFO - [2026-05-14T14:13:33.452+0000] {dag.py:3954} INFO - Setting next_dagrun for produce_json to None, run_after=None
[2026-05-14T14:13:33.490+0000] {processor.py:183} INFO - Processing /opt/airflow/dags/main.py took 0.202 seconds
[2026-05-14T14:14:04.279+0000] {processor.py:161} INFO - Started process (PID=2136) to work on /opt/airflow/dags/main.py
[2026-05-14T14:14:04.288+0000] {processor.py:830} INFO - Processing file /opt/airflow/dags/main.py for tasks to queue
[2026-05-14T14:14:04.294+0000] {logging_mixin.py:188} INFO - [2026-05-14T14:14:04.293+0000] {dagbag.py:545} INFO - Filling up the DagBag from /opt/airflow/dags/main.py
[2026-05-14T14:14:04.471+0000] {processor.py:840} INFO - DAG(s) 'produce_json' retrieved from /opt/airflow/dags/main.py
[2026-05-14T14:14:04.568+0000] {logging_mixin.py:188} INFO - [2026-05-14T14:14:04.567+0000] {dag.py:3096} INFO - Sync 1 DAGs
[2026-05-14T14:14:04.652+0000] {logging_mixin.py:188} INFO - [2026-05-14T14:14:04.651+0000] {dag.py:3954} INFO - Setting next_dagrun for produce_json to None, run_after=None
[2026-05-14T14:14:04.744+0000] {processor.py:183} INFO - Processing /opt/airflow/dags/main.py took 0.487 seconds
[2026-05-14T14:14:35.004+0000] {processor.py:161} INFO - Started process (PID=2143) to work on /opt/airflow/dags/main.py
[2026-05-14T14:14:35.008+0000] {processor.py:830} INFO - Processing file /opt/airflow/dags/main.py for tasks to queue
[2026-05-14T14:14:35.021+0000] {logging_mixin.py:188} INFO - [2026-05-14T14:14:35.012+0000] {dagbag.py:545} INFO - Filling up the DagBag from /opt/airflow/dags/main.py
[2026-05-14T14:14:35.279+0000] {processor.py:840} INFO - DAG(s) 'produce_json' retrieved from /opt/airflow/dags/main.py
[2026-05-14T14:14:35.450+0000] {logging_mixin.py:188} INFO - [2026-05-14T14:14:35.449+0000] {dag.py:3096} INFO - Sync 1 DAGs
[2026-05-14T14:14:35.534+0000] {logging_mixin.py:188} INFO - [2026-05-14T14:14:35.533+0000] {dag.py:3954} INFO - Setting next_dagrun for produce_json to None, run_after=None
[2026-05-14T14:14:35.664+0000] {processor.py:183} INFO - Processing /opt/airflow/dags/main.py took 0.728 seconds
[2026-05-14T14:15:06.117+0000] {processor.py:161} INFO - Started process (PID=2150) to work on /opt/airflow/dags/main.py
[2026-05-14T14:15:06.120+0000] {processor.py:830} INFO - Processing file /opt/airflow/dags/main.py for tasks to queue
[2026-05-14T14:15:06.123+0000] {logging_mixin.py:188} INFO - [2026-05-14T14:15:06.123+0000] {dagbag.py:545} INFO - Filling up the DagBag from /opt/airflow/dags/main.py
[2026-05-14T14:15:06.225+0000] {processor.py:840} INFO - DAG(s) 'produce_json' retrieved from /opt/airflow/dags/main.py
[2026-05-14T14:15:06.273+0000] {logging_mixin.py:188} INFO - [2026-05-14T14:15:06.273+0000] {dag.py:3096} INFO - Sync 1 DAGs
[2026-05-14T14:15:06.308+0000] {logging_mixin.py:188} INFO - [2026-05-14T14:15:06.308+0000] {dag.py:3954} INFO - Setting next_dagrun for produce_json to None, run_after=None
[2026-05-14T14:15:06.357+0000] {processor.py:183} INFO - Processing /opt/airflow/dags/main.py took 0.257 seconds
[2026-05-14T14:15:36.615+0000] {processor.py:161} INFO - Started process (PID=2158) to work on /opt/airflow/dags/main.py
[2026-05-14T14:15:36.618+0000] {processor.py:830} INFO - Processing file /opt/airflow/dags/main.py for tasks to queue
[2026-05-14T14:15:36.621+0000] {logging_mixin.py:188} INFO - [2026-05-14T14:15:36.621+0000] {dagbag.py:545} INFO - Filling up the DagBag from /opt/airflow/dags/main.py
[2026-05-14T14:15:36.744+0000] {processor.py:840} INFO - DAG(s) 'produce_json' retrieved from /opt/airflow/dags/main.py
[2026-05-14T14:15:36.781+0000] {logging_mixin.py:188} INFO - [2026-05-14T14:15:36.781+0000] {dag.py:3096} INFO - Sync 1 DAGs
[2026-05-14T14:15:36.801+0000] {logging_mixin.py:188} INFO - [2026-05-14T14:15:36.801+0000] {dag.py:3954} INFO - Setting next_dagrun for produce_json to None, run_after=None
[2026-05-14T14:15:36.844+0000] {processor.py:183} INFO - Processing /opt/airflow/dags/main.py took 0.242 seconds
[2026-05-14T14:16:07.118+0000] {processor.py:161} INFO - Started process (PID=2165) to work on /opt/airflow/dags/main.py
[2026-05-14T14:16:07.122+0000] {processor.py:830} INFO - Processing file /opt/airflow/dags/main.py for tasks to queue
[2026-05-14T14:16:07.127+0000] {logging_mixin.py:188} INFO - [2026-05-14T14:16:07.127+0000] {dagbag.py:545} INFO - Filling up the DagBag from /opt/airflow/dags/main.py
[2026-05-14T14:16:07.265+0000] {processor.py:840} INFO - DAG(s) 'produce_json' retrieved from /opt/airflow/dags/main.py
[2026-05-14T14:16:07.321+0000] {logging_mixin.py:188} INFO - [2026-05-14T14:16:07.320+0000] {dag.py:3096} INFO - Sync 1 DAGs
[2026-05-14T14:16:07.364+0000] {logging_mixin.py:188} INFO - [2026-05-14T14:16:07.360+0000] {dag.py:3954} INFO - Setting next_dagrun for produce_json to None, run_after=None
[2026-05-14T14:16:07.403+0000] {processor.py:183} INFO - Processing /opt/airflow/dags/main.py took 0.302 seconds
[2026-05-14T14:16:37.840+0000] {processor.py:161} INFO - Started process (PID=2172) to work on /opt/airflow/dags/main.py
[2026-05-14T14:16:37.842+0000] {processor.py:830} INFO - Processing file /opt/airflow/dags/main.py for tasks to queue
[2026-05-14T14:16:37.845+0000] {logging_mixin.py:188} INFO - [2026-05-14T14:16:37.845+0000] {dagbag.py:545} INFO - Filling up the DagBag from /opt/airflow/dags/main.py
[2026-05-14T14:16:37.942+0000] {processor.py:840} INFO - DAG(s) 'produce_json' retrieved from /opt/airflow/dags/main.py
[2026-05-14T14:16:37.976+0000] {logging_mixin.py:188} INFO - [2026-05-14T14:16:37.976+0000] {dag.py:3096} INFO - Sync 1 DAGs
[2026-05-14T14:16:37.998+0000] {logging_mixin.py:188} INFO - [2026-05-14T14:16:37.998+0000] {dag.py:3954} INFO - Setting next_dagrun for produce_json to None, run_after=None
[2026-05-14T14:16:38.033+0000] {processor.py:183} INFO - Processing /opt/airflow/dags/main.py took 0.205 seconds
[2026-05-14T14:17:08.349+0000] {processor.py:161} INFO - Started process (PID=2179) to work on /opt/airflow/dags/main.py
[2026-05-14T14:17:08.352+0000] {processor.py:830} INFO - Processing file /opt/airflow/dags/main.py for tasks to queue
[2026-05-14T14:17:08.356+0000] {logging_mixin.py:188} INFO - [2026-05-14T14:17:08.355+0000] {dagbag.py:545} INFO - Filling up the DagBag from /opt/airflow/dags/main.py
[2026-05-14T14:17:08.463+0000] {processor.py:840} INFO - DAG(s) 'produce_json' retrieved from /opt/airflow/dags/main.py
[2026-05-14T14:17:08.505+0000] {logging_mixin.py:188} INFO - [2026-05-14T14:17:08.504+0000] {dag.py:3096} INFO - Sync 1 DAGs
[2026-05-14T14:17:08.526+0000] {logging_mixin.py:188} INFO - [2026-05-14T14:17:08.526+0000] {dag.py:3954} INFO - Setting next_dagrun for produce_json to None, run_after=None
[2026-05-14T14:17:08.572+0000] {processor.py:183} INFO - Processing /opt/airflow/dags/main.py took 0.239 seconds
[2026-05-14T14:17:39.081+0000] {processor.py:161} INFO - Started process (PID=2186) to work on /opt/airflow/dags/main.py
[2026-05-14T14:17:39.083+0000] {processor.py:830} INFO - Processing file /opt/airflow/dags/main.py for tasks to queue
[2026-05-14T14:17:39.086+0000] {logging_mixin.py:188} INFO - [2026-05-14T14:17:39.085+0000] {dagbag.py:545} INFO - Filling up the DagBag from /opt/airflow/dags/main.py
[2026-05-14T14:17:39.228+0000] {processor.py:840} INFO - DAG(s) 'produce_json' retrieved from /opt/airflow/dags/main.py
[2026-05-14T14:17:39.347+0000] {logging_mixin.py:188} INFO - [2026-05-14T14:17:39.347+0000] {dag.py:3096} INFO - Sync 1 DAGs
[2026-05-14T14:17:39.383+0000] {logging_mixin.py:188} INFO - [2026-05-14T14:17:39.383+0000] {dag.py:3954} INFO - Setting next_dagrun for produce_json to None, run_after=None
[2026-05-14T14:17:39.422+0000] {processor.py:183} INFO - Processing /opt/airflow/dags/main.py took 0.356 seconds
[2026-05-14T14:18:09.585+0000] {processor.py:161} INFO - Started process (PID=2193) to work on /opt/airflow/dags/main.py
[2026-05-14T14:18:09.587+0000] {processor.py:830} INFO - Processing file /opt/airflow/dags/main.py for tasks to queue
[2026-05-14T14:18:09.592+0000] {logging_mixin.py:188} INFO - [2026-05-14T14:18:09.590+0000] {dagbag.py:545} INFO - Filling up the DagBag from /opt/airflow/dags/main.py
[2026-05-14T14:18:09.723+0000] {processor.py:840} INFO - DAG(s) 'produce_json' retrieved from /opt/airflow/dags/main.py
[2026-05-14T14:18:09.789+0000] {logging_mixin.py:188} INFO - [2026-05-14T14:18:09.789+0000] {dag.py:3096} INFO - Sync 1 DAGs
[2026-05-14T14:18:09.825+0000] {logging_mixin.py:188} INFO - [2026-05-14T14:18:09.824+0000] {dag.py:3954} INFO - Setting next_dagrun for produce_json to None, run_after=None
[2026-05-14T14:18:09.914+0000] {processor.py:183} INFO - Processing /opt/airflow/dags/main.py took 0.339 seconds
[2026-05-14T14:18:40.540+0000] {processor.py:161} INFO - Started process (PID=2200) to work on /opt/airflow/dags/main.py
[2026-05-14T14:18:40.542+0000] {processor.py:830} INFO - Processing file /opt/airflow/dags/main.py for tasks to queue
[2026-05-14T14:18:40.547+0000] {logging_mixin.py:188} INFO - [2026-05-14T14:18:40.547+0000] {dagbag.py:545} INFO - Filling up the DagBag from /opt/airflow/dags/main.py
[2026-05-14T14:18:40.664+0000] {processor.py:840} INFO - DAG(s) 'produce_json' retrieved from /opt/airflow/dags/main.py
[2026-05-14T14:18:40.710+0000] {logging_mixin.py:188} INFO - [2026-05-14T14:18:40.709+0000] {dag.py:3096} INFO - Sync 1 DAGs
[2026-05-14T14:18:40.737+0000] {logging_mixin.py:188} INFO - [2026-05-14T14:18:40.737+0000] {dag.py:3954} INFO - Setting next_dagrun for produce_json to None, run_after=None
[2026-05-14T14:18:40.783+0000] {processor.py:183} INFO - Processing /opt/airflow/dags/main.py took 0.261 seconds
[2026-05-14T14:19:11.068+0000] {processor.py:161} INFO - Started process (PID=2207) to work on /opt/airflow/dags/main.py
[2026-05-14T14:19:11.070+0000] {processor.py:830} INFO - Processing file /opt/airflow/dags/main.py for tasks to queue
[2026-05-14T14:19:11.073+0000] {logging_mixin.py:188} INFO - [2026-05-14T14:19:11.073+0000] {dagbag.py:545} INFO - Filling up the DagBag from /opt/airflow/dags/main.py
[2026-05-14T14:19:11.167+0000] {processor.py:840} INFO - DAG(s) 'produce_json' retrieved from /opt/airflow/dags/main.py
[2026-05-14T14:19:11.214+0000] {logging_mixin.py:188} INFO - [2026-05-14T14:19:11.213+0000] {dag.py:3096} INFO - Sync 1 DAGs
[2026-05-14T14:19:11.244+0000] {logging_mixin.py:188} INFO - [2026-05-14T14:19:11.244+0000] {dag.py:3954} INFO - Setting next_dagrun for produce_json to None, run_after=None
[2026-05-14T14:19:11.291+0000] {processor.py:183} INFO - Processing /opt/airflow/dags/main.py took 0.237 seconds
[2026-05-14T14:19:41.641+0000] {processor.py:161} INFO - Started process (PID=2214) to work on /opt/airflow/dags/main.py
[2026-05-14T14:19:41.644+0000] {processor.py:830} INFO - Processing file /opt/airflow/dags/main.py for tasks to queue
[2026-05-14T14:19:41.648+0000] {logging_mixin.py:188} INFO - [2026-05-14T14:19:41.648+0000] {dagbag.py:545} INFO - Filling up the DagBag from /opt/airflow/dags/main.py
[2026-05-14T14:19:41.743+0000] {processor.py:840} INFO - DAG(s) 'produce_json' retrieved from /opt/airflow/dags/main.py
[2026-05-14T14:19:41.786+0000] {logging_mixin.py:188} INFO - [2026-05-14T14:19:41.785+0000] {dag.py:3096} INFO - Sync 1 DAGs
[2026-05-14T14:19:41.808+0000] {logging_mixin.py:188} INFO - [2026-05-14T14:19:41.807+0000] {dag.py:3954} INFO - Setting next_dagrun for produce_json to None, run_after=None
[2026-05-14T14:19:41.848+0000] {processor.py:183} INFO - Processing /opt/airflow/dags/main.py took 0.221 seconds
[2026-05-14T14:20:12.094+0000] {processor.py:161} INFO - Started process (PID=2221) to work on /opt/airflow/dags/main.py
[2026-05-14T14:20:12.096+0000] {processor.py:830} INFO - Processing file /opt/airflow/dags/main.py for tasks to queue
[2026-05-14T14:20:12.102+0000] {logging_mixin.py:188} INFO - [2026-05-14T14:20:12.102+0000] {dagbag.py:545} INFO - Filling up the DagBag from /opt/airflow/dags/main.py
[2026-05-14T14:20:12.191+0000] {processor.py:840} INFO - DAG(s) 'produce_json' retrieved from /opt/airflow/dags/main.py
[2026-05-14T14:20:12.252+0000] {logging_mixin.py:188} INFO - [2026-05-14T14:20:12.251+0000] {dag.py:3096} INFO - Sync 1 DAGs
[2026-05-14T14:20:12.297+0000] {logging_mixin.py:188} INFO - [2026-05-14T14:20:12.296+0000] {dag.py:3954} INFO - Setting next_dagrun for produce_json to None, run_after=None
[2026-05-14T14:20:12.355+0000] {processor.py:183} INFO - Processing /opt/airflow/dags/main.py took 0.276 seconds
[2026-05-14T14:20:42.668+0000] {processor.py:161} INFO - Started process (PID=2228) to work on /opt/airflow/dags/main.py
[2026-05-14T14:20:42.670+0000] {processor.py:830} INFO - Processing file /opt/airflow/dags/main.py for tasks to queue
[2026-05-14T14:20:42.676+0000] {logging_mixin.py:188} INFO - [2026-05-14T14:20:42.676+0000] {dagbag.py:545} INFO - Filling up the DagBag from /opt/airflow/dags/main.py
[2026-05-14T14:20:42.768+0000] {processor.py:840} INFO - DAG(s) 'produce_json' retrieved from /opt/airflow/dags/main.py
[2026-05-14T14:20:42.802+0000] {logging_mixin.py:188} INFO - [2026-05-14T14:20:42.801+0000] {dag.py:3096} INFO - Sync 1 DAGs
[2026-05-14T14:20:42.821+0000] {logging_mixin.py:188} INFO - [2026-05-14T14:20:42.821+0000] {dag.py:3954} INFO - Setting next_dagrun for produce_json to None, run_after=None
[2026-05-14T14:20:42.858+0000] {processor.py:183} INFO - Processing /opt/airflow/dags/main.py took 0.201 seconds
[2026-05-14T14:21:13.136+0000] {processor.py:161} INFO - Started process (PID=2235) to work on /opt/airflow/dags/main.py
[2026-05-14T14:21:13.138+0000] {processor.py:830} INFO - Processing file /opt/airflow/dags/main.py for tasks to queue
[2026-05-14T14:21:13.143+0000] {logging_mixin.py:188} INFO - [2026-05-14T14:21:13.143+0000] {dagbag.py:545} INFO - Filling up the DagBag from /opt/airflow/dags/main.py
[2026-05-14T14:21:13.263+0000] {processor.py:840} INFO - DAG(s) 'produce_json' retrieved from /opt/airflow/dags/main.py
[2026-05-14T14:21:13.296+0000] {logging_mixin.py:188} INFO - [2026-05-14T14:21:13.295+0000] {dag.py:3096} INFO - Sync 1 DAGs
[2026-05-14T14:21:13.316+0000] {logging_mixin.py:188} INFO - [2026-05-14T14:21:13.316+0000] {dag.py:3954} INFO - Setting next_dagrun for produce_json to None, run_after=None
[2026-05-14T14:21:13.351+0000] {processor.py:183} INFO - Processing /opt/airflow/dags/main.py took 0.226 seconds
[2026-05-14T14:21:43.703+0000] {processor.py:161} INFO - Started process (PID=2242) to work on /opt/airflow/dags/main.py
[2026-05-14T14:21:43.706+0000] {processor.py:830} INFO - Processing file /opt/airflow/dags/main.py for tasks to queue
[2026-05-14T14:21:43.710+0000] {logging_mixin.py:188} INFO - [2026-05-14T14:21:43.710+0000] {dagbag.py:545} INFO - Filling up the DagBag from /opt/airflow/dags/main.py
[2026-05-14T14:21:43.824+0000] {processor.py:840} INFO - DAG(s) 'produce_json' retrieved from /opt/airflow/dags/main.py
[2026-05-14T14:21:43.860+0000] {logging_mixin.py:188} INFO - [2026-05-14T14:21:43.859+0000] {dag.py:3096} INFO - Sync 1 DAGs
[2026-05-14T14:21:43.881+0000] {logging_mixin.py:188} INFO - [2026-05-14T14:21:43.880+0000] {dag.py:3954} INFO - Setting next_dagrun for produce_json to None, run_after=None
[2026-05-14T14:21:43.921+0000] {processor.py:183} INFO - Processing /opt/airflow/dags/main.py took 0.234 seconds
[2026-05-14T14:22:14.123+0000] {processor.py:161} INFO - Started process (PID=2250) to work on /opt/airflow/dags/main.py
[2026-05-14T14:22:14.125+0000] {processor.py:830} INFO - Processing file /opt/airflow/dags/main.py for tasks to queue
[2026-05-14T14:22:14.128+0000] {logging_mixin.py:188} INFO - [2026-05-14T14:22:14.128+0000] {dagbag.py:545} INFO - Filling up the DagBag from /opt/airflow/dags/main.py
[2026-05-14T14:22:14.238+0000] {processor.py:840} INFO - DAG(s) 'produce_json' retrieved from /opt/airflow/dags/main.py
[2026-05-14T14:22:14.273+0000] {logging_mixin.py:188} INFO - [2026-05-14T14:22:14.273+0000] {dag.py:3096} INFO - Sync 1 DAGs
[2026-05-14T14:22:14.294+0000] {logging_mixin.py:188} INFO - [2026-05-14T14:22:14.294+0000] {dag.py:3954} INFO - Setting next_dagrun for produce_json to None, run_after=None
[2026-05-14T14:22:14.335+0000] {processor.py:183} INFO - Processing /opt/airflow/dags/main.py took 0.223 seconds
[2026-05-14T14:22:44.724+0000] {processor.py:161} INFO - Started process (PID=2257) to work on /opt/airflow/dags/main.py
[2026-05-14T14:22:44.726+0000] {processor.py:830} INFO - Processing file /opt/airflow/dags/main.py for tasks to queue
[2026-05-14T14:22:44.731+0000] {logging_mixin.py:188} INFO - [2026-05-14T14:22:44.731+0000] {dagbag.py:545} INFO - Filling up the DagBag from /opt/airflow/dags/main.py
[2026-05-14T14:22:44.832+0000] {processor.py:840} INFO - DAG(s) 'produce_json' retrieved from /opt/airflow/dags/main.py
[2026-05-14T14:22:44.865+0000] {logging_mixin.py:188} INFO - [2026-05-14T14:22:44.864+0000] {dag.py:3096} INFO - Sync 1 DAGs
[2026-05-14T14:22:44.883+0000] {logging_mixin.py:188} INFO - [2026-05-14T14:22:44.883+0000] {dag.py:3954} INFO - Setting next_dagrun for produce_json to None, run_after=None
[2026-05-14T14:22:44.916+0000] {processor.py:183} INFO - Processing /opt/airflow/dags/main.py took 0.206 seconds
[2026-05-14T14:23:15.118+0000] {processor.py:161} INFO - Started process (PID=2264) to work on /opt/airflow/dags/main.py
[2026-05-14T14:23:15.120+0000] {processor.py:830} INFO - Processing file /opt/airflow/dags/main.py for tasks to queue
[2026-05-14T14:23:15.125+0000] {logging_mixin.py:188} INFO - [2026-05-14T14:23:15.124+0000] {dagbag.py:545} INFO - Filling up the DagBag from /opt/airflow/dags/main.py
[2026-05-14T14:23:15.240+0000] {processor.py:840} INFO - DAG(s) 'produce_json' retrieved from /opt/airflow/dags/main.py
[2026-05-14T14:23:15.276+0000] {logging_mixin.py:188} INFO - [2026-05-14T14:23:15.275+0000] {dag.py:3096} INFO - Sync 1 DAGs
[2026-05-14T14:23:15.293+0000] {logging_mixin.py:188} INFO - [2026-05-14T14:23:15.293+0000] {dag.py:3954} INFO - Setting next_dagrun for produce_json to None, run_after=None
[2026-05-14T14:23:15.334+0000] {processor.py:183} INFO - Processing /opt/airflow/dags/main.py took 0.232 seconds
[2026-05-14T14:23:45.934+0000] {processor.py:161} INFO - Started process (PID=2272) to work on /opt/airflow/dags/main.py
[2026-05-14T14:23:45.936+0000] {processor.py:830} INFO - Processing file /opt/airflow/dags/main.py for tasks to queue
[2026-05-14T14:23:45.940+0000] {logging_mixin.py:188} INFO - [2026-05-14T14:23:45.939+0000] {dagbag.py:545} INFO - Filling up the DagBag from /opt/airflow/dags/main.py
[2026-05-14T14:23:46.048+0000] {processor.py:840} INFO - DAG(s) 'produce_json' retrieved from /opt/airflow/dags/main.py
[2026-05-14T14:23:46.083+0000] {logging_mixin.py:188} INFO - [2026-05-14T14:23:46.082+0000] {dag.py:3096} INFO - Sync 1 DAGs
[2026-05-14T14:23:46.100+0000] {logging_mixin.py:188} INFO - [2026-05-14T14:23:46.100+0000] {dag.py:3954} INFO - Setting next_dagrun for produce_json to None, run_after=None
[2026-05-14T14:23:46.137+0000] {processor.py:183} INFO - Processing /opt/airflow/dags/main.py took 0.213 seconds
[2026-05-14T14:24:16.371+0000] {processor.py:161} INFO - Started process (PID=2279) to work on /opt/airflow/dags/main.py
[2026-05-14T14:24:16.381+0000] {processor.py:830} INFO - Processing file /opt/airflow/dags/main.py for tasks to queue
[2026-05-14T14:24:16.387+0000] {logging_mixin.py:188} INFO - [2026-05-14T14:24:16.386+0000] {dagbag.py:545} INFO - Filling up the DagBag from /opt/airflow/dags/main.py
[2026-05-14T14:24:16.532+0000] {processor.py:840} INFO - DAG(s) 'produce_json' retrieved from /opt/airflow/dags/main.py
[2026-05-14T14:24:16.625+0000] {logging_mixin.py:188} INFO - [2026-05-14T14:24:16.624+0000] {dag.py:3096} INFO - Sync 1 DAGs
[2026-05-14T14:24:16.662+0000] {logging_mixin.py:188} INFO - [2026-05-14T14:24:16.661+0000] {dag.py:3954} INFO - Setting next_dagrun for produce_json to None, run_after=None
[2026-05-14T14:24:16.725+0000] {processor.py:183} INFO - Processing /opt/airflow/dags/main.py took 0.381 seconds
[2026-05-14T14:24:47.083+0000] {processor.py:161} INFO - Started process (PID=2285) to work on /opt/airflow/dags/main.py
[2026-05-14T14:24:47.086+0000] {processor.py:830} INFO - Processing file /opt/airflow/dags/main.py for tasks to queue
[2026-05-14T14:24:47.089+0000] {logging_mixin.py:188} INFO - [2026-05-14T14:24:47.089+0000] {dagbag.py:545} INFO - Filling up the DagBag from /opt/airflow/dags/main.py
[2026-05-14T14:24:47.187+0000] {processor.py:840} INFO - DAG(s) 'produce_json' retrieved from /opt/airflow/dags/main.py
[2026-05-14T14:24:47.233+0000] {logging_mixin.py:188} INFO - [2026-05-14T14:24:47.232+0000] {dag.py:3096} INFO - Sync 1 DAGs
[2026-05-14T14:24:47.261+0000] {logging_mixin.py:188} INFO - [2026-05-14T14:24:47.260+0000] {dag.py:3954} INFO - Setting next_dagrun for produce_json to None, run_after=None
[2026-05-14T14:24:47.301+0000] {processor.py:183} INFO - Processing /opt/airflow/dags/main.py took 0.230 seconds
[2026-05-14T14:25:17.731+0000] {processor.py:161} INFO - Started process (PID=2292) to work on /opt/airflow/dags/main.py
[2026-05-14T14:25:17.734+0000] {processor.py:830} INFO - Processing file /opt/airflow/dags/main.py for tasks to queue
[2026-05-14T14:25:17.738+0000] {logging_mixin.py:188} INFO - [2026-05-14T14:25:17.737+0000] {dagbag.py:545} INFO - Filling up the DagBag from /opt/airflow/dags/main.py
[2026-05-14T14:25:17.853+0000] {processor.py:840} INFO - DAG(s) 'produce_json' retrieved from /opt/airflow/dags/main.py
[2026-05-14T14:25:17.892+0000] {logging_mixin.py:188} INFO - [2026-05-14T14:25:17.891+0000] {dag.py:3096} INFO - Sync 1 DAGs
[2026-05-14T14:25:17.910+0000] {logging_mixin.py:188} INFO - [2026-05-14T14:25:17.910+0000] {dag.py:3954} INFO - Setting next_dagrun for produce_json to None, run_after=None
[2026-05-14T14:25:17.947+0000] {processor.py:183} INFO - Processing /opt/airflow/dags/main.py took 0.230 seconds
[2026-05-14T14:25:48.338+0000] {processor.py:161} INFO - Started process (PID=2299) to work on /opt/airflow/dags/main.py
[2026-05-14T14:25:48.340+0000] {processor.py:830} INFO - Processing file /opt/airflow/dags/main.py for tasks to queue
[2026-05-14T14:25:48.344+0000] {logging_mixin.py:188} INFO - [2026-05-14T14:25:48.343+0000] {dagbag.py:545} INFO - Filling up the DagBag from /opt/airflow/dags/main.py
[2026-05-14T14:25:48.509+0000] {processor.py:840} INFO - DAG(s) 'produce_json' retrieved from /opt/airflow/dags/main.py
[2026-05-14T14:25:48.554+0000] {logging_mixin.py:188} INFO - [2026-05-14T14:25:48.554+0000] {dag.py:3096} INFO - Sync 1 DAGs
[2026-05-14T14:25:48.573+0000] {logging_mixin.py:188} INFO - [2026-05-14T14:25:48.573+0000] {dag.py:3954} INFO - Setting next_dagrun for produce_json to None, run_after=None
[2026-05-14T14:25:48.619+0000] {processor.py:183} INFO - Processing /opt/airflow/dags/main.py took 0.292 seconds
[2026-05-14T14:26:18.947+0000] {processor.py:161} INFO - Started process (PID=2306) to work on /opt/airflow/dags/main.py
[2026-05-14T14:26:18.950+0000] {processor.py:830} INFO - Processing file /opt/airflow/dags/main.py for tasks to queue
[2026-05-14T14:26:18.955+0000] {logging_mixin.py:188} INFO - [2026-05-14T14:26:18.954+0000] {dagbag.py:545} INFO - Filling up the DagBag from /opt/airflow/dags/main.py
[2026-05-14T14:26:19.073+0000] {processor.py:840} INFO - DAG(s) 'produce_json' retrieved from /opt/airflow/dags/main.py
[2026-05-14T14:26:19.119+0000] {logging_mixin.py:188} INFO - [2026-05-14T14:26:19.116+0000] {dag.py:3096} INFO - Sync 1 DAGs
[2026-05-14T14:26:19.156+0000] {logging_mixin.py:188} INFO - [2026-05-14T14:26:19.156+0000] {dag.py:3954} INFO - Setting next_dagrun for produce_json to None, run_after=None
[2026-05-14T14:26:19.216+0000] {processor.py:183} INFO - Processing /opt/airflow/dags/main.py took 0.287 seconds
[2026-05-14T14:26:49.604+0000] {processor.py:161} INFO - Started process (PID=2313) to work on /opt/airflow/dags/main.py
[2026-05-14T14:26:49.606+0000] {processor.py:830} INFO - Processing file /opt/airflow/dags/main.py for tasks to queue
[2026-05-14T14:26:49.611+0000] {logging_mixin.py:188} INFO - [2026-05-14T14:26:49.611+0000] {dagbag.py:545} INFO - Filling up the DagBag from /opt/airflow/dags/main.py
[2026-05-14T14:26:49.697+0000] {processor.py:840} INFO - DAG(s) 'produce_json' retrieved from /opt/airflow/dags/main.py
[2026-05-14T14:26:49.732+0000] {logging_mixin.py:188} INFO - [2026-05-14T14:26:49.732+0000] {dag.py:3096} INFO - Sync 1 DAGs
[2026-05-14T14:26:49.751+0000] {logging_mixin.py:188} INFO - [2026-05-14T14:26:49.751+0000] {dag.py:3954} INFO - Setting next_dagrun for produce_json to None, run_after=None
[2026-05-14T14:26:49.799+0000] {processor.py:183} INFO - Processing /opt/airflow/dags/main.py took 0.206 seconds
[2026-05-14T14:27:20.164+0000] {processor.py:161} INFO - Started process (PID=2322) to work on /opt/airflow/dags/main.py
[2026-05-14T14:27:20.168+0000] {processor.py:830} INFO - Processing file /opt/airflow/dags/main.py for tasks to queue
[2026-05-14T14:27:20.173+0000] {logging_mixin.py:188} INFO - [2026-05-14T14:27:20.172+0000] {dagbag.py:545} INFO - Filling up the DagBag from /opt/airflow/dags/main.py
[2026-05-14T14:27:20.298+0000] {processor.py:840} INFO - DAG(s) 'produce_json' retrieved from /opt/airflow/dags/main.py
[2026-05-14T14:27:20.356+0000] {logging_mixin.py:188} INFO - [2026-05-14T14:27:20.355+0000] {dag.py:3096} INFO - Sync 1 DAGs
[2026-05-14T14:27:20.397+0000] {logging_mixin.py:188} INFO - [2026-05-14T14:27:20.396+0000] {dag.py:3954} INFO - Setting next_dagrun for produce_json to None, run_after=None
[2026-05-14T14:27:20.444+0000] {processor.py:183} INFO - Processing /opt/airflow/dags/main.py took 0.302 seconds
[2026-05-14T14:27:50.844+0000] {processor.py:161} INFO - Started process (PID=2329) to work on /opt/airflow/dags/main.py
[2026-05-14T14:27:50.845+0000] {processor.py:830} INFO - Processing file /opt/airflow/dags/main.py for tasks to queue
[2026-05-14T14:27:50.850+0000] {logging_mixin.py:188} INFO - [2026-05-14T14:27:50.849+0000] {dagbag.py:545} INFO - Filling up the DagBag from /opt/airflow/dags/main.py
[2026-05-14T14:27:51.013+0000] {processor.py:840} INFO - DAG(s) 'produce_json' retrieved from /opt/airflow/dags/main.py
[2026-05-14T14:27:51.050+0000] {logging_mixin.py:188} INFO - [2026-05-14T14:27:51.050+0000] {dag.py:3096} INFO - Sync 1 DAGs
[2026-05-14T14:27:51.075+0000] {logging_mixin.py:188} INFO - [2026-05-14T14:27:51.074+0000] {dag.py:3954} INFO - Setting next_dagrun for produce_json to None, run_after=None
[2026-05-14T14:27:51.112+0000] {processor.py:183} INFO - Processing /opt/airflow/dags/main.py took 0.287 seconds
[2026-05-14T14:28:21.414+0000] {processor.py:161} INFO - Started process (PID=2336) to work on /opt/airflow/dags/main.py
[2026-05-14T14:28:21.416+0000] {processor.py:830} INFO - Processing file /opt/airflow/dags/main.py for tasks to queue
[2026-05-14T14:28:21.420+0000] {logging_mixin.py:188} INFO - [2026-05-14T14:28:21.420+0000] {dagbag.py:545} INFO - Filling up the DagBag from /opt/airflow/dags/main.py
[2026-05-14T14:28:21.564+0000] {processor.py:840} INFO - DAG(s) 'produce_json' retrieved from /opt/airflow/dags/main.py
[2026-05-14T14:28:21.628+0000] {logging_mixin.py:188} INFO - [2026-05-14T14:28:21.627+0000] {dag.py:3096} INFO - Sync 1 DAGs
[2026-05-14T14:28:21.667+0000] {logging_mixin.py:188} INFO - [2026-05-14T14:28:21.666+0000] {dag.py:3954} INFO - Setting next_dagrun for produce_json to None, run_after=None
[2026-05-14T14:28:21.710+0000] {processor.py:183} INFO - Processing /opt/airflow/dags/main.py took 0.308 seconds
[2026-05-14T14:28:52.272+0000] {processor.py:161} INFO - Started process (PID=2349) to work on /opt/airflow/dags/main.py
[2026-05-14T14:28:52.274+0000] {processor.py:830} INFO - Processing file /opt/airflow/dags/main.py for tasks to queue
[2026-05-14T14:28:52.278+0000] {logging_mixin.py:188} INFO - [2026-05-14T14:28:52.277+0000] {dagbag.py:545} INFO - Filling up the DagBag from /opt/airflow/dags/main.py
[2026-05-14T14:28:52.361+0000] {processor.py:840} INFO - DAG(s) 'produce_json' retrieved from /opt/airflow/dags/main.py
[2026-05-14T14:28:52.397+0000] {logging_mixin.py:188} INFO - [2026-05-14T14:28:52.396+0000] {dag.py:3096} INFO - Sync 1 DAGs
[2026-05-14T14:28:52.417+0000] {logging_mixin.py:188} INFO - [2026-05-14T14:28:52.416+0000] {dag.py:3954} INFO - Setting next_dagrun for produce_json to None, run_after=None
[2026-05-14T14:28:52.455+0000] {processor.py:183} INFO - Processing /opt/airflow/dags/main.py took 0.196 seconds
[2026-05-14T14:29:22.958+0000] {processor.py:161} INFO - Started process (PID=2356) to work on /opt/airflow/dags/main.py
[2026-05-14T14:29:22.959+0000] {processor.py:830} INFO - Processing file /opt/airflow/dags/main.py for tasks to queue
[2026-05-14T14:29:22.964+0000] {logging_mixin.py:188} INFO - [2026-05-14T14:29:22.963+0000] {dagbag.py:545} INFO - Filling up the DagBag from /opt/airflow/dags/main.py
[2026-05-14T14:29:23.071+0000] {processor.py:840} INFO - DAG(s) 'produce_json' retrieved from /opt/airflow/dags/main.py
[2026-05-14T14:29:23.116+0000] {logging_mixin.py:188} INFO - [2026-05-14T14:29:23.116+0000] {dag.py:3096} INFO - Sync 1 DAGs
[2026-05-14T14:29:23.152+0000] {logging_mixin.py:188} INFO - [2026-05-14T14:29:23.151+0000] {dag.py:3954} INFO - Setting next_dagrun for produce_json to None, run_after=None
[2026-05-14T14:29:23.192+0000] {processor.py:183} INFO - Processing /opt/airflow/dags/main.py took 0.250 seconds
[2026-05-14T14:29:53.358+0000] {processor.py:161} INFO - Started process (PID=2363) to work on /opt/airflow/dags/main.py
[2026-05-14T14:29:53.360+0000] {processor.py:830} INFO - Processing file /opt/airflow/dags/main.py for tasks to queue
[2026-05-14T14:29:53.364+0000] {logging_mixin.py:188} INFO - [2026-05-14T14:29:53.364+0000] {dagbag.py:545} INFO - Filling up the DagBag from /opt/airflow/dags/main.py
[2026-05-14T14:29:53.454+0000] {processor.py:840} INFO - DAG(s) 'produce_json' retrieved from /opt/airflow/dags/main.py
[2026-05-14T14:29:53.497+0000] {logging_mixin.py:188} INFO - [2026-05-14T14:29:53.497+0000] {dag.py:3096} INFO - Sync 1 DAGs
[2026-05-14T14:29:53.519+0000] {logging_mixin.py:188} INFO - [2026-05-14T14:29:53.518+0000] {dag.py:3954} INFO - Setting next_dagrun for produce_json to None, run_after=None
[2026-05-14T14:29:53.553+0000] {processor.py:183} INFO - Processing /opt/airflow/dags/main.py took 0.206 seconds
[2026-05-14T14:30:23.751+0000] {processor.py:161} INFO - Started process (PID=2370) to work on /opt/airflow/dags/main.py
[2026-05-14T14:30:23.752+0000] {processor.py:830} INFO - Processing file /opt/airflow/dags/main.py for tasks to queue
[2026-05-14T14:30:23.757+0000] {logging_mixin.py:188} INFO - [2026-05-14T14:30:23.756+0000] {dagbag.py:545} INFO - Filling up the DagBag from /opt/airflow/dags/main.py
[2026-05-14T14:30:23.858+0000] {processor.py:840} INFO - DAG(s) 'produce_json' retrieved from /opt/airflow/dags/main.py
[2026-05-14T14:30:23.895+0000] {logging_mixin.py:188} INFO - [2026-05-14T14:30:23.894+0000] {dag.py:3096} INFO - Sync 1 DAGs
[2026-05-14T14:30:23.921+0000] {logging_mixin.py:188} INFO - [2026-05-14T14:30:23.920+0000] {dag.py:3954} INFO - Setting next_dagrun for produce_json to None, run_after=None
[2026-05-14T14:30:23.960+0000] {processor.py:183} INFO - Processing /opt/airflow/dags/main.py took 0.219 seconds
[2026-05-14T14:30:54.445+0000] {processor.py:161} INFO - Started process (PID=2377) to work on /opt/airflow/dags/main.py
[2026-05-14T14:30:54.446+0000] {processor.py:830} INFO - Processing file /opt/airflow/dags/main.py for tasks to queue
[2026-05-14T14:30:54.450+0000] {logging_mixin.py:188} INFO - [2026-05-14T14:30:54.450+0000] {dagbag.py:545} INFO - Filling up the DagBag from /opt/airflow/dags/main.py
[2026-05-14T14:30:54.545+0000] {processor.py:840} INFO - DAG(s) 'produce_json' retrieved from /opt/airflow/dags/main.py
[2026-05-14T14:30:54.580+0000] {logging_mixin.py:188} INFO - [2026-05-14T14:30:54.579+0000] {dag.py:3096} INFO - Sync 1 DAGs
[2026-05-14T14:30:54.600+0000] {logging_mixin.py:188} INFO - [2026-05-14T14:30:54.600+0000] {dag.py:3954} INFO - Setting next_dagrun for produce_json to None, run_after=None
[2026-05-14T14:30:54.638+0000] {processor.py:183} INFO - Processing /opt/airflow/dags/main.py took 0.203 seconds
[2026-05-14T14:31:24.977+0000] {processor.py:161} INFO - Started process (PID=2384) to work on /opt/airflow/dags/main.py
[2026-05-14T14:31:24.979+0000] {processor.py:830} INFO - Processing file /opt/airflow/dags/main.py for tasks to queue
[2026-05-14T14:31:24.983+0000] {logging_mixin.py:188} INFO - [2026-05-14T14:31:24.982+0000] {dagbag.py:545} INFO - Filling up the DagBag from /opt/airflow/dags/main.py
[2026-05-14T14:31:25.080+0000] {processor.py:840} INFO - DAG(s) 'produce_json' retrieved from /opt/airflow/dags/main.py
[2026-05-14T14:31:25.116+0000] {logging_mixin.py:188} INFO - [2026-05-14T14:31:25.115+0000] {dag.py:3096} INFO - Sync 1 DAGs
[2026-05-14T14:31:25.136+0000] {logging_mixin.py:188} INFO - [2026-05-14T14:31:25.136+0000] {dag.py:3954} INFO - Setting next_dagrun for produce_json to None, run_after=None
[2026-05-14T14:31:25.174+0000] {processor.py:183} INFO - Processing /opt/airflow/dags/main.py took 0.213 seconds
[2026-05-14T14:31:55.433+0000] {processor.py:161} INFO - Started process (PID=2391) to work on /opt/airflow/dags/main.py
[2026-05-14T14:31:55.435+0000] {processor.py:830} INFO - Processing file /opt/airflow/dags/main.py for tasks to queue
[2026-05-14T14:31:55.438+0000] {logging_mixin.py:188} INFO - [2026-05-14T14:31:55.438+0000] {dagbag.py:545} INFO - Filling up the DagBag from /opt/airflow/dags/main.py
[2026-05-14T14:31:55.549+0000] {processor.py:840} INFO - DAG(s) 'produce_json' retrieved from /opt/airflow/dags/main.py
[2026-05-14T14:31:55.584+0000] {logging_mixin.py:188} INFO - [2026-05-14T14:31:55.584+0000] {dag.py:3096} INFO - Sync 1 DAGs
[2026-05-14T14:31:55.601+0000] {logging_mixin.py:188} INFO - [2026-05-14T14:31:55.601+0000] {dag.py:3954} INFO - Setting next_dagrun for produce_json to None, run_after=None
[2026-05-14T14:31:55.641+0000] {processor.py:183} INFO - Processing /opt/airflow/dags/main.py took 0.219 seconds
[2026-05-14T14:32:26.203+0000] {processor.py:161} INFO - Started process (PID=2398) to work on /opt/airflow/dags/main.py
[2026-05-14T14:32:26.206+0000] {processor.py:830} INFO - Processing file /opt/airflow/dags/main.py for tasks to queue
[2026-05-14T14:32:26.212+0000] {logging_mixin.py:188} INFO - [2026-05-14T14:32:26.211+0000] {dagbag.py:545} INFO - Filling up the DagBag from /opt/airflow/dags/main.py
[2026-05-14T14:32:26.386+0000] {processor.py:840} INFO - DAG(s) 'produce_json' retrieved from /opt/airflow/dags/main.py
[2026-05-14T14:32:26.449+0000] {logging_mixin.py:188} INFO - [2026-05-14T14:32:26.448+0000] {dag.py:3096} INFO - Sync 1 DAGs
[2026-05-14T14:32:26.474+0000] {logging_mixin.py:188} INFO - [2026-05-14T14:32:26.473+0000] {dag.py:3954} INFO - Setting next_dagrun for produce_json to None, run_after=None
[2026-05-14T14:32:26.506+0000] {processor.py:183} INFO - Processing /opt/airflow/dags/main.py took 0.323 seconds
[2026-05-14T14:32:56.972+0000] {processor.py:161} INFO - Started process (PID=2405) to work on /opt/airflow/dags/main.py
[2026-05-14T14:32:56.975+0000] {processor.py:830} INFO - Processing file /opt/airflow/dags/main.py for tasks to queue
[2026-05-14T14:32:56.985+0000] {logging_mixin.py:188} INFO - [2026-05-14T14:32:56.983+0000] {dagbag.py:545} INFO - Filling up the DagBag from /opt/airflow/dags/main.py
[2026-05-14T14:32:57.134+0000] {processor.py:840} INFO - DAG(s) 'produce_json' retrieved from /opt/airflow/dags/main.py
[2026-05-14T14:32:57.171+0000] {logging_mixin.py:188} INFO - [2026-05-14T14:32:57.171+0000] {dag.py:3096} INFO - Sync 1 DAGs
[2026-05-14T14:32:57.191+0000] {logging_mixin.py:188} INFO - [2026-05-14T14:32:57.191+0000] {dag.py:3954} INFO - Setting next_dagrun for produce_json to None, run_after=None
[2026-05-14T14:32:57.229+0000] {processor.py:183} INFO - Processing /opt/airflow/dags/main.py took 0.285 seconds
[2026-05-14T14:33:27.421+0000] {processor.py:161} INFO - Started process (PID=2412) to work on /opt/airflow/dags/main.py
[2026-05-14T14:33:27.423+0000] {processor.py:830} INFO - Processing file /opt/airflow/dags/main.py for tasks to queue
[2026-05-14T14:33:27.426+0000] {logging_mixin.py:188} INFO - [2026-05-14T14:33:27.426+0000] {dagbag.py:545} INFO - Filling up the DagBag from /opt/airflow/dags/main.py
[2026-05-14T14:33:27.560+0000] {processor.py:840} INFO - DAG(s) 'produce_json' retrieved from /opt/airflow/dags/main.py
[2026-05-14T14:33:27.614+0000] {logging_mixin.py:188} INFO - [2026-05-14T14:33:27.614+0000] {dag.py:3096} INFO - Sync 1 DAGs
[2026-05-14T14:33:27.635+0000] {logging_mixin.py:188} INFO - [2026-05-14T14:33:27.634+0000] {dag.py:3954} INFO - Setting next_dagrun for produce_json to None, run_after=None
[2026-05-14T14:33:27.688+0000] {processor.py:183} INFO - Processing /opt/airflow/dags/main.py took 0.278 seconds
[2026-05-14T14:33:58.173+0000] {processor.py:161} INFO - Started process (PID=2419) to work on /opt/airflow/dags/main.py
[2026-05-14T14:33:58.180+0000] {processor.py:830} INFO - Processing file /opt/airflow/dags/main.py for tasks to queue
[2026-05-14T14:33:58.195+0000] {logging_mixin.py:188} INFO - [2026-05-14T14:33:58.194+0000] {dagbag.py:545} INFO - Filling up the DagBag from /opt/airflow/dags/main.py
[2026-05-14T14:33:58.596+0000] {processor.py:840} INFO - DAG(s) 'produce_json' retrieved from /opt/airflow/dags/main.py
[2026-05-14T14:33:58.726+0000] {logging_mixin.py:188} INFO - [2026-05-14T14:33:58.725+0000] {dag.py:3096} INFO - Sync 1 DAGs
[2026-05-14T14:33:58.792+0000] {logging_mixin.py:188} INFO - [2026-05-14T14:33:58.792+0000] {dag.py:3954} INFO - Setting next_dagrun for produce_json to None, run_after=None
[2026-05-14T14:33:58.871+0000] {processor.py:183} INFO - Processing /opt/airflow/dags/main.py took 0.758 seconds
[2026-05-14T14:34:29.169+0000] {processor.py:161} INFO - Started process (PID=2426) to work on /opt/airflow/dags/main.py
[2026-05-14T14:34:29.173+0000] {processor.py:830} INFO - Processing file /opt/airflow/dags/main.py for tasks to queue
[2026-05-14T14:34:29.177+0000] {logging_mixin.py:188} INFO - [2026-05-14T14:34:29.176+0000] {dagbag.py:545} INFO - Filling up the DagBag from /opt/airflow/dags/main.py
[2026-05-14T14:34:29.286+0000] {processor.py:840} INFO - DAG(s) 'produce_json' retrieved from /opt/airflow/dags/main.py
[2026-05-14T14:34:29.380+0000] {logging_mixin.py:188} INFO - [2026-05-14T14:34:29.379+0000] {dag.py:3096} INFO - Sync 1 DAGs
[2026-05-14T14:34:29.435+0000] {logging_mixin.py:188} INFO - [2026-05-14T14:34:29.434+0000] {dag.py:3954} INFO - Setting next_dagrun for produce_json to None, run_after=None
[2026-05-14T14:34:29.498+0000] {processor.py:183} INFO - Processing /opt/airflow/dags/main.py took 0.348 seconds
[2026-05-14T14:34:59.718+0000] {processor.py:161} INFO - Started process (PID=2433) to work on /opt/airflow/dags/main.py
[2026-05-14T14:34:59.720+0000] {processor.py:830} INFO - Processing file /opt/airflow/dags/main.py for tasks to queue
[2026-05-14T14:34:59.726+0000] {logging_mixin.py:188} INFO - [2026-05-14T14:34:59.725+0000] {dagbag.py:545} INFO - Filling up the DagBag from /opt/airflow/dags/main.py
[2026-05-14T14:34:59.919+0000] {processor.py:840} INFO - DAG(s) 'produce_json' retrieved from /opt/airflow/dags/main.py
[2026-05-14T14:34:59.971+0000] {logging_mixin.py:188} INFO - [2026-05-14T14:34:59.970+0000] {dag.py:3096} INFO - Sync 1 DAGs
[2026-05-14T14:34:59.992+0000] {logging_mixin.py:188} INFO - [2026-05-14T14:34:59.992+0000] {dag.py:3954} INFO - Setting next_dagrun for produce_json to None, run_after=None
[2026-05-14T14:35:00.033+0000] {processor.py:183} INFO - Processing /opt/airflow/dags/main.py took 0.334 seconds
[2026-05-14T14:35:30.745+0000] {processor.py:161} INFO - Started process (PID=2440) to work on /opt/airflow/dags/main.py
[2026-05-14T14:35:30.754+0000] {processor.py:830} INFO - Processing file /opt/airflow/dags/main.py for tasks to queue
[2026-05-14T14:35:30.758+0000] {logging_mixin.py:188} INFO - [2026-05-14T14:35:30.757+0000] {dagbag.py:545} INFO - Filling up the DagBag from /opt/airflow/dags/main.py
[2026-05-14T14:35:30.973+0000] {processor.py:840} INFO - DAG(s) 'produce_json' retrieved from /opt/airflow/dags/main.py
[2026-05-14T14:35:31.016+0000] {logging_mixin.py:188} INFO - [2026-05-14T14:35:31.015+0000] {dag.py:3096} INFO - Sync 1 DAGs
[2026-05-14T14:35:31.062+0000] {logging_mixin.py:188} INFO - [2026-05-14T14:35:31.062+0000] {dag.py:3954} INFO - Setting next_dagrun for produce_json to None, run_after=None
[2026-05-14T14:35:31.179+0000] {processor.py:183} INFO - Processing /opt/airflow/dags/main.py took 0.459 seconds
[2026-05-14T14:36:01.534+0000] {processor.py:161} INFO - Started process (PID=2447) to work on /opt/airflow/dags/main.py
[2026-05-14T14:36:01.537+0000] {processor.py:830} INFO - Processing file /opt/airflow/dags/main.py for tasks to queue
[2026-05-14T14:36:01.542+0000] {logging_mixin.py:188} INFO - [2026-05-14T14:36:01.541+0000] {dagbag.py:545} INFO - Filling up the DagBag from /opt/airflow/dags/main.py
[2026-05-14T14:36:01.699+0000] {processor.py:840} INFO - DAG(s) 'produce_json' retrieved from /opt/airflow/dags/main.py
[2026-05-14T14:36:01.792+0000] {logging_mixin.py:188} INFO - [2026-05-14T14:36:01.791+0000] {dag.py:3096} INFO - Sync 1 DAGs
[2026-05-14T14:36:01.833+0000] {logging_mixin.py:188} INFO - [2026-05-14T14:36:01.832+0000] {dag.py:3954} INFO - Setting next_dagrun for produce_json to None, run_after=None
[2026-05-14T14:36:01.881+0000] {processor.py:183} INFO - Processing /opt/airflow/dags/main.py took 0.364 seconds
[2026-05-14T14:36:32.023+0000] {processor.py:161} INFO - Started process (PID=2454) to work on /opt/airflow/dags/main.py
[2026-05-14T14:36:32.026+0000] {processor.py:830} INFO - Processing file /opt/airflow/dags/main.py for tasks to queue
[2026-05-14T14:36:32.030+0000] {logging_mixin.py:188} INFO - [2026-05-14T14:36:32.029+0000] {dagbag.py:545} INFO - Filling up the DagBag from /opt/airflow/dags/main.py
[2026-05-14T14:36:32.123+0000] {processor.py:840} INFO - DAG(s) 'produce_json' retrieved from /opt/airflow/dags/main.py
[2026-05-14T14:36:32.185+0000] {logging_mixin.py:188} INFO - [2026-05-14T14:36:32.184+0000] {dag.py:3096} INFO - Sync 1 DAGs
[2026-05-14T14:36:32.246+0000] {logging_mixin.py:188} INFO - [2026-05-14T14:36:32.245+0000] {dag.py:3954} INFO - Setting next_dagrun for produce_json to None, run_after=None
[2026-05-14T14:36:32.291+0000] {processor.py:183} INFO - Processing /opt/airflow/dags/main.py took 0.284 seconds
[2026-05-14T14:37:02.821+0000] {processor.py:161} INFO - Started process (PID=2461) to work on /opt/airflow/dags/main.py
[2026-05-14T14:37:02.824+0000] {processor.py:830} INFO - Processing file /opt/airflow/dags/main.py for tasks to queue
[2026-05-14T14:37:02.838+0000] {logging_mixin.py:188} INFO - [2026-05-14T14:37:02.837+0000] {dagbag.py:545} INFO - Filling up the DagBag from /opt/airflow/dags/main.py
[2026-05-14T14:37:03.101+0000] {processor.py:840} INFO - DAG(s) 'produce_json' retrieved from /opt/airflow/dags/main.py
[2026-05-14T14:37:03.191+0000] {logging_mixin.py:188} INFO - [2026-05-14T14:37:03.190+0000] {dag.py:3096} INFO - Sync 1 DAGs
[2026-05-14T14:37:03.274+0000] {logging_mixin.py:188} INFO - [2026-05-14T14:37:03.273+0000] {dag.py:3954} INFO - Setting next_dagrun for produce_json to None, run_after=None
[2026-05-14T14:37:03.355+0000] {processor.py:183} INFO - Processing /opt/airflow/dags/main.py took 0.578 seconds
[2026-05-14T14:37:33.472+0000] {processor.py:161} INFO - Started process (PID=2468) to work on /opt/airflow/dags/main.py
[2026-05-14T14:37:33.474+0000] {processor.py:830} INFO - Processing file /opt/airflow/dags/main.py for tasks to queue
[2026-05-14T14:37:33.480+0000] {logging_mixin.py:188} INFO - [2026-05-14T14:37:33.479+0000] {dagbag.py:545} INFO - Filling up the DagBag from /opt/airflow/dags/main.py
[2026-05-14T14:37:33.586+0000] {processor.py:840} INFO - DAG(s) 'produce_json' retrieved from /opt/airflow/dags/main.py
[2026-05-14T14:37:33.628+0000] {logging_mixin.py:188} INFO - [2026-05-14T14:37:33.628+0000] {dag.py:3096} INFO - Sync 1 DAGs
[2026-05-14T14:37:33.648+0000] {logging_mixin.py:188} INFO - [2026-05-14T14:37:33.647+0000] {dag.py:3954} INFO - Setting next_dagrun for produce_json to None, run_after=None
[2026-05-14T14:37:33.679+0000] {processor.py:183} INFO - Processing /opt/airflow/dags/main.py took 0.220 seconds
[2026-05-14T14:38:03.826+0000] {processor.py:161} INFO - Started process (PID=2475) to work on /opt/airflow/dags/main.py
[2026-05-14T14:38:03.830+0000] {processor.py:830} INFO - Processing file /opt/airflow/dags/main.py for tasks to queue
[2026-05-14T14:38:03.837+0000] {logging_mixin.py:188} INFO - [2026-05-14T14:38:03.836+0000] {dagbag.py:545} INFO - Filling up the DagBag from /opt/airflow/dags/main.py
[2026-05-14T14:38:03.940+0000] {processor.py:840} INFO - DAG(s) 'produce_json' retrieved from /opt/airflow/dags/main.py
[2026-05-14T14:38:03.977+0000] {logging_mixin.py:188} INFO - [2026-05-14T14:38:03.977+0000] {dag.py:3096} INFO - Sync 1 DAGs
[2026-05-14T14:38:03.998+0000] {logging_mixin.py:188} INFO - [2026-05-14T14:38:03.998+0000] {dag.py:3954} INFO - Setting next_dagrun for produce_json to None, run_after=None
[2026-05-14T14:38:04.042+0000] {processor.py:183} INFO - Processing /opt/airflow/dags/main.py took 0.236 seconds
[2026-05-14T14:38:34.624+0000] {processor.py:161} INFO - Started process (PID=2481) to work on /opt/airflow/dags/main.py
[2026-05-14T14:38:34.626+0000] {processor.py:830} INFO - Processing file /opt/airflow/dags/main.py for tasks to queue
[2026-05-14T14:38:34.630+0000] {logging_mixin.py:188} INFO - [2026-05-14T14:38:34.630+0000] {dagbag.py:545} INFO - Filling up the DagBag from /opt/airflow/dags/main.py
[2026-05-14T14:38:34.742+0000] {processor.py:840} INFO - DAG(s) 'produce_json' retrieved from /opt/airflow/dags/main.py
[2026-05-14T14:38:34.791+0000] {logging_mixin.py:188} INFO - [2026-05-14T14:38:34.791+0000] {dag.py:3096} INFO - Sync 1 DAGs
[2026-05-14T14:38:34.809+0000] {logging_mixin.py:188} INFO - [2026-05-14T14:38:34.809+0000] {dag.py:3954} INFO - Setting next_dagrun for produce_json to None, run_after=None
[2026-05-14T14:38:34.858+0000] {processor.py:183} INFO - Processing /opt/airflow/dags/main.py took 0.253 seconds
[2026-05-14T14:39:05.102+0000] {processor.py:161} INFO - Started process (PID=2487) to work on /opt/airflow/dags/main.py
[2026-05-14T14:39:05.104+0000] {processor.py:830} INFO - Processing file /opt/airflow/dags/main.py for tasks to queue
[2026-05-14T14:39:05.108+0000] {logging_mixin.py:188} INFO - [2026-05-14T14:39:05.107+0000] {dagbag.py:545} INFO - Filling up the DagBag from /opt/airflow/dags/main.py
[2026-05-14T14:39:05.200+0000] {processor.py:840} INFO - DAG(s) 'produce_json' retrieved from /opt/airflow/dags/main.py
[2026-05-14T14:39:05.241+0000] {logging_mixin.py:188} INFO - [2026-05-14T14:39:05.241+0000] {dag.py:3096} INFO - Sync 1 DAGs
[2026-05-14T14:39:05.271+0000] {logging_mixin.py:188} INFO - [2026-05-14T14:39:05.271+0000] {dag.py:3954} INFO - Setting next_dagrun for produce_json to None, run_after=None
[2026-05-14T14:39:05.321+0000] {processor.py:183} INFO - Processing /opt/airflow/dags/main.py took 0.236 seconds
[2026-05-14T14:39:35.601+0000] {processor.py:161} INFO - Started process (PID=2494) to work on /opt/airflow/dags/main.py
[2026-05-14T14:39:35.602+0000] {processor.py:830} INFO - Processing file /opt/airflow/dags/main.py for tasks to queue
[2026-05-14T14:39:35.606+0000] {logging_mixin.py:188} INFO - [2026-05-14T14:39:35.605+0000] {dagbag.py:545} INFO - Filling up the DagBag from /opt/airflow/dags/main.py
[2026-05-14T14:39:35.689+0000] {processor.py:840} INFO - DAG(s) 'produce_json' retrieved from /opt/airflow/dags/main.py
[2026-05-14T14:39:35.730+0000] {logging_mixin.py:188} INFO - [2026-05-14T14:39:35.729+0000] {dag.py:3096} INFO - Sync 1 DAGs
[2026-05-14T14:39:35.753+0000] {logging_mixin.py:188} INFO - [2026-05-14T14:39:35.753+0000] {dag.py:3954} INFO - Setting next_dagrun for produce_json to None, run_after=None
[2026-05-14T14:39:35.792+0000] {processor.py:183} INFO - Processing /opt/airflow/dags/main.py took 0.206 seconds
[2026-05-14T14:40:06.188+0000] {processor.py:161} INFO - Started process (PID=2501) to work on /opt/airflow/dags/main.py
[2026-05-14T14:40:06.190+0000] {processor.py:830} INFO - Processing file /opt/airflow/dags/main.py for tasks to queue
[2026-05-14T14:40:06.194+0000] {logging_mixin.py:188} INFO - [2026-05-14T14:40:06.193+0000] {dagbag.py:545} INFO - Filling up the DagBag from /opt/airflow/dags/main.py
[2026-05-14T14:40:06.286+0000] {processor.py:840} INFO - DAG(s) 'produce_json' retrieved from /opt/airflow/dags/main.py
[2026-05-14T14:40:06.322+0000] {logging_mixin.py:188} INFO - [2026-05-14T14:40:06.321+0000] {dag.py:3096} INFO - Sync 1 DAGs
[2026-05-14T14:40:06.346+0000] {logging_mixin.py:188} INFO - [2026-05-14T14:40:06.345+0000] {dag.py:3954} INFO - Setting next_dagrun for produce_json to None, run_after=None
[2026-05-14T14:40:06.385+0000] {processor.py:183} INFO - Processing /opt/airflow/dags/main.py took 0.207 seconds
[2026-05-14T14:40:36.638+0000] {processor.py:161} INFO - Started process (PID=2508) to work on /opt/airflow/dags/main.py
[2026-05-14T14:40:36.640+0000] {processor.py:830} INFO - Processing file /opt/airflow/dags/main.py for tasks to queue
[2026-05-14T14:40:36.644+0000] {logging_mixin.py:188} INFO - [2026-05-14T14:40:36.643+0000] {dagbag.py:545} INFO - Filling up the DagBag from /opt/airflow/dags/main.py
[2026-05-14T14:40:36.733+0000] {processor.py:840} INFO - DAG(s) 'produce_json' retrieved from /opt/airflow/dags/main.py
[2026-05-14T14:40:36.795+0000] {logging_mixin.py:188} INFO - [2026-05-14T14:40:36.795+0000] {dag.py:3096} INFO - Sync 1 DAGs
[2026-05-14T14:40:36.820+0000] {logging_mixin.py:188} INFO - [2026-05-14T14:40:36.820+0000] {dag.py:3954} INFO - Setting next_dagrun for produce_json to None, run_after=None
[2026-05-14T14:40:36.863+0000] {processor.py:183} INFO - Processing /opt/airflow/dags/main.py took 0.237 seconds
[2026-05-14T14:41:07.318+0000] {processor.py:161} INFO - Started process (PID=2515) to work on /opt/airflow/dags/main.py
[2026-05-14T14:41:07.322+0000] {processor.py:830} INFO - Processing file /opt/airflow/dags/main.py for tasks to queue
[2026-05-14T14:41:07.329+0000] {logging_mixin.py:188} INFO - [2026-05-14T14:41:07.328+0000] {dagbag.py:545} INFO - Filling up the DagBag from /opt/airflow/dags/main.py
[2026-05-14T14:41:07.551+0000] {processor.py:840} INFO - DAG(s) 'produce_json' retrieved from /opt/airflow/dags/main.py
[2026-05-14T14:41:07.636+0000] {logging_mixin.py:188} INFO - [2026-05-14T14:41:07.636+0000] {dag.py:3096} INFO - Sync 1 DAGs
[2026-05-14T14:41:07.705+0000] {logging_mixin.py:188} INFO - [2026-05-14T14:41:07.704+0000] {dag.py:3954} INFO - Setting next_dagrun for produce_json to None, run_after=None
[2026-05-14T14:41:07.758+0000] {processor.py:183} INFO - Processing /opt/airflow/dags/main.py took 0.465 seconds
[2026-05-14T14:41:38.325+0000] {processor.py:161} INFO - Started process (PID=2521) to work on /opt/airflow/dags/main.py
[2026-05-14T14:41:38.327+0000] {processor.py:830} INFO - Processing file /opt/airflow/dags/main.py for tasks to queue
[2026-05-14T14:41:38.330+0000] {logging_mixin.py:188} INFO - [2026-05-14T14:41:38.329+0000] {dagbag.py:545} INFO - Filling up the DagBag from /opt/airflow/dags/main.py
[2026-05-14T14:41:38.442+0000] {processor.py:840} INFO - DAG(s) 'produce_json' retrieved from /opt/airflow/dags/main.py
[2026-05-14T14:41:38.494+0000] {logging_mixin.py:188} INFO - [2026-05-14T14:41:38.493+0000] {dag.py:3096} INFO - Sync 1 DAGs
[2026-05-14T14:41:38.518+0000] {logging_mixin.py:188} INFO - [2026-05-14T14:41:38.517+0000] {dag.py:3954} INFO - Setting next_dagrun for produce_json to None, run_after=None
[2026-05-14T14:41:38.551+0000] {processor.py:183} INFO - Processing /opt/airflow/dags/main.py took 0.239 seconds
[2026-05-14T14:42:08.731+0000] {processor.py:161} INFO - Started process (PID=2528) to work on /opt/airflow/dags/main.py
[2026-05-14T14:42:08.734+0000] {processor.py:830} INFO - Processing file /opt/airflow/dags/main.py for tasks to queue
[2026-05-14T14:42:08.739+0000] {logging_mixin.py:188} INFO - [2026-05-14T14:42:08.739+0000] {dagbag.py:545} INFO - Filling up the DagBag from /opt/airflow/dags/main.py
[2026-05-14T14:42:08.828+0000] {processor.py:840} INFO - DAG(s) 'produce_json' retrieved from /opt/airflow/dags/main.py
[2026-05-14T14:42:08.864+0000] {logging_mixin.py:188} INFO - [2026-05-14T14:42:08.864+0000] {dag.py:3096} INFO - Sync 1 DAGs
[2026-05-14T14:42:08.884+0000] {logging_mixin.py:188} INFO - [2026-05-14T14:42:08.883+0000] {dag.py:3954} INFO - Setting next_dagrun for produce_json to None, run_after=None
[2026-05-14T14:42:08.920+0000] {processor.py:183} INFO - Processing /opt/airflow/dags/main.py took 0.203 seconds
[2026-05-14T14:42:39.296+0000] {processor.py:161} INFO - Started process (PID=2535) to work on /opt/airflow/dags/main.py
[2026-05-14T14:42:39.303+0000] {processor.py:830} INFO - Processing file /opt/airflow/dags/main.py for tasks to queue
[2026-05-14T14:42:39.310+0000] {logging_mixin.py:188} INFO - [2026-05-14T14:42:39.309+0000] {dagbag.py:545} INFO - Filling up the DagBag from /opt/airflow/dags/main.py
[2026-05-14T14:42:39.430+0000] {processor.py:840} INFO - DAG(s) 'produce_json' retrieved from /opt/airflow/dags/main.py
[2026-05-14T14:42:39.471+0000] {logging_mixin.py:188} INFO - [2026-05-14T14:42:39.470+0000] {dag.py:3096} INFO - Sync 1 DAGs
[2026-05-14T14:42:39.502+0000] {logging_mixin.py:188} INFO - [2026-05-14T14:42:39.501+0000] {dag.py:3954} INFO - Setting next_dagrun for produce_json to None, run_after=None
[2026-05-14T14:42:39.572+0000] {processor.py:183} INFO - Processing /opt/airflow/dags/main.py took 0.290 seconds
[2026-05-14T14:43:10.010+0000] {processor.py:161} INFO - Started process (PID=2542) to work on /opt/airflow/dags/main.py
[2026-05-14T14:43:10.030+0000] {processor.py:830} INFO - Processing file /opt/airflow/dags/main.py for tasks to queue
[2026-05-14T14:43:10.057+0000] {logging_mixin.py:188} INFO - [2026-05-14T14:43:10.056+0000] {dagbag.py:545} INFO - Filling up the DagBag from /opt/airflow/dags/main.py
[2026-05-14T14:43:10.257+0000] {processor.py:840} INFO - DAG(s) 'produce_json' retrieved from /opt/airflow/dags/main.py
[2026-05-14T14:43:10.319+0000] {logging_mixin.py:188} INFO - [2026-05-14T14:43:10.319+0000] {dag.py:3096} INFO - Sync 1 DAGs
[2026-05-14T14:43:10.358+0000] {logging_mixin.py:188} INFO - [2026-05-14T14:43:10.358+0000] {dag.py:3954} INFO - Setting next_dagrun for produce_json to None, run_after=None
[2026-05-14T14:43:10.413+0000] {processor.py:183} INFO - Processing /opt/airflow/dags/main.py took 0.440 seconds
[2026-05-14T14:43:41.438+0000] {processor.py:161} INFO - Started process (PID=2549) to work on /opt/airflow/dags/main.py
[2026-05-14T14:43:41.440+0000] {processor.py:830} INFO - Processing file /opt/airflow/dags/main.py for tasks to queue
[2026-05-14T14:43:41.444+0000] {logging_mixin.py:188} INFO - [2026-05-14T14:43:41.444+0000] {dagbag.py:545} INFO - Filling up the DagBag from /opt/airflow/dags/main.py
[2026-05-14T14:43:41.526+0000] {processor.py:840} INFO - DAG(s) 'produce_json' retrieved from /opt/airflow/dags/main.py
[2026-05-14T14:43:41.568+0000] {logging_mixin.py:188} INFO - [2026-05-14T14:43:41.568+0000] {dag.py:3096} INFO - Sync 1 DAGs
[2026-05-14T14:43:41.609+0000] {logging_mixin.py:188} INFO - [2026-05-14T14:43:41.608+0000] {dag.py:3954} INFO - Setting next_dagrun for produce_json to None, run_after=None
[2026-05-14T14:43:41.672+0000] {processor.py:183} INFO - Processing /opt/airflow/dags/main.py took 0.247 seconds
[2026-05-14T14:44:11.838+0000] {processor.py:161} INFO - Started process (PID=2556) to work on /opt/airflow/dags/main.py
[2026-05-14T14:44:11.842+0000] {processor.py:830} INFO - Processing file /opt/airflow/dags/main.py for tasks to queue
[2026-05-14T14:44:11.846+0000] {logging_mixin.py:188} INFO - [2026-05-14T14:44:11.845+0000] {dagbag.py:545} INFO - Filling up the DagBag from /opt/airflow/dags/main.py
[2026-05-14T14:44:11.942+0000] {processor.py:840} INFO - DAG(s) 'produce_json' retrieved from /opt/airflow/dags/main.py
[2026-05-14T14:44:11.978+0000] {logging_mixin.py:188} INFO - [2026-05-14T14:44:11.977+0000] {dag.py:3096} INFO - Sync 1 DAGs
[2026-05-14T14:44:11.996+0000] {logging_mixin.py:188} INFO - [2026-05-14T14:44:11.996+0000] {dag.py:3954} INFO - Setting next_dagrun for produce_json to None, run_after=None
[2026-05-14T14:44:12.030+0000] {processor.py:183} INFO - Processing /opt/airflow/dags/main.py took 0.206 seconds
[2026-05-14T14:44:42.597+0000] {processor.py:161} INFO - Started process (PID=2563) to work on /opt/airflow/dags/main.py
[2026-05-14T14:44:42.602+0000] {processor.py:830} INFO - Processing file /opt/airflow/dags/main.py for tasks to queue
[2026-05-14T14:44:42.616+0000] {logging_mixin.py:188} INFO - [2026-05-14T14:44:42.614+0000] {dagbag.py:545} INFO - Filling up the DagBag from /opt/airflow/dags/main.py
[2026-05-14T14:44:43.047+0000] {processor.py:840} INFO - DAG(s) 'produce_json' retrieved from /opt/airflow/dags/main.py
[2026-05-14T14:44:43.173+0000] {logging_mixin.py:188} INFO - [2026-05-14T14:44:43.172+0000] {dag.py:3096} INFO - Sync 1 DAGs
[2026-05-14T14:44:43.267+0000] {logging_mixin.py:188} INFO - [2026-05-14T14:44:43.266+0000] {dag.py:3954} INFO - Setting next_dagrun for produce_json to None, run_after=None
[2026-05-14T14:44:43.441+0000] {processor.py:183} INFO - Processing /opt/airflow/dags/main.py took 0.910 seconds
[2026-05-14T14:45:14.367+0000] {processor.py:161} INFO - Started process (PID=2570) to work on /opt/airflow/dags/main.py
[2026-05-14T14:45:14.373+0000] {processor.py:830} INFO - Processing file /opt/airflow/dags/main.py for tasks to queue
[2026-05-14T14:45:14.380+0000] {logging_mixin.py:188} INFO - [2026-05-14T14:45:14.379+0000] {dagbag.py:545} INFO - Filling up the DagBag from /opt/airflow/dags/main.py
[2026-05-14T14:45:14.549+0000] {processor.py:840} INFO - DAG(s) 'produce_json' retrieved from /opt/airflow/dags/main.py
[2026-05-14T14:45:14.639+0000] {logging_mixin.py:188} INFO - [2026-05-14T14:45:14.638+0000] {dag.py:3096} INFO - Sync 1 DAGs
[2026-05-14T14:45:14.692+0000] {logging_mixin.py:188} INFO - [2026-05-14T14:45:14.692+0000] {dag.py:3954} INFO - Setting next_dagrun for produce_json to None, run_after=None
[2026-05-14T14:45:14.824+0000] {processor.py:183} INFO - Processing /opt/airflow/dags/main.py took 0.481 seconds
[2026-05-14T14:45:45.065+0000] {processor.py:161} INFO - Started process (PID=2577) to work on /opt/airflow/dags/main.py
[2026-05-14T14:45:45.067+0000] {processor.py:830} INFO - Processing file /opt/airflow/dags/main.py for tasks to queue
[2026-05-14T14:45:45.070+0000] {logging_mixin.py:188} INFO - [2026-05-14T14:45:45.070+0000] {dagbag.py:545} INFO - Filling up the DagBag from /opt/airflow/dags/main.py
[2026-05-14T14:45:45.160+0000] {processor.py:840} INFO - DAG(s) 'produce_json' retrieved from /opt/airflow/dags/main.py
[2026-05-14T14:45:45.211+0000] {logging_mixin.py:188} INFO - [2026-05-14T14:45:45.211+0000] {dag.py:3096} INFO - Sync 1 DAGs
[2026-05-14T14:45:45.255+0000] {logging_mixin.py:188} INFO - [2026-05-14T14:45:45.255+0000] {dag.py:3954} INFO - Setting next_dagrun for produce_json to None, run_after=None
[2026-05-14T14:45:46.105+0000] {processor.py:183} INFO - Processing /opt/airflow/dags/main.py took 1.059 seconds
[2026-05-14T14:46:16.397+0000] {processor.py:161} INFO - Started process (PID=2585) to work on /opt/airflow/dags/main.py
[2026-05-14T14:46:16.400+0000] {processor.py:830} INFO - Processing file /opt/airflow/dags/main.py for tasks to queue
[2026-05-14T14:46:16.406+0000] {logging_mixin.py:188} INFO - [2026-05-14T14:46:16.405+0000] {dagbag.py:545} INFO - Filling up the DagBag from /opt/airflow/dags/main.py
[2026-05-14T14:46:16.492+0000] {processor.py:840} INFO - DAG(s) 'produce_json' retrieved from /opt/airflow/dags/main.py
[2026-05-14T14:46:16.528+0000] {logging_mixin.py:188} INFO - [2026-05-14T14:46:16.528+0000] {dag.py:3096} INFO - Sync 1 DAGs
[2026-05-14T14:46:16.546+0000] {logging_mixin.py:188} INFO - [2026-05-14T14:46:16.545+0000] {dag.py:3954} INFO - Setting next_dagrun for produce_json to None, run_after=None
[2026-05-14T14:46:16.594+0000] {processor.py:183} INFO - Processing /opt/airflow/dags/main.py took 0.214 seconds
[2026-05-14T14:46:46.998+0000] {processor.py:161} INFO - Started process (PID=2592) to work on /opt/airflow/dags/main.py
[2026-05-14T14:46:47.000+0000] {processor.py:830} INFO - Processing file /opt/airflow/dags/main.py for tasks to queue
[2026-05-14T14:46:47.005+0000] {logging_mixin.py:188} INFO - [2026-05-14T14:46:47.005+0000] {dagbag.py:545} INFO - Filling up the DagBag from /opt/airflow/dags/main.py
[2026-05-14T14:46:47.096+0000] {processor.py:840} INFO - DAG(s) 'produce_json' retrieved from /opt/airflow/dags/main.py
[2026-05-14T14:46:47.150+0000] {logging_mixin.py:188} INFO - [2026-05-14T14:46:47.150+0000] {dag.py:3096} INFO - Sync 1 DAGs
[2026-05-14T14:46:47.186+0000] {logging_mixin.py:188} INFO - [2026-05-14T14:46:47.185+0000] {dag.py:3954} INFO - Setting next_dagrun for produce_json to None, run_after=None
[2026-05-14T14:46:47.258+0000] {processor.py:183} INFO - Processing /opt/airflow/dags/main.py took 0.278 seconds
[2026-05-14T14:47:17.388+0000] {processor.py:161} INFO - Started process (PID=2599) to work on /opt/airflow/dags/main.py
[2026-05-14T14:47:17.393+0000] {processor.py:830} INFO - Processing file /opt/airflow/dags/main.py for tasks to queue
[2026-05-14T14:47:17.400+0000] {logging_mixin.py:188} INFO - [2026-05-14T14:47:17.399+0000] {dagbag.py:545} INFO - Filling up the DagBag from /opt/airflow/dags/main.py
[2026-05-14T14:47:17.568+0000] {processor.py:840} INFO - DAG(s) 'produce_json' retrieved from /opt/airflow/dags/main.py
[2026-05-14T14:47:17.648+0000] {logging_mixin.py:188} INFO - [2026-05-14T14:47:17.647+0000] {dag.py:3096} INFO - Sync 1 DAGs
[2026-05-14T14:47:17.703+0000] {logging_mixin.py:188} INFO - [2026-05-14T14:47:17.703+0000] {dag.py:3954} INFO - Setting next_dagrun for produce_json to None, run_after=None
[2026-05-14T14:47:17.789+0000] {processor.py:183} INFO - Processing /opt/airflow/dags/main.py took 0.424 seconds
[2026-05-14T14:47:47.952+0000] {processor.py:161} INFO - Started process (PID=2606) to work on /opt/airflow/dags/main.py
[2026-05-14T14:47:47.954+0000] {processor.py:830} INFO - Processing file /opt/airflow/dags/main.py for tasks to queue
[2026-05-14T14:47:47.957+0000] {logging_mixin.py:188} INFO - [2026-05-14T14:47:47.957+0000] {dagbag.py:545} INFO - Filling up the DagBag from /opt/airflow/dags/main.py
[2026-05-14T14:47:48.043+0000] {processor.py:840} INFO - DAG(s) 'produce_json' retrieved from /opt/airflow/dags/main.py
[2026-05-14T14:47:48.085+0000] {logging_mixin.py:188} INFO - [2026-05-14T14:47:48.084+0000] {dag.py:3096} INFO - Sync 1 DAGs
[2026-05-14T14:47:48.132+0000] {logging_mixin.py:188} INFO - [2026-05-14T14:47:48.132+0000] {dag.py:3954} INFO - Setting next_dagrun for produce_json to None, run_after=None
[2026-05-14T14:47:48.179+0000] {processor.py:183} INFO - Processing /opt/airflow/dags/main.py took 0.237 seconds
[2026-05-14T14:48:18.861+0000] {processor.py:161} INFO - Started process (PID=2614) to work on /opt/airflow/dags/main.py
[2026-05-14T14:48:18.874+0000] {processor.py:830} INFO - Processing file /opt/airflow/dags/main.py for tasks to queue
[2026-05-14T14:48:18.889+0000] {logging_mixin.py:188} INFO - [2026-05-14T14:48:18.880+0000] {dagbag.py:545} INFO - Filling up the DagBag from /opt/airflow/dags/main.py
[2026-05-14T14:48:19.108+0000] {processor.py:840} INFO - DAG(s) 'produce_json' retrieved from /opt/airflow/dags/main.py
[2026-05-14T14:48:19.204+0000] {logging_mixin.py:188} INFO - [2026-05-14T14:48:19.204+0000] {dag.py:3096} INFO - Sync 1 DAGs
[2026-05-14T14:48:19.286+0000] {logging_mixin.py:188} INFO - [2026-05-14T14:48:19.285+0000] {dag.py:3954} INFO - Setting next_dagrun for produce_json to None, run_after=None
[2026-05-14T14:48:19.377+0000] {processor.py:183} INFO - Processing /opt/airflow/dags/main.py took 0.545 seconds
[2026-05-14T14:48:49.903+0000] {processor.py:161} INFO - Started process (PID=2622) to work on /opt/airflow/dags/main.py
[2026-05-14T14:48:49.905+0000] {processor.py:830} INFO - Processing file /opt/airflow/dags/main.py for tasks to queue
[2026-05-14T14:48:49.909+0000] {logging_mixin.py:188} INFO - [2026-05-14T14:48:49.908+0000] {dagbag.py:545} INFO - Filling up the DagBag from /opt/airflow/dags/main.py
[2026-05-14T14:48:50.008+0000] {processor.py:840} INFO - DAG(s) 'produce_json' retrieved from /opt/airflow/dags/main.py
[2026-05-14T14:48:50.049+0000] {logging_mixin.py:188} INFO - [2026-05-14T14:48:50.049+0000] {dag.py:3096} INFO - Sync 1 DAGs
[2026-05-14T14:48:50.072+0000] {logging_mixin.py:188} INFO - [2026-05-14T14:48:50.071+0000] {dag.py:3954} INFO - Setting next_dagrun for produce_json to None, run_after=None
[2026-05-14T14:48:50.155+0000] {processor.py:183} INFO - Processing /opt/airflow/dags/main.py took 0.266 seconds
[2026-05-14T14:49:20.589+0000] {processor.py:161} INFO - Started process (PID=2630) to work on /opt/airflow/dags/main.py
[2026-05-14T14:49:20.621+0000] {processor.py:830} INFO - Processing file /opt/airflow/dags/main.py for tasks to queue
[2026-05-14T14:49:20.634+0000] {logging_mixin.py:188} INFO - [2026-05-14T14:49:20.631+0000] {dagbag.py:545} INFO - Filling up the DagBag from /opt/airflow/dags/main.py
[2026-05-14T14:49:20.957+0000] {processor.py:840} INFO - DAG(s) 'produce_json' retrieved from /opt/airflow/dags/main.py
[2026-05-14T14:49:21.073+0000] {logging_mixin.py:188} INFO - [2026-05-14T14:49:21.073+0000] {dag.py:3096} INFO - Sync 1 DAGs
[2026-05-14T14:49:21.125+0000] {logging_mixin.py:188} INFO - [2026-05-14T14:49:21.123+0000] {dag.py:3954} INFO - Setting next_dagrun for produce_json to None, run_after=None
[2026-05-14T14:49:21.193+0000] {processor.py:183} INFO - Processing /opt/airflow/dags/main.py took 0.642 seconds
[2026-05-14T14:49:51.724+0000] {processor.py:161} INFO - Started process (PID=2636) to work on /opt/airflow/dags/main.py
[2026-05-14T14:49:51.727+0000] {processor.py:830} INFO - Processing file /opt/airflow/dags/main.py for tasks to queue
[2026-05-14T14:49:51.733+0000] {logging_mixin.py:188} INFO - [2026-05-14T14:49:51.732+0000] {dagbag.py:545} INFO - Filling up the DagBag from /opt/airflow/dags/main.py
[2026-05-14T14:49:51.813+0000] {processor.py:840} INFO - DAG(s) 'produce_json' retrieved from /opt/airflow/dags/main.py
[2026-05-14T14:49:51.849+0000] {logging_mixin.py:188} INFO - [2026-05-14T14:49:51.848+0000] {dag.py:3096} INFO - Sync 1 DAGs
[2026-05-14T14:49:51.871+0000] {logging_mixin.py:188} INFO - [2026-05-14T14:49:51.870+0000] {dag.py:3954} INFO - Setting next_dagrun for produce_json to None, run_after=None
[2026-05-14T14:49:51.918+0000] {processor.py:183} INFO - Processing /opt/airflow/dags/main.py took 0.211 seconds
[2026-05-14T14:50:22.402+0000] {processor.py:161} INFO - Started process (PID=2644) to work on /opt/airflow/dags/main.py
[2026-05-14T14:50:22.406+0000] {processor.py:830} INFO - Processing file /opt/airflow/dags/main.py for tasks to queue
[2026-05-14T14:50:22.414+0000] {logging_mixin.py:188} INFO - [2026-05-14T14:50:22.413+0000] {dagbag.py:545} INFO - Filling up the DagBag from /opt/airflow/dags/main.py
[2026-05-14T14:50:22.617+0000] {processor.py:840} INFO - DAG(s) 'produce_json' retrieved from /opt/airflow/dags/main.py
[2026-05-14T14:50:22.872+0000] {logging_mixin.py:188} INFO - [2026-05-14T14:50:22.871+0000] {dag.py:3096} INFO - Sync 1 DAGs
[2026-05-14T14:50:23.002+0000] {logging_mixin.py:188} INFO - [2026-05-14T14:50:23.002+0000] {dag.py:3954} INFO - Setting next_dagrun for produce_json to None, run_after=None
[2026-05-14T14:50:23.140+0000] {processor.py:183} INFO - Processing /opt/airflow/dags/main.py took 0.763 seconds
[2026-05-14T14:50:53.885+0000] {processor.py:161} INFO - Started process (PID=2651) to work on /opt/airflow/dags/main.py
[2026-05-14T14:50:53.888+0000] {processor.py:830} INFO - Processing file /opt/airflow/dags/main.py for tasks to queue
[2026-05-14T14:50:53.893+0000] {logging_mixin.py:188} INFO - [2026-05-14T14:50:53.891+0000] {dagbag.py:545} INFO - Filling up the DagBag from /opt/airflow/dags/main.py
[2026-05-14T14:50:54.190+0000] {processor.py:840} INFO - DAG(s) 'produce_json' retrieved from /opt/airflow/dags/main.py
[2026-05-14T14:50:54.342+0000] {logging_mixin.py:188} INFO - [2026-05-14T14:50:54.342+0000] {dag.py:3096} INFO - Sync 1 DAGs
[2026-05-14T14:50:54.363+0000] {logging_mixin.py:188} INFO - [2026-05-14T14:50:54.363+0000] {dag.py:3954} INFO - Setting next_dagrun for produce_json to None, run_after=None
[2026-05-14T14:50:54.414+0000] {processor.py:183} INFO - Processing /opt/airflow/dags/main.py took 0.543 seconds
[2026-05-14T14:51:24.929+0000] {processor.py:161} INFO - Started process (PID=2658) to work on /opt/airflow/dags/main.py
[2026-05-14T14:51:24.931+0000] {processor.py:830} INFO - Processing file /opt/airflow/dags/main.py for tasks to queue
[2026-05-14T14:51:24.945+0000] {logging_mixin.py:188} INFO - [2026-05-14T14:51:24.937+0000] {dagbag.py:545} INFO - Filling up the DagBag from /opt/airflow/dags/main.py
[2026-05-14T14:51:25.068+0000] {processor.py:840} INFO - DAG(s) 'produce_json' retrieved from /opt/airflow/dags/main.py
[2026-05-14T14:51:25.124+0000] {logging_mixin.py:188} INFO - [2026-05-14T14:51:25.124+0000] {dag.py:3096} INFO - Sync 1 DAGs
[2026-05-14T14:51:25.143+0000] {logging_mixin.py:188} INFO - [2026-05-14T14:51:25.143+0000] {dag.py:3954} INFO - Setting next_dagrun for produce_json to None, run_after=None
[2026-05-14T14:51:25.176+0000] {processor.py:183} INFO - Processing /opt/airflow/dags/main.py took 0.258 seconds
[2026-05-14T14:51:55.396+0000] {processor.py:161} INFO - Started process (PID=2665) to work on /opt/airflow/dags/main.py
[2026-05-14T14:51:55.398+0000] {processor.py:830} INFO - Processing file /opt/airflow/dags/main.py for tasks to queue
[2026-05-14T14:51:55.402+0000] {logging_mixin.py:188} INFO - [2026-05-14T14:51:55.402+0000] {dagbag.py:545} INFO - Filling up the DagBag from /opt/airflow/dags/main.py
[2026-05-14T14:51:55.480+0000] {processor.py:840} INFO - DAG(s) 'produce_json' retrieved from /opt/airflow/dags/main.py
[2026-05-14T14:51:55.514+0000] {logging_mixin.py:188} INFO - [2026-05-14T14:51:55.514+0000] {dag.py:3096} INFO - Sync 1 DAGs
[2026-05-14T14:51:55.537+0000] {logging_mixin.py:188} INFO - [2026-05-14T14:51:55.537+0000] {dag.py:3954} INFO - Setting next_dagrun for produce_json to None, run_after=None
[2026-05-14T14:51:55.575+0000] {processor.py:183} INFO - Processing /opt/airflow/dags/main.py took 0.194 seconds
[2026-05-14T14:52:26.077+0000] {processor.py:161} INFO - Started process (PID=2672) to work on /opt/airflow/dags/main.py
[2026-05-14T14:52:26.080+0000] {processor.py:830} INFO - Processing file /opt/airflow/dags/main.py for tasks to queue
[2026-05-14T14:52:26.084+0000] {logging_mixin.py:188} INFO - [2026-05-14T14:52:26.083+0000] {dagbag.py:545} INFO - Filling up the DagBag from /opt/airflow/dags/main.py
[2026-05-14T14:52:26.254+0000] {processor.py:840} INFO - DAG(s) 'produce_json' retrieved from /opt/airflow/dags/main.py
[2026-05-14T14:52:26.301+0000] {logging_mixin.py:188} INFO - [2026-05-14T14:52:26.300+0000] {dag.py:3096} INFO - Sync 1 DAGs
[2026-05-14T14:52:26.319+0000] {logging_mixin.py:188} INFO - [2026-05-14T14:52:26.319+0000] {dag.py:3954} INFO - Setting next_dagrun for produce_json to None, run_after=None
[2026-05-14T14:52:26.350+0000] {processor.py:183} INFO - Processing /opt/airflow/dags/main.py took 0.282 seconds
[2026-05-14T14:52:56.547+0000] {processor.py:161} INFO - Started process (PID=2679) to work on /opt/airflow/dags/main.py
[2026-05-14T14:52:56.549+0000] {processor.py:830} INFO - Processing file /opt/airflow/dags/main.py for tasks to queue
[2026-05-14T14:52:56.556+0000] {logging_mixin.py:188} INFO - [2026-05-14T14:52:56.555+0000] {dagbag.py:545} INFO - Filling up the DagBag from /opt/airflow/dags/main.py
[2026-05-14T14:52:56.677+0000] {processor.py:840} INFO - DAG(s) 'produce_json' retrieved from /opt/airflow/dags/main.py
[2026-05-14T14:52:56.731+0000] {logging_mixin.py:188} INFO - [2026-05-14T14:52:56.731+0000] {dag.py:3096} INFO - Sync 1 DAGs
[2026-05-14T14:52:56.757+0000] {logging_mixin.py:188} INFO - [2026-05-14T14:52:56.757+0000] {dag.py:3954} INFO - Setting next_dagrun for produce_json to None, run_after=None
[2026-05-14T14:52:56.797+0000] {processor.py:183} INFO - Processing /opt/airflow/dags/main.py took 0.264 seconds
[2026-05-14T14:53:27.272+0000] {processor.py:161} INFO - Started process (PID=2686) to work on /opt/airflow/dags/main.py
[2026-05-14T14:53:27.275+0000] {processor.py:830} INFO - Processing file /opt/airflow/dags/main.py for tasks to queue
[2026-05-14T14:53:27.280+0000] {logging_mixin.py:188} INFO - [2026-05-14T14:53:27.279+0000] {dagbag.py:545} INFO - Filling up the DagBag from /opt/airflow/dags/main.py
[2026-05-14T14:53:27.407+0000] {processor.py:840} INFO - DAG(s) 'produce_json' retrieved from /opt/airflow/dags/main.py
[2026-05-14T14:53:27.472+0000] {logging_mixin.py:188} INFO - [2026-05-14T14:53:27.471+0000] {dag.py:3096} INFO - Sync 1 DAGs
[2026-05-14T14:53:27.503+0000] {logging_mixin.py:188} INFO - [2026-05-14T14:53:27.502+0000] {dag.py:3954} INFO - Setting next_dagrun for produce_json to None, run_after=None
[2026-05-14T14:53:27.551+0000] {processor.py:183} INFO - Processing /opt/airflow/dags/main.py took 0.294 seconds
[2026-05-14T14:53:58.029+0000] {processor.py:161} INFO - Started process (PID=2693) to work on /opt/airflow/dags/main.py
[2026-05-14T14:53:58.031+0000] {processor.py:830} INFO - Processing file /opt/airflow/dags/main.py for tasks to queue
[2026-05-14T14:53:58.036+0000] {logging_mixin.py:188} INFO - [2026-05-14T14:53:58.035+0000] {dagbag.py:545} INFO - Filling up the DagBag from /opt/airflow/dags/main.py
[2026-05-14T14:53:58.189+0000] {processor.py:840} INFO - DAG(s) 'produce_json' retrieved from /opt/airflow/dags/main.py
[2026-05-14T14:53:58.250+0000] {logging_mixin.py:188} INFO - [2026-05-14T14:53:58.249+0000] {dag.py:3096} INFO - Sync 1 DAGs
[2026-05-14T14:53:58.293+0000] {logging_mixin.py:188} INFO - [2026-05-14T14:53:58.293+0000] {dag.py:3954} INFO - Setting next_dagrun for produce_json to None, run_after=None
[2026-05-14T14:53:58.332+0000] {processor.py:183} INFO - Processing /opt/airflow/dags/main.py took 0.316 seconds
[2026-05-14T14:54:28.519+0000] {processor.py:161} INFO - Started process (PID=2700) to work on /opt/airflow/dags/main.py
[2026-05-14T14:54:28.521+0000] {processor.py:830} INFO - Processing file /opt/airflow/dags/main.py for tasks to queue
[2026-05-14T14:54:28.525+0000] {logging_mixin.py:188} INFO - [2026-05-14T14:54:28.524+0000] {dagbag.py:545} INFO - Filling up the DagBag from /opt/airflow/dags/main.py
[2026-05-14T14:54:28.619+0000] {processor.py:840} INFO - DAG(s) 'produce_json' retrieved from /opt/airflow/dags/main.py
[2026-05-14T14:54:28.655+0000] {logging_mixin.py:188} INFO - [2026-05-14T14:54:28.655+0000] {dag.py:3096} INFO - Sync 1 DAGs
[2026-05-14T14:54:28.674+0000] {logging_mixin.py:188} INFO - [2026-05-14T14:54:28.674+0000] {dag.py:3954} INFO - Setting next_dagrun for produce_json to None, run_after=None
[2026-05-14T14:54:28.710+0000] {processor.py:183} INFO - Processing /opt/airflow/dags/main.py took 0.202 seconds
[2026-05-14T14:54:58.888+0000] {processor.py:161} INFO - Started process (PID=2707) to work on /opt/airflow/dags/main.py
[2026-05-14T14:54:58.891+0000] {processor.py:830} INFO - Processing file /opt/airflow/dags/main.py for tasks to queue
[2026-05-14T14:54:58.895+0000] {logging_mixin.py:188} INFO - [2026-05-14T14:54:58.894+0000] {dagbag.py:545} INFO - Filling up the DagBag from /opt/airflow/dags/main.py
[2026-05-14T14:54:59.051+0000] {processor.py:840} INFO - DAG(s) 'produce_json' retrieved from /opt/airflow/dags/main.py
[2026-05-14T14:54:59.106+0000] {logging_mixin.py:188} INFO - [2026-05-14T14:54:59.106+0000] {dag.py:3096} INFO - Sync 1 DAGs
[2026-05-14T14:54:59.124+0000] {logging_mixin.py:188} INFO - [2026-05-14T14:54:59.124+0000] {dag.py:3954} INFO - Setting next_dagrun for produce_json to None, run_after=None
[2026-05-14T14:54:59.155+0000] {processor.py:183} INFO - Processing /opt/airflow/dags/main.py took 0.290 seconds
[2026-05-14T14:55:29.559+0000] {processor.py:161} INFO - Started process (PID=2714) to work on /opt/airflow/dags/main.py
[2026-05-14T14:55:29.561+0000] {processor.py:830} INFO - Processing file /opt/airflow/dags/main.py for tasks to queue
[2026-05-14T14:55:29.566+0000] {logging_mixin.py:188} INFO - [2026-05-14T14:55:29.565+0000] {dagbag.py:545} INFO - Filling up the DagBag from /opt/airflow/dags/main.py
[2026-05-14T14:55:29.666+0000] {processor.py:840} INFO - DAG(s) 'produce_json' retrieved from /opt/airflow/dags/main.py
[2026-05-14T14:55:29.723+0000] {logging_mixin.py:188} INFO - [2026-05-14T14:55:29.722+0000] {dag.py:3096} INFO - Sync 1 DAGs
[2026-05-14T14:55:29.756+0000] {logging_mixin.py:188} INFO - [2026-05-14T14:55:29.755+0000] {dag.py:3954} INFO - Setting next_dagrun for produce_json to None, run_after=None
[2026-05-14T14:55:29.804+0000] {processor.py:183} INFO - Processing /opt/airflow/dags/main.py took 0.262 seconds
[2026-05-14T14:56:00.072+0000] {processor.py:161} INFO - Started process (PID=2722) to work on /opt/airflow/dags/main.py
[2026-05-14T14:56:00.074+0000] {processor.py:830} INFO - Processing file /opt/airflow/dags/main.py for tasks to queue
[2026-05-14T14:56:00.077+0000] {logging_mixin.py:188} INFO - [2026-05-14T14:56:00.077+0000] {dagbag.py:545} INFO - Filling up the DagBag from /opt/airflow/dags/main.py
[2026-05-14T14:56:00.186+0000] {processor.py:840} INFO - DAG(s) 'produce_json' retrieved from /opt/airflow/dags/main.py
[2026-05-14T14:56:00.223+0000] {logging_mixin.py:188} INFO - [2026-05-14T14:56:00.223+0000] {dag.py:3096} INFO - Sync 1 DAGs
[2026-05-14T14:56:00.242+0000] {logging_mixin.py:188} INFO - [2026-05-14T14:56:00.241+0000] {dag.py:3954} INFO - Setting next_dagrun for produce_json to None, run_after=None
[2026-05-14T14:56:00.304+0000] {processor.py:183} INFO - Processing /opt/airflow/dags/main.py took 0.245 seconds
[2026-05-14T14:56:30.800+0000] {processor.py:161} INFO - Started process (PID=2729) to work on /opt/airflow/dags/main.py
[2026-05-14T14:56:30.803+0000] {processor.py:830} INFO - Processing file /opt/airflow/dags/main.py for tasks to queue
[2026-05-14T14:56:30.815+0000] {logging_mixin.py:188} INFO - [2026-05-14T14:56:30.814+0000] {dagbag.py:545} INFO - Filling up the DagBag from /opt/airflow/dags/main.py
[2026-05-14T14:56:31.092+0000] {processor.py:840} INFO - DAG(s) 'produce_json' retrieved from /opt/airflow/dags/main.py
[2026-05-14T14:56:31.149+0000] {logging_mixin.py:188} INFO - [2026-05-14T14:56:31.149+0000] {dag.py:3096} INFO - Sync 1 DAGs
[2026-05-14T14:56:31.175+0000] {logging_mixin.py:188} INFO - [2026-05-14T14:56:31.175+0000] {dag.py:3954} INFO - Setting next_dagrun for produce_json to None, run_after=None
[2026-05-14T14:56:31.224+0000] {processor.py:183} INFO - Processing /opt/airflow/dags/main.py took 0.460 seconds
[2026-05-14T14:57:01.637+0000] {processor.py:161} INFO - Started process (PID=2736) to work on /opt/airflow/dags/main.py
[2026-05-14T14:57:01.643+0000] {processor.py:830} INFO - Processing file /opt/airflow/dags/main.py for tasks to queue
[2026-05-14T14:57:01.647+0000] {logging_mixin.py:188} INFO - [2026-05-14T14:57:01.646+0000] {dagbag.py:545} INFO - Filling up the DagBag from /opt/airflow/dags/main.py
[2026-05-14T14:57:01.778+0000] {processor.py:840} INFO - DAG(s) 'produce_json' retrieved from /opt/airflow/dags/main.py
[2026-05-14T14:57:01.840+0000] {logging_mixin.py:188} INFO - [2026-05-14T14:57:01.838+0000] {dag.py:3096} INFO - Sync 1 DAGs
[2026-05-14T14:57:01.881+0000] {logging_mixin.py:188} INFO - [2026-05-14T14:57:01.880+0000] {dag.py:3954} INFO - Setting next_dagrun for produce_json to None, run_after=None
[2026-05-14T14:57:01.930+0000] {processor.py:183} INFO - Processing /opt/airflow/dags/main.py took 0.311 seconds
[2026-05-14T14:57:32.009+0000] {processor.py:161} INFO - Started process (PID=2743) to work on /opt/airflow/dags/main.py
[2026-05-14T14:57:32.014+0000] {processor.py:830} INFO - Processing file /opt/airflow/dags/main.py for tasks to queue
[2026-05-14T14:57:32.018+0000] {logging_mixin.py:188} INFO - [2026-05-14T14:57:32.018+0000] {dagbag.py:545} INFO - Filling up the DagBag from /opt/airflow/dags/main.py
[2026-05-14T14:57:32.103+0000] {processor.py:840} INFO - DAG(s) 'produce_json' retrieved from /opt/airflow/dags/main.py
[2026-05-14T14:57:32.140+0000] {logging_mixin.py:188} INFO - [2026-05-14T14:57:32.140+0000] {dag.py:3096} INFO - Sync 1 DAGs
[2026-05-14T14:57:32.159+0000] {logging_mixin.py:188} INFO - [2026-05-14T14:57:32.158+0000] {dag.py:3954} INFO - Setting next_dagrun for produce_json to None, run_after=None
[2026-05-14T14:57:32.204+0000] {processor.py:183} INFO - Processing /opt/airflow/dags/main.py took 0.209 seconds
[2026-05-14T14:58:02.458+0000] {processor.py:161} INFO - Started process (PID=2750) to work on /opt/airflow/dags/main.py
[2026-05-14T14:58:02.464+0000] {processor.py:830} INFO - Processing file /opt/airflow/dags/main.py for tasks to queue
[2026-05-14T14:58:02.479+0000] {logging_mixin.py:188} INFO - [2026-05-14T14:58:02.478+0000] {dagbag.py:545} INFO - Filling up the DagBag from /opt/airflow/dags/main.py
[2026-05-14T14:58:02.653+0000] {processor.py:840} INFO - DAG(s) 'produce_json' retrieved from /opt/airflow/dags/main.py
[2026-05-14T14:58:02.687+0000] {logging_mixin.py:188} INFO - [2026-05-14T14:58:02.687+0000] {dag.py:3096} INFO - Sync 1 DAGs
[2026-05-14T14:58:02.706+0000] {logging_mixin.py:188} INFO - [2026-05-14T14:58:02.706+0000] {dag.py:3954} INFO - Setting next_dagrun for produce_json to None, run_after=None
[2026-05-14T14:58:02.741+0000] {processor.py:183} INFO - Processing /opt/airflow/dags/main.py took 0.318 seconds
[2026-05-14T14:58:33.131+0000] {processor.py:161} INFO - Started process (PID=2763) to work on /opt/airflow/dags/main.py
[2026-05-14T14:58:33.133+0000] {processor.py:830} INFO - Processing file /opt/airflow/dags/main.py for tasks to queue
[2026-05-14T14:58:33.138+0000] {logging_mixin.py:188} INFO - [2026-05-14T14:58:33.137+0000] {dagbag.py:545} INFO - Filling up the DagBag from /opt/airflow/dags/main.py
[2026-05-14T14:58:33.278+0000] {processor.py:840} INFO - DAG(s) 'produce_json' retrieved from /opt/airflow/dags/main.py
[2026-05-14T14:58:33.321+0000] {logging_mixin.py:188} INFO - [2026-05-14T14:58:33.320+0000] {dag.py:3096} INFO - Sync 1 DAGs
[2026-05-14T14:58:33.364+0000] {logging_mixin.py:188} INFO - [2026-05-14T14:58:33.363+0000] {dag.py:3954} INFO - Setting next_dagrun for produce_json to None, run_after=None
[2026-05-14T14:58:33.432+0000] {processor.py:183} INFO - Processing /opt/airflow/dags/main.py took 0.312 seconds
[2026-05-14T14:59:04.288+0000] {processor.py:161} INFO - Started process (PID=2770) to work on /opt/airflow/dags/main.py
[2026-05-14T14:59:04.291+0000] {processor.py:830} INFO - Processing file /opt/airflow/dags/main.py for tasks to queue
[2026-05-14T14:59:04.297+0000] {logging_mixin.py:188} INFO - [2026-05-14T14:59:04.296+0000] {dagbag.py:545} INFO - Filling up the DagBag from /opt/airflow/dags/main.py
[2026-05-14T14:59:04.415+0000] {processor.py:840} INFO - DAG(s) 'produce_json' retrieved from /opt/airflow/dags/main.py
[2026-05-14T14:59:04.463+0000] {logging_mixin.py:188} INFO - [2026-05-14T14:59:04.463+0000] {dag.py:3096} INFO - Sync 1 DAGs
[2026-05-14T14:59:04.488+0000] {logging_mixin.py:188} INFO - [2026-05-14T14:59:04.487+0000] {dag.py:3954} INFO - Setting next_dagrun for produce_json to None, run_after=None
[2026-05-14T14:59:04.547+0000] {processor.py:183} INFO - Processing /opt/airflow/dags/main.py took 0.275 seconds
[2026-05-14T14:59:34.826+0000] {processor.py:161} INFO - Started process (PID=2776) to work on /opt/airflow/dags/main.py
[2026-05-14T14:59:34.829+0000] {processor.py:830} INFO - Processing file /opt/airflow/dags/main.py for tasks to queue
[2026-05-14T14:59:34.836+0000] {logging_mixin.py:188} INFO - [2026-05-14T14:59:34.835+0000] {dagbag.py:545} INFO - Filling up the DagBag from /opt/airflow/dags/main.py
[2026-05-14T14:59:35.367+0000] {processor.py:840} INFO - DAG(s) 'produce_json' retrieved from /opt/airflow/dags/main.py
[2026-05-14T14:59:35.483+0000] {logging_mixin.py:188} INFO - [2026-05-14T14:59:35.482+0000] {dag.py:3096} INFO - Sync 1 DAGs
[2026-05-14T14:59:35.507+0000] {logging_mixin.py:188} INFO - [2026-05-14T14:59:35.506+0000] {dag.py:3954} INFO - Setting next_dagrun for produce_json to None, run_after=None
[2026-05-14T14:59:35.587+0000] {processor.py:183} INFO - Processing /opt/airflow/dags/main.py took 0.778 seconds
[2026-05-14T15:00:06.026+0000] {processor.py:161} INFO - Started process (PID=2783) to work on /opt/airflow/dags/main.py
[2026-05-14T15:00:06.029+0000] {processor.py:830} INFO - Processing file /opt/airflow/dags/main.py for tasks to queue
[2026-05-14T15:00:06.034+0000] {logging_mixin.py:188} INFO - [2026-05-14T15:00:06.033+0000] {dagbag.py:545} INFO - Filling up the DagBag from /opt/airflow/dags/main.py
[2026-05-14T15:00:06.249+0000] {processor.py:840} INFO - DAG(s) 'produce_json' retrieved from /opt/airflow/dags/main.py
[2026-05-14T15:00:06.337+0000] {logging_mixin.py:188} INFO - [2026-05-14T15:00:06.336+0000] {dag.py:3096} INFO - Sync 1 DAGs
[2026-05-14T15:00:06.369+0000] {logging_mixin.py:188} INFO - [2026-05-14T15:00:06.368+0000] {dag.py:3954} INFO - Setting next_dagrun for produce_json to None, run_after=None
[2026-05-14T15:00:06.416+0000] {processor.py:183} INFO - Processing /opt/airflow/dags/main.py took 0.430 seconds
[2026-05-14T15:00:36.501+0000] {processor.py:161} INFO - Started process (PID=2790) to work on /opt/airflow/dags/main.py
[2026-05-14T15:00:36.505+0000] {processor.py:830} INFO - Processing file /opt/airflow/dags/main.py for tasks to queue
[2026-05-14T15:00:36.508+0000] {logging_mixin.py:188} INFO - [2026-05-14T15:00:36.508+0000] {dagbag.py:545} INFO - Filling up the DagBag from /opt/airflow/dags/main.py
[2026-05-14T15:00:36.622+0000] {processor.py:840} INFO - DAG(s) 'produce_json' retrieved from /opt/airflow/dags/main.py
[2026-05-14T15:00:36.681+0000] {logging_mixin.py:188} INFO - [2026-05-14T15:00:36.680+0000] {dag.py:3096} INFO - Sync 1 DAGs
[2026-05-14T15:00:36.704+0000] {logging_mixin.py:188} INFO - [2026-05-14T15:00:36.704+0000] {dag.py:3954} INFO - Setting next_dagrun for produce_json to None, run_after=None
[2026-05-14T15:00:36.748+0000] {processor.py:183} INFO - Processing /opt/airflow/dags/main.py took 0.258 seconds
[2026-05-14T15:01:07.146+0000] {processor.py:161} INFO - Started process (PID=2797) to work on /opt/airflow/dags/main.py
[2026-05-14T15:01:07.149+0000] {processor.py:830} INFO - Processing file /opt/airflow/dags/main.py for tasks to queue
[2026-05-14T15:01:07.153+0000] {logging_mixin.py:188} INFO - [2026-05-14T15:01:07.152+0000] {dagbag.py:545} INFO - Filling up the DagBag from /opt/airflow/dags/main.py
[2026-05-14T15:01:07.259+0000] {processor.py:840} INFO - DAG(s) 'produce_json' retrieved from /opt/airflow/dags/main.py
[2026-05-14T15:01:07.299+0000] {logging_mixin.py:188} INFO - [2026-05-14T15:01:07.299+0000] {dag.py:3096} INFO - Sync 1 DAGs
[2026-05-14T15:01:07.322+0000] {logging_mixin.py:188} INFO - [2026-05-14T15:01:07.321+0000] {dag.py:3954} INFO - Setting next_dagrun for produce_json to None, run_after=None
[2026-05-14T15:01:07.365+0000] {processor.py:183} INFO - Processing /opt/airflow/dags/main.py took 0.233 seconds
[2026-05-14T15:01:37.518+0000] {processor.py:161} INFO - Started process (PID=2804) to work on /opt/airflow/dags/main.py
[2026-05-14T15:01:37.520+0000] {processor.py:830} INFO - Processing file /opt/airflow/dags/main.py for tasks to queue
[2026-05-14T15:01:37.524+0000] {logging_mixin.py:188} INFO - [2026-05-14T15:01:37.523+0000] {dagbag.py:545} INFO - Filling up the DagBag from /opt/airflow/dags/main.py
[2026-05-14T15:01:37.638+0000] {processor.py:840} INFO - DAG(s) 'produce_json' retrieved from /opt/airflow/dags/main.py
[2026-05-14T15:01:37.684+0000] {logging_mixin.py:188} INFO - [2026-05-14T15:01:37.684+0000] {dag.py:3096} INFO - Sync 1 DAGs
[2026-05-14T15:01:37.709+0000] {logging_mixin.py:188} INFO - [2026-05-14T15:01:37.708+0000] {dag.py:3954} INFO - Setting next_dagrun for produce_json to None, run_after=None
[2026-05-14T15:01:37.750+0000] {processor.py:183} INFO - Processing /opt/airflow/dags/main.py took 0.247 seconds
[2026-05-14T15:02:08.027+0000] {processor.py:161} INFO - Started process (PID=2811) to work on /opt/airflow/dags/main.py
[2026-05-14T15:02:08.030+0000] {processor.py:830} INFO - Processing file /opt/airflow/dags/main.py for tasks to queue
[2026-05-14T15:02:08.034+0000] {logging_mixin.py:188} INFO - [2026-05-14T15:02:08.034+0000] {dagbag.py:545} INFO - Filling up the DagBag from /opt/airflow/dags/main.py
[2026-05-14T15:02:08.133+0000] {processor.py:840} INFO - DAG(s) 'produce_json' retrieved from /opt/airflow/dags/main.py
[2026-05-14T15:02:08.173+0000] {logging_mixin.py:188} INFO - [2026-05-14T15:02:08.173+0000] {dag.py:3096} INFO - Sync 1 DAGs
[2026-05-14T15:02:08.195+0000] {logging_mixin.py:188} INFO - [2026-05-14T15:02:08.194+0000] {dag.py:3954} INFO - Setting next_dagrun for produce_json to None, run_after=None
[2026-05-14T15:02:08.252+0000] {processor.py:183} INFO - Processing /opt/airflow/dags/main.py took 0.245 seconds
[2026-05-14T15:02:38.535+0000] {processor.py:161} INFO - Started process (PID=2818) to work on /opt/airflow/dags/main.py
[2026-05-14T15:02:38.547+0000] {processor.py:830} INFO - Processing file /opt/airflow/dags/main.py for tasks to queue
[2026-05-14T15:02:38.552+0000] {logging_mixin.py:188} INFO - [2026-05-14T15:02:38.551+0000] {dagbag.py:545} INFO - Filling up the DagBag from /opt/airflow/dags/main.py
[2026-05-14T15:02:38.802+0000] {processor.py:840} INFO - DAG(s) 'produce_json' retrieved from /opt/airflow/dags/main.py
[2026-05-14T15:02:38.859+0000] {logging_mixin.py:188} INFO - [2026-05-14T15:02:38.859+0000] {dag.py:3096} INFO - Sync 1 DAGs
[2026-05-14T15:02:38.885+0000] {logging_mixin.py:188} INFO - [2026-05-14T15:02:38.884+0000] {dag.py:3954} INFO - Setting next_dagrun for produce_json to None, run_after=None
[2026-05-14T15:02:38.925+0000] {processor.py:183} INFO - Processing /opt/airflow/dags/main.py took 0.421 seconds
[2026-05-14T15:03:09.296+0000] {processor.py:161} INFO - Started process (PID=2825) to work on /opt/airflow/dags/main.py
[2026-05-14T15:03:09.298+0000] {processor.py:830} INFO - Processing file /opt/airflow/dags/main.py for tasks to queue
[2026-05-14T15:03:09.303+0000] {logging_mixin.py:188} INFO - [2026-05-14T15:03:09.302+0000] {dagbag.py:545} INFO - Filling up the DagBag from /opt/airflow/dags/main.py
[2026-05-14T15:03:09.416+0000] {processor.py:840} INFO - DAG(s) 'produce_json' retrieved from /opt/airflow/dags/main.py
[2026-05-14T15:03:09.465+0000] {logging_mixin.py:188} INFO - [2026-05-14T15:03:09.464+0000] {dag.py:3096} INFO - Sync 1 DAGs
[2026-05-14T15:03:09.489+0000] {logging_mixin.py:188} INFO - [2026-05-14T15:03:09.489+0000] {dag.py:3954} INFO - Setting next_dagrun for produce_json to None, run_after=None
[2026-05-14T15:03:09.549+0000] {processor.py:183} INFO - Processing /opt/airflow/dags/main.py took 0.271 seconds
[2026-05-14T15:03:40.157+0000] {processor.py:161} INFO - Started process (PID=2832) to work on /opt/airflow/dags/main.py
[2026-05-14T15:03:40.162+0000] {processor.py:830} INFO - Processing file /opt/airflow/dags/main.py for tasks to queue
[2026-05-14T15:03:40.171+0000] {logging_mixin.py:188} INFO - [2026-05-14T15:03:40.168+0000] {dagbag.py:545} INFO - Filling up the DagBag from /opt/airflow/dags/main.py
[2026-05-14T15:03:40.301+0000] {processor.py:840} INFO - DAG(s) 'produce_json' retrieved from /opt/airflow/dags/main.py
[2026-05-14T15:03:40.340+0000] {logging_mixin.py:188} INFO - [2026-05-14T15:03:40.340+0000] {dag.py:3096} INFO - Sync 1 DAGs
[2026-05-14T15:03:40.363+0000] {logging_mixin.py:188} INFO - [2026-05-14T15:03:40.363+0000] {dag.py:3954} INFO - Setting next_dagrun for produce_json to None, run_after=None
[2026-05-14T15:03:40.408+0000] {processor.py:183} INFO - Processing /opt/airflow/dags/main.py took 0.271 seconds
[2026-05-14T15:04:10.777+0000] {processor.py:161} INFO - Started process (PID=2839) to work on /opt/airflow/dags/main.py
[2026-05-14T15:04:10.782+0000] {processor.py:830} INFO - Processing file /opt/airflow/dags/main.py for tasks to queue
[2026-05-14T15:04:10.787+0000] {logging_mixin.py:188} INFO - [2026-05-14T15:04:10.787+0000] {dagbag.py:545} INFO - Filling up the DagBag from /opt/airflow/dags/main.py
[2026-05-14T15:04:10.914+0000] {processor.py:840} INFO - DAG(s) 'produce_json' retrieved from /opt/airflow/dags/main.py
[2026-05-14T15:04:10.977+0000] {logging_mixin.py:188} INFO - [2026-05-14T15:04:10.976+0000] {dag.py:3096} INFO - Sync 1 DAGs
[2026-05-14T15:04:11.006+0000] {logging_mixin.py:188} INFO - [2026-05-14T15:04:11.006+0000] {dag.py:3954} INFO - Setting next_dagrun for produce_json to None, run_after=None
[2026-05-14T15:04:11.076+0000] {processor.py:183} INFO - Processing /opt/airflow/dags/main.py took 0.323 seconds
[2026-05-14T15:04:41.549+0000] {processor.py:161} INFO - Started process (PID=2846) to work on /opt/airflow/dags/main.py
[2026-05-14T15:04:41.553+0000] {processor.py:830} INFO - Processing file /opt/airflow/dags/main.py for tasks to queue
[2026-05-14T15:04:41.557+0000] {logging_mixin.py:188} INFO - [2026-05-14T15:04:41.556+0000] {dagbag.py:545} INFO - Filling up the DagBag from /opt/airflow/dags/main.py
[2026-05-14T15:04:41.648+0000] {processor.py:840} INFO - DAG(s) 'produce_json' retrieved from /opt/airflow/dags/main.py
[2026-05-14T15:04:41.691+0000] {logging_mixin.py:188} INFO - [2026-05-14T15:04:41.691+0000] {dag.py:3096} INFO - Sync 1 DAGs
[2026-05-14T15:04:41.712+0000] {logging_mixin.py:188} INFO - [2026-05-14T15:04:41.712+0000] {dag.py:3954} INFO - Setting next_dagrun for produce_json to None, run_after=None
[2026-05-14T15:04:41.755+0000] {processor.py:183} INFO - Processing /opt/airflow/dags/main.py took 0.251 seconds
[2026-05-14T15:05:11.898+0000] {processor.py:161} INFO - Started process (PID=2853) to work on /opt/airflow/dags/main.py
[2026-05-14T15:05:11.900+0000] {processor.py:830} INFO - Processing file /opt/airflow/dags/main.py for tasks to queue
[2026-05-14T15:05:11.903+0000] {logging_mixin.py:188} INFO - [2026-05-14T15:05:11.902+0000] {dagbag.py:545} INFO - Filling up the DagBag from /opt/airflow/dags/main.py
[2026-05-14T15:05:12.036+0000] {processor.py:840} INFO - DAG(s) 'produce_json' retrieved from /opt/airflow/dags/main.py
[2026-05-14T15:05:12.105+0000] {logging_mixin.py:188} INFO - [2026-05-14T15:05:12.104+0000] {dag.py:3096} INFO - Sync 1 DAGs
[2026-05-14T15:05:12.149+0000] {logging_mixin.py:188} INFO - [2026-05-14T15:05:12.146+0000] {dag.py:3954} INFO - Setting next_dagrun for produce_json to None, run_after=None
[2026-05-14T15:05:12.236+0000] {processor.py:183} INFO - Processing /opt/airflow/dags/main.py took 0.355 seconds
[2026-05-14T15:05:42.357+0000] {processor.py:161} INFO - Started process (PID=2860) to work on /opt/airflow/dags/main.py
[2026-05-14T15:05:42.360+0000] {processor.py:830} INFO - Processing file /opt/airflow/dags/main.py for tasks to queue
[2026-05-14T15:05:42.363+0000] {logging_mixin.py:188} INFO - [2026-05-14T15:05:42.363+0000] {dagbag.py:545} INFO - Filling up the DagBag from /opt/airflow/dags/main.py
[2026-05-14T15:05:42.459+0000] {processor.py:840} INFO - DAG(s) 'produce_json' retrieved from /opt/airflow/dags/main.py
[2026-05-14T15:05:42.519+0000] {logging_mixin.py:188} INFO - [2026-05-14T15:05:42.518+0000] {dag.py:3096} INFO - Sync 1 DAGs
[2026-05-14T15:05:42.546+0000] {logging_mixin.py:188} INFO - [2026-05-14T15:05:42.546+0000] {dag.py:3954} INFO - Setting next_dagrun for produce_json to None, run_after=None
[2026-05-14T15:05:42.589+0000] {processor.py:183} INFO - Processing /opt/airflow/dags/main.py took 0.245 seconds
[2026-05-14T15:06:12.816+0000] {processor.py:161} INFO - Started process (PID=2867) to work on /opt/airflow/dags/main.py
[2026-05-14T15:06:12.818+0000] {processor.py:830} INFO - Processing file /opt/airflow/dags/main.py for tasks to queue
[2026-05-14T15:06:12.822+0000] {logging_mixin.py:188} INFO - [2026-05-14T15:06:12.821+0000] {dagbag.py:545} INFO - Filling up the DagBag from /opt/airflow/dags/main.py
[2026-05-14T15:06:12.974+0000] {processor.py:840} INFO - DAG(s) 'produce_json' retrieved from /opt/airflow/dags/main.py
[2026-05-14T15:06:13.016+0000] {logging_mixin.py:188} INFO - [2026-05-14T15:06:13.016+0000] {dag.py:3096} INFO - Sync 1 DAGs
[2026-05-14T15:06:13.038+0000] {logging_mixin.py:188} INFO - [2026-05-14T15:06:13.037+0000] {dag.py:3954} INFO - Setting next_dagrun for produce_json to None, run_after=None
[2026-05-14T15:06:13.083+0000] {processor.py:183} INFO - Processing /opt/airflow/dags/main.py took 0.280 seconds
[2026-05-14T15:06:43.188+0000] {processor.py:161} INFO - Started process (PID=2874) to work on /opt/airflow/dags/main.py
[2026-05-14T15:06:43.191+0000] {processor.py:830} INFO - Processing file /opt/airflow/dags/main.py for tasks to queue
[2026-05-14T15:06:43.199+0000] {logging_mixin.py:188} INFO - [2026-05-14T15:06:43.198+0000] {dagbag.py:545} INFO - Filling up the DagBag from /opt/airflow/dags/main.py
[2026-05-14T15:06:43.333+0000] {processor.py:840} INFO - DAG(s) 'produce_json' retrieved from /opt/airflow/dags/main.py
[2026-05-14T15:06:43.391+0000] {logging_mixin.py:188} INFO - [2026-05-14T15:06:43.390+0000] {dag.py:3096} INFO - Sync 1 DAGs
[2026-05-14T15:06:43.424+0000] {logging_mixin.py:188} INFO - [2026-05-14T15:06:43.423+0000] {dag.py:3954} INFO - Setting next_dagrun for produce_json to None, run_after=None
[2026-05-14T15:06:43.469+0000] {processor.py:183} INFO - Processing /opt/airflow/dags/main.py took 0.299 seconds
[2026-05-14T15:07:13.727+0000] {processor.py:161} INFO - Started process (PID=2881) to work on /opt/airflow/dags/main.py
[2026-05-14T15:07:13.729+0000] {processor.py:830} INFO - Processing file /opt/airflow/dags/main.py for tasks to queue
[2026-05-14T15:07:13.734+0000] {logging_mixin.py:188} INFO - [2026-05-14T15:07:13.733+0000] {dagbag.py:545} INFO - Filling up the DagBag from /opt/airflow/dags/main.py
[2026-05-14T15:07:13.841+0000] {processor.py:840} INFO - DAG(s) 'produce_json' retrieved from /opt/airflow/dags/main.py
[2026-05-14T15:07:13.910+0000] {logging_mixin.py:188} INFO - [2026-05-14T15:07:13.910+0000] {dag.py:3096} INFO - Sync 1 DAGs
[2026-05-14T15:07:13.954+0000] {logging_mixin.py:188} INFO - [2026-05-14T15:07:13.953+0000] {dag.py:3954} INFO - Setting next_dagrun for produce_json to None, run_after=None
[2026-05-14T15:07:14.004+0000] {processor.py:183} INFO - Processing /opt/airflow/dags/main.py took 0.294 seconds
[2026-05-14T15:07:44.345+0000] {processor.py:161} INFO - Started process (PID=2889) to work on /opt/airflow/dags/main.py
[2026-05-14T15:07:44.347+0000] {processor.py:830} INFO - Processing file /opt/airflow/dags/main.py for tasks to queue
[2026-05-14T15:07:44.351+0000] {logging_mixin.py:188} INFO - [2026-05-14T15:07:44.351+0000] {dagbag.py:545} INFO - Filling up the DagBag from /opt/airflow/dags/main.py
[2026-05-14T15:07:44.454+0000] {processor.py:840} INFO - DAG(s) 'produce_json' retrieved from /opt/airflow/dags/main.py
[2026-05-14T15:07:44.495+0000] {logging_mixin.py:188} INFO - [2026-05-14T15:07:44.494+0000] {dag.py:3096} INFO - Sync 1 DAGs
[2026-05-14T15:07:44.519+0000] {logging_mixin.py:188} INFO - [2026-05-14T15:07:44.518+0000] {dag.py:3954} INFO - Setting next_dagrun for produce_json to None, run_after=None
[2026-05-14T15:07:44.566+0000] {processor.py:183} INFO - Processing /opt/airflow/dags/main.py took 0.237 seconds
[2026-05-14T15:08:14.671+0000] {processor.py:161} INFO - Started process (PID=2896) to work on /opt/airflow/dags/main.py
[2026-05-14T15:08:14.673+0000] {processor.py:830} INFO - Processing file /opt/airflow/dags/main.py for tasks to queue
[2026-05-14T15:08:14.679+0000] {logging_mixin.py:188} INFO - [2026-05-14T15:08:14.678+0000] {dagbag.py:545} INFO - Filling up the DagBag from /opt/airflow/dags/main.py
[2026-05-14T15:08:14.790+0000] {processor.py:840} INFO - DAG(s) 'produce_json' retrieved from /opt/airflow/dags/main.py
[2026-05-14T15:08:14.837+0000] {logging_mixin.py:188} INFO - [2026-05-14T15:08:14.836+0000] {dag.py:3096} INFO - Sync 1 DAGs
[2026-05-14T15:08:14.865+0000] {logging_mixin.py:188} INFO - [2026-05-14T15:08:14.864+0000] {dag.py:3954} INFO - Setting next_dagrun for produce_json to None, run_after=None
[2026-05-14T15:08:14.912+0000] {processor.py:183} INFO - Processing /opt/airflow/dags/main.py took 0.255 seconds
[2026-05-14T15:08:45.510+0000] {processor.py:161} INFO - Started process (PID=2903) to work on /opt/airflow/dags/main.py
[2026-05-14T15:08:45.512+0000] {processor.py:830} INFO - Processing file /opt/airflow/dags/main.py for tasks to queue
[2026-05-14T15:08:45.517+0000] {logging_mixin.py:188} INFO - [2026-05-14T15:08:45.517+0000] {dagbag.py:545} INFO - Filling up the DagBag from /opt/airflow/dags/main.py
[2026-05-14T15:08:45.625+0000] {processor.py:840} INFO - DAG(s) 'produce_json' retrieved from /opt/airflow/dags/main.py
[2026-05-14T15:08:45.678+0000] {logging_mixin.py:188} INFO - [2026-05-14T15:08:45.678+0000] {dag.py:3096} INFO - Sync 1 DAGs
[2026-05-14T15:08:45.704+0000] {logging_mixin.py:188} INFO - [2026-05-14T15:08:45.703+0000] {dag.py:3954} INFO - Setting next_dagrun for produce_json to None, run_after=None
[2026-05-14T15:08:45.743+0000] {processor.py:183} INFO - Processing /opt/airflow/dags/main.py took 0.246 seconds
[2026-05-14T15:09:15.855+0000] {processor.py:161} INFO - Started process (PID=2910) to work on /opt/airflow/dags/main.py
[2026-05-14T15:09:15.858+0000] {processor.py:830} INFO - Processing file /opt/airflow/dags/main.py for tasks to queue
[2026-05-14T15:09:15.862+0000] {logging_mixin.py:188} INFO - [2026-05-14T15:09:15.862+0000] {dagbag.py:545} INFO - Filling up the DagBag from /opt/airflow/dags/main.py
[2026-05-14T15:09:15.965+0000] {processor.py:840} INFO - DAG(s) 'produce_json' retrieved from /opt/airflow/dags/main.py
[2026-05-14T15:09:16.022+0000] {logging_mixin.py:188} INFO - [2026-05-14T15:09:16.021+0000] {dag.py:3096} INFO - Sync 1 DAGs
[2026-05-14T15:09:16.056+0000] {logging_mixin.py:188} INFO - [2026-05-14T15:09:16.055+0000] {dag.py:3954} INFO - Setting next_dagrun for produce_json to None, run_after=None
[2026-05-14T15:09:16.098+0000] {processor.py:183} INFO - Processing /opt/airflow/dags/main.py took 0.262 seconds
[2026-05-14T15:09:46.328+0000] {processor.py:161} INFO - Started process (PID=2917) to work on /opt/airflow/dags/main.py
[2026-05-14T15:09:46.331+0000] {processor.py:830} INFO - Processing file /opt/airflow/dags/main.py for tasks to queue
[2026-05-14T15:09:46.342+0000] {logging_mixin.py:188} INFO - [2026-05-14T15:09:46.341+0000] {dagbag.py:545} INFO - Filling up the DagBag from /opt/airflow/dags/main.py
[2026-05-14T15:09:46.555+0000] {processor.py:840} INFO - DAG(s) 'produce_json' retrieved from /opt/airflow/dags/main.py
[2026-05-14T15:09:46.647+0000] {logging_mixin.py:188} INFO - [2026-05-14T15:09:46.647+0000] {dag.py:3096} INFO - Sync 1 DAGs
[2026-05-14T15:09:46.692+0000] {logging_mixin.py:188} INFO - [2026-05-14T15:09:46.692+0000] {dag.py:3954} INFO - Setting next_dagrun for produce_json to None, run_after=None
[2026-05-14T15:09:46.748+0000] {processor.py:183} INFO - Processing /opt/airflow/dags/main.py took 0.445 seconds
[2026-05-14T15:10:17.055+0000] {processor.py:161} INFO - Started process (PID=2924) to work on /opt/airflow/dags/main.py
[2026-05-14T15:10:17.057+0000] {processor.py:830} INFO - Processing file /opt/airflow/dags/main.py for tasks to queue
[2026-05-14T15:10:17.062+0000] {logging_mixin.py:188} INFO - [2026-05-14T15:10:17.061+0000] {dagbag.py:545} INFO - Filling up the DagBag from /opt/airflow/dags/main.py
[2026-05-14T15:10:17.189+0000] {processor.py:840} INFO - DAG(s) 'produce_json' retrieved from /opt/airflow/dags/main.py
[2026-05-14T15:10:17.261+0000] {logging_mixin.py:188} INFO - [2026-05-14T15:10:17.261+0000] {dag.py:3096} INFO - Sync 1 DAGs
[2026-05-14T15:10:17.297+0000] {logging_mixin.py:188} INFO - [2026-05-14T15:10:17.297+0000] {dag.py:3954} INFO - Setting next_dagrun for produce_json to None, run_after=None
[2026-05-14T15:10:17.354+0000] {processor.py:183} INFO - Processing /opt/airflow/dags/main.py took 0.315 seconds
[2026-05-14T15:10:47.712+0000] {processor.py:161} INFO - Started process (PID=2931) to work on /opt/airflow/dags/main.py
[2026-05-14T15:10:47.714+0000] {processor.py:830} INFO - Processing file /opt/airflow/dags/main.py for tasks to queue
[2026-05-14T15:10:47.719+0000] {logging_mixin.py:188} INFO - [2026-05-14T15:10:47.718+0000] {dagbag.py:545} INFO - Filling up the DagBag from /opt/airflow/dags/main.py
[2026-05-14T15:10:47.824+0000] {processor.py:840} INFO - DAG(s) 'produce_json' retrieved from /opt/airflow/dags/main.py
[2026-05-14T15:10:47.872+0000] {logging_mixin.py:188} INFO - [2026-05-14T15:10:47.872+0000] {dag.py:3096} INFO - Sync 1 DAGs
[2026-05-14T15:10:47.894+0000] {logging_mixin.py:188} INFO - [2026-05-14T15:10:47.894+0000] {dag.py:3954} INFO - Setting next_dagrun for produce_json to None, run_after=None
[2026-05-14T15:10:47.939+0000] {processor.py:183} INFO - Processing /opt/airflow/dags/main.py took 0.247 seconds
[2026-05-14T15:11:18.283+0000] {processor.py:161} INFO - Started process (PID=2938) to work on /opt/airflow/dags/main.py
[2026-05-14T15:11:18.285+0000] {processor.py:830} INFO - Processing file /opt/airflow/dags/main.py for tasks to queue
[2026-05-14T15:11:18.294+0000] {logging_mixin.py:188} INFO - [2026-05-14T15:11:18.293+0000] {dagbag.py:545} INFO - Filling up the DagBag from /opt/airflow/dags/main.py
[2026-05-14T15:11:18.432+0000] {processor.py:840} INFO - DAG(s) 'produce_json' retrieved from /opt/airflow/dags/main.py
[2026-05-14T15:11:18.510+0000] {logging_mixin.py:188} INFO - [2026-05-14T15:11:18.509+0000] {dag.py:3096} INFO - Sync 1 DAGs
[2026-05-14T15:11:18.535+0000] {logging_mixin.py:188} INFO - [2026-05-14T15:11:18.535+0000] {dag.py:3954} INFO - Setting next_dagrun for produce_json to None, run_after=None
[2026-05-14T15:11:18.576+0000] {processor.py:183} INFO - Processing /opt/airflow/dags/main.py took 0.314 seconds
[2026-05-14T15:11:48.978+0000] {processor.py:161} INFO - Started process (PID=2945) to work on /opt/airflow/dags/main.py
[2026-05-14T15:11:48.981+0000] {processor.py:830} INFO - Processing file /opt/airflow/dags/main.py for tasks to queue
[2026-05-14T15:11:48.987+0000] {logging_mixin.py:188} INFO - [2026-05-14T15:11:48.987+0000] {dagbag.py:545} INFO - Filling up the DagBag from /opt/airflow/dags/main.py
[2026-05-14T15:11:49.155+0000] {processor.py:840} INFO - DAG(s) 'produce_json' retrieved from /opt/airflow/dags/main.py
[2026-05-14T15:11:49.205+0000] {logging_mixin.py:188} INFO - [2026-05-14T15:11:49.205+0000] {dag.py:3096} INFO - Sync 1 DAGs
[2026-05-14T15:11:49.234+0000] {logging_mixin.py:188} INFO - [2026-05-14T15:11:49.234+0000] {dag.py:3954} INFO - Setting next_dagrun for produce_json to None, run_after=None
[2026-05-14T15:11:49.279+0000] {processor.py:183} INFO - Processing /opt/airflow/dags/main.py took 0.322 seconds
[2026-05-14T15:12:19.599+0000] {processor.py:161} INFO - Started process (PID=2952) to work on /opt/airflow/dags/main.py
[2026-05-14T15:12:19.603+0000] {processor.py:830} INFO - Processing file /opt/airflow/dags/main.py for tasks to queue
[2026-05-14T15:12:19.608+0000] {logging_mixin.py:188} INFO - [2026-05-14T15:12:19.607+0000] {dagbag.py:545} INFO - Filling up the DagBag from /opt/airflow/dags/main.py
[2026-05-14T15:12:19.738+0000] {processor.py:840} INFO - DAG(s) 'produce_json' retrieved from /opt/airflow/dags/main.py
[2026-05-14T15:12:19.789+0000] {logging_mixin.py:188} INFO - [2026-05-14T15:12:19.788+0000] {dag.py:3096} INFO - Sync 1 DAGs
[2026-05-14T15:12:19.826+0000] {logging_mixin.py:188} INFO - [2026-05-14T15:12:19.826+0000] {dag.py:3954} INFO - Setting next_dagrun for produce_json to None, run_after=None
[2026-05-14T15:12:19.888+0000] {processor.py:183} INFO - Processing /opt/airflow/dags/main.py took 0.315 seconds
[2026-05-14T15:12:50.232+0000] {processor.py:161} INFO - Started process (PID=2959) to work on /opt/airflow/dags/main.py
[2026-05-14T15:12:50.238+0000] {processor.py:830} INFO - Processing file /opt/airflow/dags/main.py for tasks to queue
[2026-05-14T15:12:50.243+0000] {logging_mixin.py:188} INFO - [2026-05-14T15:12:50.243+0000] {dagbag.py:545} INFO - Filling up the DagBag from /opt/airflow/dags/main.py
[2026-05-14T15:12:50.365+0000] {processor.py:840} INFO - DAG(s) 'produce_json' retrieved from /opt/airflow/dags/main.py
[2026-05-14T15:12:50.412+0000] {logging_mixin.py:188} INFO - [2026-05-14T15:12:50.411+0000] {dag.py:3096} INFO - Sync 1 DAGs
[2026-05-14T15:12:50.436+0000] {logging_mixin.py:188} INFO - [2026-05-14T15:12:50.435+0000] {dag.py:3954} INFO - Setting next_dagrun for produce_json to None, run_after=None
[2026-05-14T15:12:50.486+0000] {processor.py:183} INFO - Processing /opt/airflow/dags/main.py took 0.273 seconds
[2026-05-14T15:13:20.942+0000] {processor.py:161} INFO - Started process (PID=2966) to work on /opt/airflow/dags/main.py
[2026-05-14T15:13:20.944+0000] {processor.py:830} INFO - Processing file /opt/airflow/dags/main.py for tasks to queue
[2026-05-14T15:13:20.948+0000] {logging_mixin.py:188} INFO - [2026-05-14T15:13:20.947+0000] {dagbag.py:545} INFO - Filling up the DagBag from /opt/airflow/dags/main.py
[2026-05-14T15:13:21.060+0000] {processor.py:840} INFO - DAG(s) 'produce_json' retrieved from /opt/airflow/dags/main.py
[2026-05-14T15:13:21.106+0000] {logging_mixin.py:188} INFO - [2026-05-14T15:13:21.105+0000] {dag.py:3096} INFO - Sync 1 DAGs
[2026-05-14T15:13:21.161+0000] {logging_mixin.py:188} INFO - [2026-05-14T15:13:21.161+0000] {dag.py:3954} INFO - Setting next_dagrun for produce_json to None, run_after=None
[2026-05-14T15:13:21.211+0000] {processor.py:183} INFO - Processing /opt/airflow/dags/main.py took 0.283 seconds
[2026-05-14T15:13:51.927+0000] {processor.py:161} INFO - Started process (PID=2973) to work on /opt/airflow/dags/main.py
[2026-05-14T15:13:51.931+0000] {processor.py:830} INFO - Processing file /opt/airflow/dags/main.py for tasks to queue
[2026-05-14T15:13:51.945+0000] {logging_mixin.py:188} INFO - [2026-05-14T15:13:51.944+0000] {dagbag.py:545} INFO - Filling up the DagBag from /opt/airflow/dags/main.py
[2026-05-14T15:13:52.208+0000] {processor.py:840} INFO - DAG(s) 'produce_json' retrieved from /opt/airflow/dags/main.py
[2026-05-14T15:13:52.321+0000] {logging_mixin.py:188} INFO - [2026-05-14T15:13:52.320+0000] {dag.py:3096} INFO - Sync 1 DAGs
[2026-05-14T15:13:52.378+0000] {logging_mixin.py:188} INFO - [2026-05-14T15:13:52.377+0000] {dag.py:3954} INFO - Setting next_dagrun for produce_json to None, run_after=None
[2026-05-14T15:13:52.494+0000] {processor.py:183} INFO - Processing /opt/airflow/dags/main.py took 0.595 seconds
[2026-05-14T15:14:22.857+0000] {processor.py:161} INFO - Started process (PID=2980) to work on /opt/airflow/dags/main.py
[2026-05-14T15:14:22.860+0000] {processor.py:830} INFO - Processing file /opt/airflow/dags/main.py for tasks to queue
[2026-05-14T15:14:22.863+0000] {logging_mixin.py:188} INFO - [2026-05-14T15:14:22.863+0000] {dagbag.py:545} INFO - Filling up the DagBag from /opt/airflow/dags/main.py
[2026-05-14T15:14:22.971+0000] {processor.py:840} INFO - DAG(s) 'produce_json' retrieved from /opt/airflow/dags/main.py
[2026-05-14T15:14:23.014+0000] {logging_mixin.py:188} INFO - [2026-05-14T15:14:23.014+0000] {dag.py:3096} INFO - Sync 1 DAGs
[2026-05-14T15:14:23.042+0000] {logging_mixin.py:188} INFO - [2026-05-14T15:14:23.042+0000] {dag.py:3954} INFO - Setting next_dagrun for produce_json to None, run_after=None
[2026-05-14T15:14:23.082+0000] {processor.py:183} INFO - Processing /opt/airflow/dags/main.py took 0.239 seconds
[2026-05-14T15:14:53.394+0000] {processor.py:161} INFO - Started process (PID=2987) to work on /opt/airflow/dags/main.py
[2026-05-14T15:14:53.396+0000] {processor.py:830} INFO - Processing file /opt/airflow/dags/main.py for tasks to queue
[2026-05-14T15:14:53.400+0000] {logging_mixin.py:188} INFO - [2026-05-14T15:14:53.399+0000] {dagbag.py:545} INFO - Filling up the DagBag from /opt/airflow/dags/main.py
[2026-05-14T15:14:53.500+0000] {processor.py:840} INFO - DAG(s) 'produce_json' retrieved from /opt/airflow/dags/main.py
[2026-05-14T15:14:53.545+0000] {logging_mixin.py:188} INFO - [2026-05-14T15:14:53.545+0000] {dag.py:3096} INFO - Sync 1 DAGs
[2026-05-14T15:14:53.570+0000] {logging_mixin.py:188} INFO - [2026-05-14T15:14:53.570+0000] {dag.py:3954} INFO - Setting next_dagrun for produce_json to None, run_after=None
[2026-05-14T15:14:53.616+0000] {processor.py:183} INFO - Processing /opt/airflow/dags/main.py took 0.236 seconds
[2026-05-14T15:15:23.923+0000] {processor.py:161} INFO - Started process (PID=2993) to work on /opt/airflow/dags/main.py
[2026-05-14T15:15:23.926+0000] {processor.py:830} INFO - Processing file /opt/airflow/dags/main.py for tasks to queue
[2026-05-14T15:15:23.931+0000] {logging_mixin.py:188} INFO - [2026-05-14T15:15:23.930+0000] {dagbag.py:545} INFO - Filling up the DagBag from /opt/airflow/dags/main.py
[2026-05-14T15:15:24.027+0000] {processor.py:840} INFO - DAG(s) 'produce_json' retrieved from /opt/airflow/dags/main.py
[2026-05-14T15:15:24.073+0000] {logging_mixin.py:188} INFO - [2026-05-14T15:15:24.072+0000] {dag.py:3096} INFO - Sync 1 DAGs
[2026-05-14T15:15:24.094+0000] {logging_mixin.py:188} INFO - [2026-05-14T15:15:24.093+0000] {dag.py:3954} INFO - Setting next_dagrun for produce_json to None, run_after=None
[2026-05-14T15:15:24.136+0000] {processor.py:183} INFO - Processing /opt/airflow/dags/main.py took 0.226 seconds
[2026-05-14T15:15:54.225+0000] {processor.py:161} INFO - Started process (PID=3000) to work on /opt/airflow/dags/main.py
[2026-05-14T15:15:54.228+0000] {processor.py:830} INFO - Processing file /opt/airflow/dags/main.py for tasks to queue
[2026-05-14T15:15:54.232+0000] {logging_mixin.py:188} INFO - [2026-05-14T15:15:54.231+0000] {dagbag.py:545} INFO - Filling up the DagBag from /opt/airflow/dags/main.py
[2026-05-14T15:15:54.413+0000] {processor.py:840} INFO - DAG(s) 'produce_json' retrieved from /opt/airflow/dags/main.py
[2026-05-14T15:15:54.455+0000] {logging_mixin.py:188} INFO - [2026-05-14T15:15:54.455+0000] {dag.py:3096} INFO - Sync 1 DAGs
[2026-05-14T15:15:54.480+0000] {logging_mixin.py:188} INFO - [2026-05-14T15:15:54.480+0000] {dag.py:3954} INFO - Setting next_dagrun for produce_json to None, run_after=None
[2026-05-14T15:15:54.522+0000] {processor.py:183} INFO - Processing /opt/airflow/dags/main.py took 0.318 seconds
[2026-05-14T15:16:24.720+0000] {processor.py:161} INFO - Started process (PID=3007) to work on /opt/airflow/dags/main.py
[2026-05-14T15:16:24.722+0000] {processor.py:830} INFO - Processing file /opt/airflow/dags/main.py for tasks to queue
[2026-05-14T15:16:24.725+0000] {logging_mixin.py:188} INFO - [2026-05-14T15:16:24.725+0000] {dagbag.py:545} INFO - Filling up the DagBag from /opt/airflow/dags/main.py
[2026-05-14T15:16:24.829+0000] {processor.py:840} INFO - DAG(s) 'produce_json' retrieved from /opt/airflow/dags/main.py
[2026-05-14T15:16:24.871+0000] {logging_mixin.py:188} INFO - [2026-05-14T15:16:24.871+0000] {dag.py:3096} INFO - Sync 1 DAGs
[2026-05-14T15:16:24.895+0000] {logging_mixin.py:188} INFO - [2026-05-14T15:16:24.895+0000] {dag.py:3954} INFO - Setting next_dagrun for produce_json to None, run_after=None
[2026-05-14T15:16:24.938+0000] {processor.py:183} INFO - Processing /opt/airflow/dags/main.py took 0.233 seconds
[2026-05-14T15:16:55.195+0000] {processor.py:161} INFO - Started process (PID=3014) to work on /opt/airflow/dags/main.py
[2026-05-14T15:16:55.199+0000] {processor.py:830} INFO - Processing file /opt/airflow/dags/main.py for tasks to queue
[2026-05-14T15:16:55.204+0000] {logging_mixin.py:188} INFO - [2026-05-14T15:16:55.203+0000] {dagbag.py:545} INFO - Filling up the DagBag from /opt/airflow/dags/main.py
[2026-05-14T15:16:55.328+0000] {processor.py:840} INFO - DAG(s) 'produce_json' retrieved from /opt/airflow/dags/main.py
[2026-05-14T15:16:55.384+0000] {logging_mixin.py:188} INFO - [2026-05-14T15:16:55.383+0000] {dag.py:3096} INFO - Sync 1 DAGs
[2026-05-14T15:16:55.417+0000] {logging_mixin.py:188} INFO - [2026-05-14T15:16:55.417+0000] {dag.py:3954} INFO - Setting next_dagrun for produce_json to None, run_after=None
[2026-05-14T15:16:55.460+0000] {processor.py:183} INFO - Processing /opt/airflow/dags/main.py took 0.293 seconds
[2026-05-14T15:17:25.748+0000] {processor.py:161} INFO - Started process (PID=3021) to work on /opt/airflow/dags/main.py
[2026-05-14T15:17:25.750+0000] {processor.py:830} INFO - Processing file /opt/airflow/dags/main.py for tasks to queue
[2026-05-14T15:17:25.754+0000] {logging_mixin.py:188} INFO - [2026-05-14T15:17:25.753+0000] {dagbag.py:545} INFO - Filling up the DagBag from /opt/airflow/dags/main.py
[2026-05-14T15:17:25.862+0000] {processor.py:840} INFO - DAG(s) 'produce_json' retrieved from /opt/airflow/dags/main.py
[2026-05-14T15:17:25.903+0000] {logging_mixin.py:188} INFO - [2026-05-14T15:17:25.903+0000] {dag.py:3096} INFO - Sync 1 DAGs
[2026-05-14T15:17:25.932+0000] {logging_mixin.py:188} INFO - [2026-05-14T15:17:25.932+0000] {dag.py:3954} INFO - Setting next_dagrun for produce_json to None, run_after=None
[2026-05-14T15:17:25.977+0000] {processor.py:183} INFO - Processing /opt/airflow/dags/main.py took 0.243 seconds
[2026-05-14T15:17:56.291+0000] {processor.py:161} INFO - Started process (PID=3029) to work on /opt/airflow/dags/main.py
[2026-05-14T15:17:56.294+0000] {processor.py:830} INFO - Processing file /opt/airflow/dags/main.py for tasks to queue
[2026-05-14T15:17:56.298+0000] {logging_mixin.py:188} INFO - [2026-05-14T15:17:56.298+0000] {dagbag.py:545} INFO - Filling up the DagBag from /opt/airflow/dags/main.py
[2026-05-14T15:17:56.457+0000] {processor.py:840} INFO - DAG(s) 'produce_json' retrieved from /opt/airflow/dags/main.py
[2026-05-14T15:17:56.524+0000] {logging_mixin.py:188} INFO - [2026-05-14T15:17:56.524+0000] {dag.py:3096} INFO - Sync 1 DAGs
[2026-05-14T15:17:56.562+0000] {logging_mixin.py:188} INFO - [2026-05-14T15:17:56.561+0000] {dag.py:3954} INFO - Setting next_dagrun for produce_json to None, run_after=None
[2026-05-14T15:17:56.625+0000] {processor.py:183} INFO - Processing /opt/airflow/dags/main.py took 0.347 seconds
[2026-05-14T15:18:27.030+0000] {processor.py:161} INFO - Started process (PID=3036) to work on /opt/airflow/dags/main.py
[2026-05-14T15:18:27.032+0000] {processor.py:830} INFO - Processing file /opt/airflow/dags/main.py for tasks to queue
[2026-05-14T15:18:27.038+0000] {logging_mixin.py:188} INFO - [2026-05-14T15:18:27.037+0000] {dagbag.py:545} INFO - Filling up the DagBag from /opt/airflow/dags/main.py
[2026-05-14T15:18:27.158+0000] {processor.py:840} INFO - DAG(s) 'produce_json' retrieved from /opt/airflow/dags/main.py
[2026-05-14T15:18:27.214+0000] {logging_mixin.py:188} INFO - [2026-05-14T15:18:27.213+0000] {dag.py:3096} INFO - Sync 1 DAGs
[2026-05-14T15:18:27.245+0000] {logging_mixin.py:188} INFO - [2026-05-14T15:18:27.244+0000] {dag.py:3954} INFO - Setting next_dagrun for produce_json to None, run_after=None
[2026-05-14T15:18:27.284+0000] {processor.py:183} INFO - Processing /opt/airflow/dags/main.py took 0.271 seconds
[2026-05-14T15:18:57.810+0000] {processor.py:161} INFO - Started process (PID=3043) to work on /opt/airflow/dags/main.py
[2026-05-14T15:18:57.813+0000] {processor.py:830} INFO - Processing file /opt/airflow/dags/main.py for tasks to queue
[2026-05-14T15:18:57.818+0000] {logging_mixin.py:188} INFO - [2026-05-14T15:18:57.818+0000] {dagbag.py:545} INFO - Filling up the DagBag from /opt/airflow/dags/main.py
[2026-05-14T15:18:58.015+0000] {processor.py:840} INFO - DAG(s) 'produce_json' retrieved from /opt/airflow/dags/main.py
[2026-05-14T15:18:58.084+0000] {logging_mixin.py:188} INFO - [2026-05-14T15:18:58.084+0000] {dag.py:3096} INFO - Sync 1 DAGs
[2026-05-14T15:18:58.137+0000] {logging_mixin.py:188} INFO - [2026-05-14T15:18:58.136+0000] {dag.py:3954} INFO - Setting next_dagrun for produce_json to None, run_after=None
[2026-05-14T15:18:58.208+0000] {processor.py:183} INFO - Processing /opt/airflow/dags/main.py took 0.417 seconds
[2026-05-14T15:19:28.774+0000] {processor.py:161} INFO - Started process (PID=3050) to work on /opt/airflow/dags/main.py
[2026-05-14T15:19:28.776+0000] {processor.py:830} INFO - Processing file /opt/airflow/dags/main.py for tasks to queue
[2026-05-14T15:19:28.780+0000] {logging_mixin.py:188} INFO - [2026-05-14T15:19:28.779+0000] {dagbag.py:545} INFO - Filling up the DagBag from /opt/airflow/dags/main.py
[2026-05-14T15:19:28.921+0000] {processor.py:840} INFO - DAG(s) 'produce_json' retrieved from /opt/airflow/dags/main.py
[2026-05-14T15:19:28.971+0000] {logging_mixin.py:188} INFO - [2026-05-14T15:19:28.970+0000] {dag.py:3096} INFO - Sync 1 DAGs
[2026-05-14T15:19:28.996+0000] {logging_mixin.py:188} INFO - [2026-05-14T15:19:28.995+0000] {dag.py:3954} INFO - Setting next_dagrun for produce_json to None, run_after=None
[2026-05-14T15:19:29.056+0000] {processor.py:183} INFO - Processing /opt/airflow/dags/main.py took 0.300 seconds
[2026-05-14T15:19:59.176+0000] {processor.py:161} INFO - Started process (PID=3057) to work on /opt/airflow/dags/main.py
[2026-05-14T15:19:59.178+0000] {processor.py:830} INFO - Processing file /opt/airflow/dags/main.py for tasks to queue
[2026-05-14T15:19:59.183+0000] {logging_mixin.py:188} INFO - [2026-05-14T15:19:59.182+0000] {dagbag.py:545} INFO - Filling up the DagBag from /opt/airflow/dags/main.py
[2026-05-14T15:19:59.339+0000] {processor.py:840} INFO - DAG(s) 'produce_json' retrieved from /opt/airflow/dags/main.py
[2026-05-14T15:19:59.406+0000] {logging_mixin.py:188} INFO - [2026-05-14T15:19:59.405+0000] {dag.py:3096} INFO - Sync 1 DAGs
[2026-05-14T15:19:59.459+0000] {logging_mixin.py:188} INFO - [2026-05-14T15:19:59.457+0000] {dag.py:3954} INFO - Setting next_dagrun for produce_json to None, run_after=None
[2026-05-14T15:19:59.521+0000] {processor.py:183} INFO - Processing /opt/airflow/dags/main.py took 0.374 seconds
[2026-05-14T15:20:29.826+0000] {processor.py:161} INFO - Started process (PID=3064) to work on /opt/airflow/dags/main.py
[2026-05-14T15:20:29.829+0000] {processor.py:830} INFO - Processing file /opt/airflow/dags/main.py for tasks to queue
[2026-05-14T15:20:29.836+0000] {logging_mixin.py:188} INFO - [2026-05-14T15:20:29.835+0000] {dagbag.py:545} INFO - Filling up the DagBag from /opt/airflow/dags/main.py
[2026-05-14T15:20:29.957+0000] {processor.py:840} INFO - DAG(s) 'produce_json' retrieved from /opt/airflow/dags/main.py
[2026-05-14T15:20:30.008+0000] {logging_mixin.py:188} INFO - [2026-05-14T15:20:30.006+0000] {dag.py:3096} INFO - Sync 1 DAGs
[2026-05-14T15:20:30.029+0000] {logging_mixin.py:188} INFO - [2026-05-14T15:20:30.028+0000] {dag.py:3954} INFO - Setting next_dagrun for produce_json to None, run_after=None
[2026-05-14T15:20:30.067+0000] {processor.py:183} INFO - Processing /opt/airflow/dags/main.py took 0.259 seconds
[2026-05-14T15:21:00.136+0000] {processor.py:161} INFO - Started process (PID=3071) to work on /opt/airflow/dags/main.py
[2026-05-14T15:21:00.138+0000] {processor.py:830} INFO - Processing file /opt/airflow/dags/main.py for tasks to queue
[2026-05-14T15:21:00.142+0000] {logging_mixin.py:188} INFO - [2026-05-14T15:21:00.141+0000] {dagbag.py:545} INFO - Filling up the DagBag from /opt/airflow/dags/main.py
[2026-05-14T15:21:00.253+0000] {processor.py:840} INFO - DAG(s) 'produce_json' retrieved from /opt/airflow/dags/main.py
[2026-05-14T15:21:00.302+0000] {logging_mixin.py:188} INFO - [2026-05-14T15:21:00.301+0000] {dag.py:3096} INFO - Sync 1 DAGs
[2026-05-14T15:21:00.331+0000] {logging_mixin.py:188} INFO - [2026-05-14T15:21:00.331+0000] {dag.py:3954} INFO - Setting next_dagrun for produce_json to None, run_after=None
[2026-05-14T15:21:00.375+0000] {processor.py:183} INFO - Processing /opt/airflow/dags/main.py took 0.252 seconds
[2026-05-14T15:21:30.820+0000] {processor.py:161} INFO - Started process (PID=3078) to work on /opt/airflow/dags/main.py
[2026-05-14T15:21:30.823+0000] {processor.py:830} INFO - Processing file /opt/airflow/dags/main.py for tasks to queue
[2026-05-14T15:21:30.832+0000] {logging_mixin.py:188} INFO - [2026-05-14T15:21:30.831+0000] {dagbag.py:545} INFO - Filling up the DagBag from /opt/airflow/dags/main.py
[2026-05-14T15:21:31.123+0000] {processor.py:840} INFO - DAG(s) 'produce_json' retrieved from /opt/airflow/dags/main.py
[2026-05-14T15:21:31.208+0000] {logging_mixin.py:188} INFO - [2026-05-14T15:21:31.208+0000] {dag.py:3096} INFO - Sync 1 DAGs
[2026-05-14T15:21:31.291+0000] {logging_mixin.py:188} INFO - [2026-05-14T15:21:31.290+0000] {dag.py:3954} INFO - Setting next_dagrun for produce_json to None, run_after=None
[2026-05-14T15:21:31.401+0000] {processor.py:183} INFO - Processing /opt/airflow/dags/main.py took 0.622 seconds
[2026-05-14T15:22:01.681+0000] {processor.py:161} INFO - Started process (PID=3085) to work on /opt/airflow/dags/main.py
[2026-05-14T15:22:01.684+0000] {processor.py:830} INFO - Processing file /opt/airflow/dags/main.py for tasks to queue
[2026-05-14T15:22:01.688+0000] {logging_mixin.py:188} INFO - [2026-05-14T15:22:01.687+0000] {dagbag.py:545} INFO - Filling up the DagBag from /opt/airflow/dags/main.py
[2026-05-14T15:22:01.814+0000] {processor.py:840} INFO - DAG(s) 'produce_json' retrieved from /opt/airflow/dags/main.py
[2026-05-14T15:22:01.880+0000] {logging_mixin.py:188} INFO - [2026-05-14T15:22:01.879+0000] {dag.py:3096} INFO - Sync 1 DAGs
[2026-05-14T15:22:01.934+0000] {logging_mixin.py:188} INFO - [2026-05-14T15:22:01.933+0000] {dag.py:3954} INFO - Setting next_dagrun for produce_json to None, run_after=None
[2026-05-14T15:22:02.036+0000] {processor.py:183} INFO - Processing /opt/airflow/dags/main.py took 0.392 seconds
[2026-05-14T15:22:32.292+0000] {processor.py:161} INFO - Started process (PID=3092) to work on /opt/airflow/dags/main.py
[2026-05-14T15:22:32.297+0000] {processor.py:830} INFO - Processing file /opt/airflow/dags/main.py for tasks to queue
[2026-05-14T15:22:32.312+0000] {logging_mixin.py:188} INFO - [2026-05-14T15:22:32.311+0000] {dagbag.py:545} INFO - Filling up the DagBag from /opt/airflow/dags/main.py
[2026-05-14T15:22:32.567+0000] {processor.py:840} INFO - DAG(s) 'produce_json' retrieved from /opt/airflow/dags/main.py
[2026-05-14T15:22:32.612+0000] {logging_mixin.py:188} INFO - [2026-05-14T15:22:32.612+0000] {dag.py:3096} INFO - Sync 1 DAGs
[2026-05-14T15:22:32.645+0000] {logging_mixin.py:188} INFO - [2026-05-14T15:22:32.645+0000] {dag.py:3954} INFO - Setting next_dagrun for produce_json to None, run_after=None
[2026-05-14T15:22:32.735+0000] {processor.py:183} INFO - Processing /opt/airflow/dags/main.py took 0.466 seconds
[2026-05-14T15:23:02.967+0000] {processor.py:161} INFO - Started process (PID=3099) to work on /opt/airflow/dags/main.py
[2026-05-14T15:23:02.970+0000] {processor.py:830} INFO - Processing file /opt/airflow/dags/main.py for tasks to queue
[2026-05-14T15:23:02.977+0000] {logging_mixin.py:188} INFO - [2026-05-14T15:23:02.976+0000] {dagbag.py:545} INFO - Filling up the DagBag from /opt/airflow/dags/main.py
[2026-05-14T15:23:03.163+0000] {processor.py:840} INFO - DAG(s) 'produce_json' retrieved from /opt/airflow/dags/main.py
[2026-05-14T15:23:03.269+0000] {logging_mixin.py:188} INFO - [2026-05-14T15:23:03.258+0000] {dag.py:3096} INFO - Sync 1 DAGs
[2026-05-14T15:23:03.364+0000] {logging_mixin.py:188} INFO - [2026-05-14T15:23:03.364+0000] {dag.py:3954} INFO - Setting next_dagrun for produce_json to None, run_after=None
[2026-05-14T15:23:03.458+0000] {processor.py:183} INFO - Processing /opt/airflow/dags/main.py took 0.514 seconds
[2026-05-14T15:23:33.978+0000] {processor.py:161} INFO - Started process (PID=3106) to work on /opt/airflow/dags/main.py
[2026-05-14T15:23:33.983+0000] {processor.py:830} INFO - Processing file /opt/airflow/dags/main.py for tasks to queue
[2026-05-14T15:23:33.993+0000] {logging_mixin.py:188} INFO - [2026-05-14T15:23:33.991+0000] {dagbag.py:545} INFO - Filling up the DagBag from /opt/airflow/dags/main.py
[2026-05-14T15:23:34.241+0000] {processor.py:840} INFO - DAG(s) 'produce_json' retrieved from /opt/airflow/dags/main.py
[2026-05-14T15:23:34.353+0000] {logging_mixin.py:188} INFO - [2026-05-14T15:23:34.350+0000] {dag.py:3096} INFO - Sync 1 DAGs
[2026-05-14T15:23:34.382+0000] {logging_mixin.py:188} INFO - [2026-05-14T15:23:34.382+0000] {dag.py:3954} INFO - Setting next_dagrun for produce_json to None, run_after=None
[2026-05-14T15:23:34.428+0000] {processor.py:183} INFO - Processing /opt/airflow/dags/main.py took 0.484 seconds
[2026-05-14T15:24:05.230+0000] {processor.py:161} INFO - Started process (PID=3115) to work on /opt/airflow/dags/main.py
[2026-05-14T15:24:05.234+0000] {processor.py:830} INFO - Processing file /opt/airflow/dags/main.py for tasks to queue
[2026-05-14T15:24:05.240+0000] {logging_mixin.py:188} INFO - [2026-05-14T15:24:05.239+0000] {dagbag.py:545} INFO - Filling up the DagBag from /opt/airflow/dags/main.py
[2026-05-14T15:24:05.348+0000] {processor.py:840} INFO - DAG(s) 'produce_json' retrieved from /opt/airflow/dags/main.py
[2026-05-14T15:24:05.390+0000] {logging_mixin.py:188} INFO - [2026-05-14T15:24:05.390+0000] {dag.py:3096} INFO - Sync 1 DAGs
[2026-05-14T15:24:05.410+0000] {logging_mixin.py:188} INFO - [2026-05-14T15:24:05.410+0000] {dag.py:3954} INFO - Setting next_dagrun for produce_json to None, run_after=None
[2026-05-14T15:24:05.452+0000] {processor.py:183} INFO - Processing /opt/airflow/dags/main.py took 0.241 seconds
[2026-05-14T15:24:35.827+0000] {processor.py:161} INFO - Started process (PID=3122) to work on /opt/airflow/dags/main.py
[2026-05-14T15:24:35.837+0000] {processor.py:830} INFO - Processing file /opt/airflow/dags/main.py for tasks to queue
[2026-05-14T15:24:35.844+0000] {logging_mixin.py:188} INFO - [2026-05-14T15:24:35.843+0000] {dagbag.py:545} INFO - Filling up the DagBag from /opt/airflow/dags/main.py
[2026-05-14T15:24:36.213+0000] {processor.py:840} INFO - DAG(s) 'produce_json' retrieved from /opt/airflow/dags/main.py
[2026-05-14T15:24:36.296+0000] {logging_mixin.py:188} INFO - [2026-05-14T15:24:36.295+0000] {dag.py:3096} INFO - Sync 1 DAGs
[2026-05-14T15:24:36.327+0000] {logging_mixin.py:188} INFO - [2026-05-14T15:24:36.327+0000] {dag.py:3954} INFO - Setting next_dagrun for produce_json to None, run_after=None
[2026-05-14T15:24:36.388+0000] {processor.py:183} INFO - Processing /opt/airflow/dags/main.py took 0.591 seconds
[2026-05-14T15:25:06.795+0000] {processor.py:161} INFO - Started process (PID=3129) to work on /opt/airflow/dags/main.py
[2026-05-14T15:25:06.800+0000] {processor.py:830} INFO - Processing file /opt/airflow/dags/main.py for tasks to queue
[2026-05-14T15:25:06.806+0000] {logging_mixin.py:188} INFO - [2026-05-14T15:25:06.805+0000] {dagbag.py:545} INFO - Filling up the DagBag from /opt/airflow/dags/main.py
[2026-05-14T15:25:06.932+0000] {processor.py:840} INFO - DAG(s) 'produce_json' retrieved from /opt/airflow/dags/main.py
[2026-05-14T15:25:06.982+0000] {logging_mixin.py:188} INFO - [2026-05-14T15:25:06.981+0000] {dag.py:3096} INFO - Sync 1 DAGs
[2026-05-14T15:25:07.010+0000] {logging_mixin.py:188} INFO - [2026-05-14T15:25:07.009+0000] {dag.py:3954} INFO - Setting next_dagrun for produce_json to None, run_after=None
[2026-05-14T15:25:07.067+0000] {processor.py:183} INFO - Processing /opt/airflow/dags/main.py took 0.287 seconds
[2026-05-14T15:25:37.240+0000] {processor.py:161} INFO - Started process (PID=3136) to work on /opt/airflow/dags/main.py
[2026-05-14T15:25:37.242+0000] {processor.py:830} INFO - Processing file /opt/airflow/dags/main.py for tasks to queue
[2026-05-14T15:25:37.245+0000] {logging_mixin.py:188} INFO - [2026-05-14T15:25:37.245+0000] {dagbag.py:545} INFO - Filling up the DagBag from /opt/airflow/dags/main.py
[2026-05-14T15:25:37.362+0000] {processor.py:840} INFO - DAG(s) 'produce_json' retrieved from /opt/airflow/dags/main.py
[2026-05-14T15:25:37.424+0000] {logging_mixin.py:188} INFO - [2026-05-14T15:25:37.423+0000] {dag.py:3096} INFO - Sync 1 DAGs
[2026-05-14T15:25:37.463+0000] {logging_mixin.py:188} INFO - [2026-05-14T15:25:37.463+0000] {dag.py:3954} INFO - Setting next_dagrun for produce_json to None, run_after=None
[2026-05-14T15:25:37.512+0000] {processor.py:183} INFO - Processing /opt/airflow/dags/main.py took 0.285 seconds
[2026-05-14T15:26:07.810+0000] {processor.py:161} INFO - Started process (PID=3143) to work on /opt/airflow/dags/main.py
[2026-05-14T15:26:07.812+0000] {processor.py:830} INFO - Processing file /opt/airflow/dags/main.py for tasks to queue
[2026-05-14T15:26:07.817+0000] {logging_mixin.py:188} INFO - [2026-05-14T15:26:07.816+0000] {dagbag.py:545} INFO - Filling up the DagBag from /opt/airflow/dags/main.py
[2026-05-14T15:26:07.923+0000] {processor.py:840} INFO - DAG(s) 'produce_json' retrieved from /opt/airflow/dags/main.py
[2026-05-14T15:26:07.970+0000] {logging_mixin.py:188} INFO - [2026-05-14T15:26:07.970+0000] {dag.py:3096} INFO - Sync 1 DAGs
[2026-05-14T15:26:08.003+0000] {logging_mixin.py:188} INFO - [2026-05-14T15:26:08.002+0000] {dag.py:3954} INFO - Setting next_dagrun for produce_json to None, run_after=None
[2026-05-14T15:26:08.046+0000] {processor.py:183} INFO - Processing /opt/airflow/dags/main.py took 0.252 seconds
[2026-05-14T15:26:38.352+0000] {processor.py:161} INFO - Started process (PID=3150) to work on /opt/airflow/dags/main.py
[2026-05-14T15:26:38.354+0000] {processor.py:830} INFO - Processing file /opt/airflow/dags/main.py for tasks to queue
[2026-05-14T15:26:38.358+0000] {logging_mixin.py:188} INFO - [2026-05-14T15:26:38.357+0000] {dagbag.py:545} INFO - Filling up the DagBag from /opt/airflow/dags/main.py
[2026-05-14T15:26:38.472+0000] {processor.py:840} INFO - DAG(s) 'produce_json' retrieved from /opt/airflow/dags/main.py
[2026-05-14T15:26:38.519+0000] {logging_mixin.py:188} INFO - [2026-05-14T15:26:38.519+0000] {dag.py:3096} INFO - Sync 1 DAGs
[2026-05-14T15:26:38.549+0000] {logging_mixin.py:188} INFO - [2026-05-14T15:26:38.549+0000] {dag.py:3954} INFO - Setting next_dagrun for produce_json to None, run_after=None
[2026-05-14T15:26:38.596+0000] {processor.py:183} INFO - Processing /opt/airflow/dags/main.py took 0.259 seconds
[2026-05-14T15:27:08.958+0000] {processor.py:161} INFO - Started process (PID=3157) to work on /opt/airflow/dags/main.py
[2026-05-14T15:27:08.960+0000] {processor.py:830} INFO - Processing file /opt/airflow/dags/main.py for tasks to queue
[2026-05-14T15:27:08.964+0000] {logging_mixin.py:188} INFO - [2026-05-14T15:27:08.964+0000] {dagbag.py:545} INFO - Filling up the DagBag from /opt/airflow/dags/main.py
[2026-05-14T15:27:09.085+0000] {processor.py:840} INFO - DAG(s) 'produce_json' retrieved from /opt/airflow/dags/main.py
[2026-05-14T15:27:09.140+0000] {logging_mixin.py:188} INFO - [2026-05-14T15:27:09.139+0000] {dag.py:3096} INFO - Sync 1 DAGs
[2026-05-14T15:27:09.168+0000] {logging_mixin.py:188} INFO - [2026-05-14T15:27:09.167+0000] {dag.py:3954} INFO - Setting next_dagrun for produce_json to None, run_after=None
[2026-05-14T15:27:09.214+0000] {processor.py:183} INFO - Processing /opt/airflow/dags/main.py took 0.270 seconds
[2026-05-14T15:27:39.308+0000] {processor.py:161} INFO - Started process (PID=3164) to work on /opt/airflow/dags/main.py
[2026-05-14T15:27:39.310+0000] {processor.py:830} INFO - Processing file /opt/airflow/dags/main.py for tasks to queue
[2026-05-14T15:27:39.315+0000] {logging_mixin.py:188} INFO - [2026-05-14T15:27:39.314+0000] {dagbag.py:545} INFO - Filling up the DagBag from /opt/airflow/dags/main.py
[2026-05-14T15:27:39.433+0000] {processor.py:840} INFO - DAG(s) 'produce_json' retrieved from /opt/airflow/dags/main.py
[2026-05-14T15:27:39.481+0000] {logging_mixin.py:188} INFO - [2026-05-14T15:27:39.481+0000] {dag.py:3096} INFO - Sync 1 DAGs
[2026-05-14T15:27:39.524+0000] {logging_mixin.py:188} INFO - [2026-05-14T15:27:39.522+0000] {dag.py:3954} INFO - Setting next_dagrun for produce_json to None, run_after=None
[2026-05-14T15:27:39.619+0000] {processor.py:183} INFO - Processing /opt/airflow/dags/main.py took 0.333 seconds
[2026-05-14T15:28:10.684+0000] {processor.py:161} INFO - Started process (PID=3170) to work on /opt/airflow/dags/main.py
[2026-05-14T15:28:10.689+0000] {processor.py:830} INFO - Processing file /opt/airflow/dags/main.py for tasks to queue
[2026-05-14T15:28:10.706+0000] {logging_mixin.py:188} INFO - [2026-05-14T15:28:10.705+0000] {dagbag.py:545} INFO - Filling up the DagBag from /opt/airflow/dags/main.py
[2026-05-14T15:28:10.901+0000] {processor.py:840} INFO - DAG(s) 'produce_json' retrieved from /opt/airflow/dags/main.py
[2026-05-14T15:28:10.993+0000] {logging_mixin.py:188} INFO - [2026-05-14T15:28:10.992+0000] {dag.py:3096} INFO - Sync 1 DAGs
[2026-05-14T15:28:11.052+0000] {logging_mixin.py:188} INFO - [2026-05-14T15:28:11.050+0000] {dag.py:3954} INFO - Setting next_dagrun for produce_json to None, run_after=None
[2026-05-14T15:28:11.169+0000] {processor.py:183} INFO - Processing /opt/airflow/dags/main.py took 0.520 seconds
[2026-05-14T15:28:41.832+0000] {processor.py:161} INFO - Started process (PID=3177) to work on /opt/airflow/dags/main.py
[2026-05-14T15:28:41.834+0000] {processor.py:830} INFO - Processing file /opt/airflow/dags/main.py for tasks to queue
[2026-05-14T15:28:41.838+0000] {logging_mixin.py:188} INFO - [2026-05-14T15:28:41.837+0000] {dagbag.py:545} INFO - Filling up the DagBag from /opt/airflow/dags/main.py
[2026-05-14T15:28:42.014+0000] {processor.py:840} INFO - DAG(s) 'produce_json' retrieved from /opt/airflow/dags/main.py
[2026-05-14T15:28:42.068+0000] {logging_mixin.py:188} INFO - [2026-05-14T15:28:42.067+0000] {dag.py:3096} INFO - Sync 1 DAGs
[2026-05-14T15:28:42.100+0000] {logging_mixin.py:188} INFO - [2026-05-14T15:28:42.100+0000] {dag.py:3954} INFO - Setting next_dagrun for produce_json to None, run_after=None
[2026-05-14T15:28:42.149+0000] {processor.py:183} INFO - Processing /opt/airflow/dags/main.py took 0.330 seconds
[2026-05-14T15:29:12.543+0000] {processor.py:161} INFO - Started process (PID=3184) to work on /opt/airflow/dags/main.py
[2026-05-14T15:29:12.549+0000] {processor.py:830} INFO - Processing file /opt/airflow/dags/main.py for tasks to queue
[2026-05-14T15:29:12.557+0000] {logging_mixin.py:188} INFO - [2026-05-14T15:29:12.555+0000] {dagbag.py:545} INFO - Filling up the DagBag from /opt/airflow/dags/main.py
[2026-05-14T15:29:12.777+0000] {processor.py:840} INFO - DAG(s) 'produce_json' retrieved from /opt/airflow/dags/main.py
[2026-05-14T15:29:12.839+0000] {logging_mixin.py:188} INFO - [2026-05-14T15:29:12.839+0000] {dag.py:3096} INFO - Sync 1 DAGs
[2026-05-14T15:29:12.871+0000] {logging_mixin.py:188} INFO - [2026-05-14T15:29:12.871+0000] {dag.py:3954} INFO - Setting next_dagrun for produce_json to None, run_after=None
[2026-05-14T15:29:12.916+0000] {processor.py:183} INFO - Processing /opt/airflow/dags/main.py took 0.417 seconds
[2026-05-14T15:29:43.391+0000] {processor.py:161} INFO - Started process (PID=3191) to work on /opt/airflow/dags/main.py
[2026-05-14T15:29:43.394+0000] {processor.py:830} INFO - Processing file /opt/airflow/dags/main.py for tasks to queue
[2026-05-14T15:29:43.402+0000] {logging_mixin.py:188} INFO - [2026-05-14T15:29:43.401+0000] {dagbag.py:545} INFO - Filling up the DagBag from /opt/airflow/dags/main.py
[2026-05-14T15:29:43.626+0000] {processor.py:840} INFO - DAG(s) 'produce_json' retrieved from /opt/airflow/dags/main.py
[2026-05-14T15:29:43.697+0000] {logging_mixin.py:188} INFO - [2026-05-14T15:29:43.696+0000] {dag.py:3096} INFO - Sync 1 DAGs
[2026-05-14T15:29:43.720+0000] {logging_mixin.py:188} INFO - [2026-05-14T15:29:43.720+0000] {dag.py:3954} INFO - Setting next_dagrun for produce_json to None, run_after=None
[2026-05-14T15:29:43.764+0000] {processor.py:183} INFO - Processing /opt/airflow/dags/main.py took 0.395 seconds
[2026-05-14T15:30:14.229+0000] {processor.py:161} INFO - Started process (PID=3204) to work on /opt/airflow/dags/main.py
[2026-05-14T15:30:14.240+0000] {processor.py:830} INFO - Processing file /opt/airflow/dags/main.py for tasks to queue
[2026-05-14T15:30:14.249+0000] {logging_mixin.py:188} INFO - [2026-05-14T15:30:14.248+0000] {dagbag.py:545} INFO - Filling up the DagBag from /opt/airflow/dags/main.py
[2026-05-14T15:30:14.476+0000] {processor.py:840} INFO - DAG(s) 'produce_json' retrieved from /opt/airflow/dags/main.py
[2026-05-14T15:30:14.547+0000] {logging_mixin.py:188} INFO - [2026-05-14T15:30:14.546+0000] {dag.py:3096} INFO - Sync 1 DAGs
[2026-05-14T15:30:14.576+0000] {logging_mixin.py:188} INFO - [2026-05-14T15:30:14.576+0000] {dag.py:3954} INFO - Setting next_dagrun for produce_json to None, run_after=None
[2026-05-14T15:30:14.638+0000] {processor.py:183} INFO - Processing /opt/airflow/dags/main.py took 0.463 seconds
[2026-05-14T15:30:45.136+0000] {processor.py:161} INFO - Started process (PID=3211) to work on /opt/airflow/dags/main.py
[2026-05-14T15:30:45.138+0000] {processor.py:830} INFO - Processing file /opt/airflow/dags/main.py for tasks to queue
[2026-05-14T15:30:45.141+0000] {logging_mixin.py:188} INFO - [2026-05-14T15:30:45.141+0000] {dagbag.py:545} INFO - Filling up the DagBag from /opt/airflow/dags/main.py
[2026-05-14T15:30:45.241+0000] {processor.py:840} INFO - DAG(s) 'produce_json' retrieved from /opt/airflow/dags/main.py
[2026-05-14T15:30:45.285+0000] {logging_mixin.py:188} INFO - [2026-05-14T15:30:45.285+0000] {dag.py:3096} INFO - Sync 1 DAGs
[2026-05-14T15:30:45.307+0000] {logging_mixin.py:188} INFO - [2026-05-14T15:30:45.307+0000] {dag.py:3954} INFO - Setting next_dagrun for produce_json to None, run_after=None
[2026-05-14T15:30:45.374+0000] {processor.py:183} INFO - Processing /opt/airflow/dags/main.py took 0.250 seconds
[2026-05-14T15:31:15.674+0000] {processor.py:161} INFO - Started process (PID=3218) to work on /opt/airflow/dags/main.py
[2026-05-14T15:31:15.678+0000] {processor.py:830} INFO - Processing file /opt/airflow/dags/main.py for tasks to queue
[2026-05-14T15:31:15.683+0000] {logging_mixin.py:188} INFO - [2026-05-14T15:31:15.682+0000] {dagbag.py:545} INFO - Filling up the DagBag from /opt/airflow/dags/main.py
[2026-05-14T15:31:15.824+0000] {processor.py:840} INFO - DAG(s) 'produce_json' retrieved from /opt/airflow/dags/main.py
[2026-05-14T15:31:15.890+0000] {logging_mixin.py:188} INFO - [2026-05-14T15:31:15.889+0000] {dag.py:3096} INFO - Sync 1 DAGs
[2026-05-14T15:31:15.931+0000] {logging_mixin.py:188} INFO - [2026-05-14T15:31:15.931+0000] {dag.py:3954} INFO - Setting next_dagrun for produce_json to None, run_after=None
[2026-05-14T15:31:15.989+0000] {processor.py:183} INFO - Processing /opt/airflow/dags/main.py took 0.333 seconds
[2026-05-14T15:31:46.352+0000] {processor.py:161} INFO - Started process (PID=3224) to work on /opt/airflow/dags/main.py
[2026-05-14T15:31:46.355+0000] {processor.py:830} INFO - Processing file /opt/airflow/dags/main.py for tasks to queue
[2026-05-14T15:31:46.362+0000] {logging_mixin.py:188} INFO - [2026-05-14T15:31:46.361+0000] {dagbag.py:545} INFO - Filling up the DagBag from /opt/airflow/dags/main.py
[2026-05-14T15:31:46.506+0000] {processor.py:840} INFO - DAG(s) 'produce_json' retrieved from /opt/airflow/dags/main.py
[2026-05-14T15:31:46.581+0000] {logging_mixin.py:188} INFO - [2026-05-14T15:31:46.580+0000] {dag.py:3096} INFO - Sync 1 DAGs
[2026-05-14T15:31:46.629+0000] {logging_mixin.py:188} INFO - [2026-05-14T15:31:46.628+0000] {dag.py:3954} INFO - Setting next_dagrun for produce_json to None, run_after=None
[2026-05-14T15:31:46.712+0000] {processor.py:183} INFO - Processing /opt/airflow/dags/main.py took 0.379 seconds
[2026-05-14T15:32:17.105+0000] {processor.py:161} INFO - Started process (PID=3231) to work on /opt/airflow/dags/main.py
[2026-05-14T15:32:17.107+0000] {processor.py:830} INFO - Processing file /opt/airflow/dags/main.py for tasks to queue
[2026-05-14T15:32:17.111+0000] {logging_mixin.py:188} INFO - [2026-05-14T15:32:17.110+0000] {dagbag.py:545} INFO - Filling up the DagBag from /opt/airflow/dags/main.py
[2026-05-14T15:32:17.261+0000] {processor.py:840} INFO - DAG(s) 'produce_json' retrieved from /opt/airflow/dags/main.py
[2026-05-14T15:32:17.356+0000] {logging_mixin.py:188} INFO - [2026-05-14T15:32:17.355+0000] {dag.py:3096} INFO - Sync 1 DAGs
[2026-05-14T15:32:17.392+0000] {logging_mixin.py:188} INFO - [2026-05-14T15:32:17.392+0000] {dag.py:3954} INFO - Setting next_dagrun for produce_json to None, run_after=None
[2026-05-14T15:32:17.432+0000] {processor.py:183} INFO - Processing /opt/airflow/dags/main.py took 0.339 seconds
[2026-05-14T15:32:47.826+0000] {processor.py:161} INFO - Started process (PID=3238) to work on /opt/airflow/dags/main.py
[2026-05-14T15:32:47.828+0000] {processor.py:830} INFO - Processing file /opt/airflow/dags/main.py for tasks to queue
[2026-05-14T15:32:47.832+0000] {logging_mixin.py:188} INFO - [2026-05-14T15:32:47.832+0000] {dagbag.py:545} INFO - Filling up the DagBag from /opt/airflow/dags/main.py
[2026-05-14T15:32:47.938+0000] {processor.py:840} INFO - DAG(s) 'produce_json' retrieved from /opt/airflow/dags/main.py
[2026-05-14T15:32:47.973+0000] {logging_mixin.py:188} INFO - [2026-05-14T15:32:47.973+0000] {dag.py:3096} INFO - Sync 1 DAGs
[2026-05-14T15:32:47.992+0000] {logging_mixin.py:188} INFO - [2026-05-14T15:32:47.992+0000] {dag.py:3954} INFO - Setting next_dagrun for produce_json to None, run_after=None
[2026-05-14T15:32:48.028+0000] {processor.py:183} INFO - Processing /opt/airflow/dags/main.py took 0.231 seconds
[2026-05-14T15:33:18.170+0000] {processor.py:161} INFO - Started process (PID=3245) to work on /opt/airflow/dags/main.py
[2026-05-14T15:33:18.173+0000] {processor.py:830} INFO - Processing file /opt/airflow/dags/main.py for tasks to queue
[2026-05-14T15:33:18.177+0000] {logging_mixin.py:188} INFO - [2026-05-14T15:33:18.177+0000] {dagbag.py:545} INFO - Filling up the DagBag from /opt/airflow/dags/main.py
[2026-05-14T15:33:18.388+0000] {processor.py:840} INFO - DAG(s) 'produce_json' retrieved from /opt/airflow/dags/main.py
[2026-05-14T15:33:18.453+0000] {logging_mixin.py:188} INFO - [2026-05-14T15:33:18.452+0000] {dag.py:3096} INFO - Sync 1 DAGs
[2026-05-14T15:33:18.493+0000] {logging_mixin.py:188} INFO - [2026-05-14T15:33:18.492+0000] {dag.py:3954} INFO - Setting next_dagrun for produce_json to None, run_after=None
[2026-05-14T15:33:18.565+0000] {processor.py:183} INFO - Processing /opt/airflow/dags/main.py took 0.413 seconds
[2026-05-14T18:33:58.519+0000] {processor.py:161} INFO - Started process (PID=3253) to work on /opt/airflow/dags/main.py
[2026-05-14T18:33:58.540+0000] {processor.py:830} INFO - Processing file /opt/airflow/dags/main.py for tasks to queue
[2026-05-14T18:33:58.557+0000] {logging_mixin.py:188} INFO - [2026-05-14T18:33:58.556+0000] {dagbag.py:545} INFO - Filling up the DagBag from /opt/airflow/dags/main.py
[2026-05-14T18:33:59.324+0000] {processor.py:840} INFO - DAG(s) 'produce_json' retrieved from /opt/airflow/dags/main.py
[2026-05-14T18:33:59.468+0000] {logging_mixin.py:188} INFO - [2026-05-14T18:33:59.468+0000] {dag.py:3096} INFO - Sync 1 DAGs
[2026-05-14T18:34:00.312+0000] {logging_mixin.py:188} INFO - [2026-05-14T18:34:00.204+0000] {dag.py:3954} INFO - Setting next_dagrun for produce_json to None, run_after=None
[2026-05-14T18:34:03.082+0000] {processor.py:183} INFO - Processing /opt/airflow/dags/main.py took 4.608 seconds
[2026-05-14T18:50:06.122+0000] {processor.py:161} INFO - Started process (PID=3259) to work on /opt/airflow/dags/main.py
[2026-05-14T18:50:06.145+0000] {processor.py:830} INFO - Processing file /opt/airflow/dags/main.py for tasks to queue
[2026-05-14T18:50:06.170+0000] {logging_mixin.py:188} INFO - [2026-05-14T18:50:06.169+0000] {dagbag.py:545} INFO - Filling up the DagBag from /opt/airflow/dags/main.py
[2026-05-14T18:50:06.528+0000] {processor.py:840} INFO - DAG(s) 'produce_json' retrieved from /opt/airflow/dags/main.py
[2026-05-14T18:50:06.779+0000] {logging_mixin.py:188} INFO - [2026-05-14T18:50:06.779+0000] {dag.py:3096} INFO - Sync 1 DAGs
[2026-05-14T18:50:07.008+0000] {logging_mixin.py:188} INFO - [2026-05-14T18:50:06.995+0000] {dag.py:3954} INFO - Setting next_dagrun for produce_json to None, run_after=None
[2026-05-14T18:50:07.233+0000] {processor.py:183} INFO - Processing /opt/airflow/dags/main.py took 1.146 seconds
[2026-05-14T18:50:37.567+0000] {processor.py:161} INFO - Started process (PID=3266) to work on /opt/airflow/dags/main.py
[2026-05-14T18:50:37.573+0000] {processor.py:830} INFO - Processing file /opt/airflow/dags/main.py for tasks to queue
[2026-05-14T18:50:37.615+0000] {logging_mixin.py:188} INFO - [2026-05-14T18:50:37.614+0000] {dagbag.py:545} INFO - Filling up the DagBag from /opt/airflow/dags/main.py
[2026-05-14T18:50:37.867+0000] {processor.py:840} INFO - DAG(s) 'produce_json' retrieved from /opt/airflow/dags/main.py
[2026-05-14T18:50:38.027+0000] {logging_mixin.py:188} INFO - [2026-05-14T18:50:38.026+0000] {dag.py:3096} INFO - Sync 1 DAGs
[2026-05-14T18:50:38.121+0000] {logging_mixin.py:188} INFO - [2026-05-14T18:50:38.120+0000] {dag.py:3954} INFO - Setting next_dagrun for produce_json to None, run_after=None
[2026-05-14T18:50:38.250+0000] {processor.py:183} INFO - Processing /opt/airflow/dags/main.py took 0.750 seconds
[2026-05-14T18:51:08.821+0000] {processor.py:161} INFO - Started process (PID=3273) to work on /opt/airflow/dags/main.py
[2026-05-14T18:51:08.824+0000] {processor.py:830} INFO - Processing file /opt/airflow/dags/main.py for tasks to queue
[2026-05-14T18:51:08.831+0000] {logging_mixin.py:188} INFO - [2026-05-14T18:51:08.830+0000] {dagbag.py:545} INFO - Filling up the DagBag from /opt/airflow/dags/main.py
[2026-05-14T18:51:09.078+0000] {processor.py:840} INFO - DAG(s) 'produce_json' retrieved from /opt/airflow/dags/main.py
[2026-05-14T18:51:09.258+0000] {logging_mixin.py:188} INFO - [2026-05-14T18:51:09.258+0000] {dag.py:3096} INFO - Sync 1 DAGs
[2026-05-14T18:51:09.302+0000] {logging_mixin.py:188} INFO - [2026-05-14T18:51:09.301+0000] {dag.py:3954} INFO - Setting next_dagrun for produce_json to None, run_after=None
[2026-05-14T18:51:09.371+0000] {processor.py:183} INFO - Processing /opt/airflow/dags/main.py took 0.584 seconds
[2026-05-14T18:51:39.830+0000] {processor.py:161} INFO - Started process (PID=3280) to work on /opt/airflow/dags/main.py
[2026-05-14T18:51:39.836+0000] {processor.py:830} INFO - Processing file /opt/airflow/dags/main.py for tasks to queue
[2026-05-14T18:51:39.843+0000] {logging_mixin.py:188} INFO - [2026-05-14T18:51:39.842+0000] {dagbag.py:545} INFO - Filling up the DagBag from /opt/airflow/dags/main.py
[2026-05-14T18:51:40.073+0000] {processor.py:840} INFO - DAG(s) 'produce_json' retrieved from /opt/airflow/dags/main.py
[2026-05-14T18:51:40.168+0000] {logging_mixin.py:188} INFO - [2026-05-14T18:51:40.168+0000] {dag.py:3096} INFO - Sync 1 DAGs
[2026-05-14T18:51:40.231+0000] {logging_mixin.py:188} INFO - [2026-05-14T18:51:40.230+0000] {dag.py:3954} INFO - Setting next_dagrun for produce_json to None, run_after=None
[2026-05-14T18:51:40.291+0000] {processor.py:183} INFO - Processing /opt/airflow/dags/main.py took 0.497 seconds
[2026-05-14T18:52:10.715+0000] {processor.py:161} INFO - Started process (PID=3288) to work on /opt/airflow/dags/main.py
[2026-05-14T18:52:10.719+0000] {processor.py:830} INFO - Processing file /opt/airflow/dags/main.py for tasks to queue
[2026-05-14T18:52:10.727+0000] {logging_mixin.py:188} INFO - [2026-05-14T18:52:10.726+0000] {dagbag.py:545} INFO - Filling up the DagBag from /opt/airflow/dags/main.py
[2026-05-14T18:52:10.869+0000] {processor.py:840} INFO - DAG(s) 'produce_json' retrieved from /opt/airflow/dags/main.py
[2026-05-14T18:52:10.936+0000] {logging_mixin.py:188} INFO - [2026-05-14T18:52:10.936+0000] {dag.py:3096} INFO - Sync 1 DAGs
[2026-05-14T18:52:10.987+0000] {logging_mixin.py:188} INFO - [2026-05-14T18:52:10.986+0000] {dag.py:3954} INFO - Setting next_dagrun for produce_json to None, run_after=None
[2026-05-14T18:52:11.062+0000] {processor.py:183} INFO - Processing /opt/airflow/dags/main.py took 0.415 seconds
[2026-05-14T18:52:41.621+0000] {processor.py:161} INFO - Started process (PID=3296) to work on /opt/airflow/dags/main.py
[2026-05-14T18:52:41.627+0000] {processor.py:830} INFO - Processing file /opt/airflow/dags/main.py for tasks to queue
[2026-05-14T18:52:41.636+0000] {logging_mixin.py:188} INFO - [2026-05-14T18:52:41.635+0000] {dagbag.py:545} INFO - Filling up the DagBag from /opt/airflow/dags/main.py
[2026-05-14T18:52:41.941+0000] {processor.py:840} INFO - DAG(s) 'produce_json' retrieved from /opt/airflow/dags/main.py
[2026-05-14T18:52:42.037+0000] {logging_mixin.py:188} INFO - [2026-05-14T18:52:42.036+0000] {dag.py:3096} INFO - Sync 1 DAGs
[2026-05-14T18:52:42.131+0000] {logging_mixin.py:188} INFO - [2026-05-14T18:52:42.127+0000] {dag.py:3954} INFO - Setting next_dagrun for produce_json to None, run_after=None
[2026-05-14T18:52:42.270+0000] {processor.py:183} INFO - Processing /opt/airflow/dags/main.py took 0.688 seconds
[2026-05-14T18:53:12.650+0000] {processor.py:161} INFO - Started process (PID=3303) to work on /opt/airflow/dags/main.py
[2026-05-14T18:53:12.653+0000] {processor.py:830} INFO - Processing file /opt/airflow/dags/main.py for tasks to queue
[2026-05-14T18:53:12.659+0000] {logging_mixin.py:188} INFO - [2026-05-14T18:53:12.659+0000] {dagbag.py:545} INFO - Filling up the DagBag from /opt/airflow/dags/main.py
[2026-05-14T18:53:12.834+0000] {processor.py:840} INFO - DAG(s) 'produce_json' retrieved from /opt/airflow/dags/main.py
[2026-05-14T18:53:12.898+0000] {logging_mixin.py:188} INFO - [2026-05-14T18:53:12.898+0000] {dag.py:3096} INFO - Sync 1 DAGs
[2026-05-14T18:53:12.934+0000] {logging_mixin.py:188} INFO - [2026-05-14T18:53:12.933+0000] {dag.py:3954} INFO - Setting next_dagrun for produce_json to None, run_after=None
[2026-05-14T18:53:13.006+0000] {processor.py:183} INFO - Processing /opt/airflow/dags/main.py took 0.379 seconds
[2026-05-14T18:53:43.924+0000] {processor.py:161} INFO - Started process (PID=3310) to work on /opt/airflow/dags/main.py
[2026-05-14T18:53:43.928+0000] {processor.py:830} INFO - Processing file /opt/airflow/dags/main.py for tasks to queue
[2026-05-14T18:53:43.937+0000] {logging_mixin.py:188} INFO - [2026-05-14T18:53:43.936+0000] {dagbag.py:545} INFO - Filling up the DagBag from /opt/airflow/dags/main.py
[2026-05-14T18:53:44.081+0000] {processor.py:840} INFO - DAG(s) 'produce_json' retrieved from /opt/airflow/dags/main.py
[2026-05-14T18:53:44.267+0000] {logging_mixin.py:188} INFO - [2026-05-14T18:53:44.267+0000] {dag.py:3096} INFO - Sync 1 DAGs
[2026-05-14T18:53:44.346+0000] {logging_mixin.py:188} INFO - [2026-05-14T18:53:44.345+0000] {dag.py:3954} INFO - Setting next_dagrun for produce_json to None, run_after=None
[2026-05-14T18:53:44.444+0000] {processor.py:183} INFO - Processing /opt/airflow/dags/main.py took 0.547 seconds
[2026-05-14T18:54:14.952+0000] {processor.py:161} INFO - Started process (PID=3317) to work on /opt/airflow/dags/main.py
[2026-05-14T18:54:14.955+0000] {processor.py:830} INFO - Processing file /opt/airflow/dags/main.py for tasks to queue
[2026-05-14T18:54:14.962+0000] {logging_mixin.py:188} INFO - [2026-05-14T18:54:14.961+0000] {dagbag.py:545} INFO - Filling up the DagBag from /opt/airflow/dags/main.py
[2026-05-14T18:54:15.101+0000] {processor.py:840} INFO - DAG(s) 'produce_json' retrieved from /opt/airflow/dags/main.py
[2026-05-14T18:54:15.168+0000] {logging_mixin.py:188} INFO - [2026-05-14T18:54:15.167+0000] {dag.py:3096} INFO - Sync 1 DAGs
[2026-05-14T18:54:15.209+0000] {logging_mixin.py:188} INFO - [2026-05-14T18:54:15.208+0000] {dag.py:3954} INFO - Setting next_dagrun for produce_json to None, run_after=None
[2026-05-14T18:54:15.268+0000] {processor.py:183} INFO - Processing /opt/airflow/dags/main.py took 0.336 seconds
[2026-05-14T18:54:45.783+0000] {processor.py:161} INFO - Started process (PID=3324) to work on /opt/airflow/dags/main.py
[2026-05-14T18:54:45.788+0000] {processor.py:830} INFO - Processing file /opt/airflow/dags/main.py for tasks to queue
[2026-05-14T18:54:45.801+0000] {logging_mixin.py:188} INFO - [2026-05-14T18:54:45.800+0000] {dagbag.py:545} INFO - Filling up the DagBag from /opt/airflow/dags/main.py
[2026-05-14T18:54:46.075+0000] {processor.py:840} INFO - DAG(s) 'produce_json' retrieved from /opt/airflow/dags/main.py
[2026-05-14T18:54:46.189+0000] {logging_mixin.py:188} INFO - [2026-05-14T18:54:46.189+0000] {dag.py:3096} INFO - Sync 1 DAGs
[2026-05-14T18:54:46.258+0000] {logging_mixin.py:188} INFO - [2026-05-14T18:54:46.257+0000] {dag.py:3954} INFO - Setting next_dagrun for produce_json to None, run_after=None
[2026-05-14T18:54:46.355+0000] {processor.py:183} INFO - Processing /opt/airflow/dags/main.py took 0.616 seconds
[2026-05-14T18:55:16.691+0000] {processor.py:161} INFO - Started process (PID=3331) to work on /opt/airflow/dags/main.py
[2026-05-14T18:55:16.698+0000] {processor.py:830} INFO - Processing file /opt/airflow/dags/main.py for tasks to queue
[2026-05-14T18:55:16.709+0000] {logging_mixin.py:188} INFO - [2026-05-14T18:55:16.707+0000] {dagbag.py:545} INFO - Filling up the DagBag from /opt/airflow/dags/main.py
[2026-05-14T18:55:16.922+0000] {processor.py:840} INFO - DAG(s) 'produce_json' retrieved from /opt/airflow/dags/main.py
[2026-05-14T18:55:17.033+0000] {logging_mixin.py:188} INFO - [2026-05-14T18:55:17.032+0000] {dag.py:3096} INFO - Sync 1 DAGs
[2026-05-14T18:55:17.099+0000] {logging_mixin.py:188} INFO - [2026-05-14T18:55:17.098+0000] {dag.py:3954} INFO - Setting next_dagrun for produce_json to None, run_after=None
[2026-05-14T18:55:17.177+0000] {processor.py:183} INFO - Processing /opt/airflow/dags/main.py took 0.506 seconds
[2026-05-14T18:55:47.878+0000] {processor.py:161} INFO - Started process (PID=3338) to work on /opt/airflow/dags/main.py
[2026-05-14T18:55:47.881+0000] {processor.py:830} INFO - Processing file /opt/airflow/dags/main.py for tasks to queue
[2026-05-14T18:55:47.886+0000] {logging_mixin.py:188} INFO - [2026-05-14T18:55:47.885+0000] {dagbag.py:545} INFO - Filling up the DagBag from /opt/airflow/dags/main.py
[2026-05-14T18:55:48.048+0000] {processor.py:840} INFO - DAG(s) 'produce_json' retrieved from /opt/airflow/dags/main.py
[2026-05-14T18:55:48.109+0000] {logging_mixin.py:188} INFO - [2026-05-14T18:55:48.108+0000] {dag.py:3096} INFO - Sync 1 DAGs
[2026-05-14T18:55:48.145+0000] {logging_mixin.py:188} INFO - [2026-05-14T18:55:48.145+0000] {dag.py:3954} INFO - Setting next_dagrun for produce_json to None, run_after=None
[2026-05-14T18:55:48.204+0000] {processor.py:183} INFO - Processing /opt/airflow/dags/main.py took 0.351 seconds
[2026-05-14T18:56:19.158+0000] {processor.py:161} INFO - Started process (PID=3345) to work on /opt/airflow/dags/main.py
[2026-05-14T18:56:19.165+0000] {processor.py:830} INFO - Processing file /opt/airflow/dags/main.py for tasks to queue
[2026-05-14T18:56:19.171+0000] {logging_mixin.py:188} INFO - [2026-05-14T18:56:19.170+0000] {dagbag.py:545} INFO - Filling up the DagBag from /opt/airflow/dags/main.py
[2026-05-14T18:56:19.388+0000] {processor.py:840} INFO - DAG(s) 'produce_json' retrieved from /opt/airflow/dags/main.py
[2026-05-14T18:56:19.473+0000] {logging_mixin.py:188} INFO - [2026-05-14T18:56:19.473+0000] {dag.py:3096} INFO - Sync 1 DAGs
[2026-05-14T18:56:19.519+0000] {logging_mixin.py:188} INFO - [2026-05-14T18:56:19.519+0000] {dag.py:3954} INFO - Setting next_dagrun for produce_json to None, run_after=None
[2026-05-14T18:56:19.597+0000] {processor.py:183} INFO - Processing /opt/airflow/dags/main.py took 0.461 seconds
[2026-05-14T18:56:49.925+0000] {processor.py:161} INFO - Started process (PID=3353) to work on /opt/airflow/dags/main.py
[2026-05-14T18:56:49.929+0000] {processor.py:830} INFO - Processing file /opt/airflow/dags/main.py for tasks to queue
[2026-05-14T18:56:49.934+0000] {logging_mixin.py:188} INFO - [2026-05-14T18:56:49.933+0000] {dagbag.py:545} INFO - Filling up the DagBag from /opt/airflow/dags/main.py
[2026-05-14T18:56:50.073+0000] {processor.py:840} INFO - DAG(s) 'produce_json' retrieved from /opt/airflow/dags/main.py
[2026-05-14T18:56:50.126+0000] {logging_mixin.py:188} INFO - [2026-05-14T18:56:50.126+0000] {dag.py:3096} INFO - Sync 1 DAGs
[2026-05-14T18:56:50.161+0000] {logging_mixin.py:188} INFO - [2026-05-14T18:56:50.160+0000] {dag.py:3954} INFO - Setting next_dagrun for produce_json to None, run_after=None
[2026-05-14T18:56:50.222+0000] {processor.py:183} INFO - Processing /opt/airflow/dags/main.py took 0.315 seconds
[2026-05-14T18:57:20.667+0000] {processor.py:161} INFO - Started process (PID=3360) to work on /opt/airflow/dags/main.py
[2026-05-14T18:57:20.673+0000] {processor.py:830} INFO - Processing file /opt/airflow/dags/main.py for tasks to queue
[2026-05-14T18:57:20.684+0000] {logging_mixin.py:188} INFO - [2026-05-14T18:57:20.682+0000] {dagbag.py:545} INFO - Filling up the DagBag from /opt/airflow/dags/main.py
[2026-05-14T18:57:20.981+0000] {processor.py:840} INFO - DAG(s) 'produce_json' retrieved from /opt/airflow/dags/main.py
[2026-05-14T18:57:21.059+0000] {logging_mixin.py:188} INFO - [2026-05-14T18:57:21.058+0000] {dag.py:3096} INFO - Sync 1 DAGs
[2026-05-14T18:57:21.109+0000] {logging_mixin.py:188} INFO - [2026-05-14T18:57:21.109+0000] {dag.py:3954} INFO - Setting next_dagrun for produce_json to None, run_after=None
[2026-05-14T18:57:21.159+0000] {processor.py:183} INFO - Processing /opt/airflow/dags/main.py took 0.529 seconds
[2026-05-14T18:57:51.543+0000] {processor.py:161} INFO - Started process (PID=3368) to work on /opt/airflow/dags/main.py
[2026-05-14T18:57:51.551+0000] {processor.py:830} INFO - Processing file /opt/airflow/dags/main.py for tasks to queue
[2026-05-14T18:57:51.569+0000] {logging_mixin.py:188} INFO - [2026-05-14T18:57:51.567+0000] {dagbag.py:545} INFO - Filling up the DagBag from /opt/airflow/dags/main.py
[2026-05-14T18:57:51.866+0000] {processor.py:840} INFO - DAG(s) 'produce_json' retrieved from /opt/airflow/dags/main.py
[2026-05-14T18:57:51.988+0000] {logging_mixin.py:188} INFO - [2026-05-14T18:57:51.987+0000] {dag.py:3096} INFO - Sync 1 DAGs
[2026-05-14T18:57:52.038+0000] {logging_mixin.py:188} INFO - [2026-05-14T18:57:52.037+0000] {dag.py:3954} INFO - Setting next_dagrun for produce_json to None, run_after=None
[2026-05-14T18:57:52.106+0000] {processor.py:183} INFO - Processing /opt/airflow/dags/main.py took 0.611 seconds
[2026-05-14T18:58:22.489+0000] {processor.py:161} INFO - Started process (PID=3376) to work on /opt/airflow/dags/main.py
[2026-05-14T18:58:22.498+0000] {processor.py:830} INFO - Processing file /opt/airflow/dags/main.py for tasks to queue
[2026-05-14T18:58:22.508+0000] {logging_mixin.py:188} INFO - [2026-05-14T18:58:22.507+0000] {dagbag.py:545} INFO - Filling up the DagBag from /opt/airflow/dags/main.py
[2026-05-14T18:58:22.615+0000] {processor.py:840} INFO - DAG(s) 'produce_json' retrieved from /opt/airflow/dags/main.py
[2026-05-14T18:58:22.682+0000] {logging_mixin.py:188} INFO - [2026-05-14T18:58:22.680+0000] {dag.py:3096} INFO - Sync 1 DAGs
[2026-05-14T18:58:22.751+0000] {logging_mixin.py:188} INFO - [2026-05-14T18:58:22.749+0000] {dag.py:3954} INFO - Setting next_dagrun for produce_json to None, run_after=None
[2026-05-14T18:58:22.830+0000] {processor.py:183} INFO - Processing /opt/airflow/dags/main.py took 0.409 seconds
[2026-05-14T18:58:53.390+0000] {processor.py:161} INFO - Started process (PID=3382) to work on /opt/airflow/dags/main.py
[2026-05-14T18:58:53.393+0000] {processor.py:830} INFO - Processing file /opt/airflow/dags/main.py for tasks to queue
[2026-05-14T18:58:53.400+0000] {logging_mixin.py:188} INFO - [2026-05-14T18:58:53.399+0000] {dagbag.py:545} INFO - Filling up the DagBag from /opt/airflow/dags/main.py
[2026-05-14T18:58:53.528+0000] {processor.py:840} INFO - DAG(s) 'produce_json' retrieved from /opt/airflow/dags/main.py
[2026-05-14T18:58:53.584+0000] {logging_mixin.py:188} INFO - [2026-05-14T18:58:53.584+0000] {dag.py:3096} INFO - Sync 1 DAGs
[2026-05-14T18:58:53.616+0000] {logging_mixin.py:188} INFO - [2026-05-14T18:58:53.615+0000] {dag.py:3954} INFO - Setting next_dagrun for produce_json to None, run_after=None
[2026-05-14T18:58:53.668+0000] {processor.py:183} INFO - Processing /opt/airflow/dags/main.py took 0.295 seconds
[2026-05-14T18:59:24.111+0000] {processor.py:161} INFO - Started process (PID=3389) to work on /opt/airflow/dags/main.py
[2026-05-14T18:59:24.132+0000] {processor.py:830} INFO - Processing file /opt/airflow/dags/main.py for tasks to queue
[2026-05-14T18:59:24.156+0000] {logging_mixin.py:188} INFO - [2026-05-14T18:59:24.153+0000] {dagbag.py:545} INFO - Filling up the DagBag from /opt/airflow/dags/main.py
[2026-05-14T18:59:24.299+0000] {processor.py:840} INFO - DAG(s) 'produce_json' retrieved from /opt/airflow/dags/main.py
[2026-05-14T18:59:24.353+0000] {logging_mixin.py:188} INFO - [2026-05-14T18:59:24.353+0000] {dag.py:3096} INFO - Sync 1 DAGs
[2026-05-14T18:59:24.388+0000] {logging_mixin.py:188} INFO - [2026-05-14T18:59:24.387+0000] {dag.py:3954} INFO - Setting next_dagrun for produce_json to None, run_after=None
[2026-05-14T18:59:24.440+0000] {processor.py:183} INFO - Processing /opt/airflow/dags/main.py took 0.395 seconds
[2026-05-14T18:59:54.584+0000] {processor.py:161} INFO - Started process (PID=3396) to work on /opt/airflow/dags/main.py
[2026-05-14T18:59:54.587+0000] {processor.py:830} INFO - Processing file /opt/airflow/dags/main.py for tasks to queue
[2026-05-14T18:59:54.592+0000] {logging_mixin.py:188} INFO - [2026-05-14T18:59:54.591+0000] {dagbag.py:545} INFO - Filling up the DagBag from /opt/airflow/dags/main.py
[2026-05-14T18:59:54.712+0000] {processor.py:840} INFO - DAG(s) 'produce_json' retrieved from /opt/airflow/dags/main.py
[2026-05-14T18:59:54.758+0000] {logging_mixin.py:188} INFO - [2026-05-14T18:59:54.757+0000] {dag.py:3096} INFO - Sync 1 DAGs
[2026-05-14T18:59:54.790+0000] {logging_mixin.py:188} INFO - [2026-05-14T18:59:54.789+0000] {dag.py:3954} INFO - Setting next_dagrun for produce_json to None, run_after=None
[2026-05-14T18:59:54.840+0000] {processor.py:183} INFO - Processing /opt/airflow/dags/main.py took 0.268 seconds
[2026-05-14T19:00:25.276+0000] {processor.py:161} INFO - Started process (PID=3403) to work on /opt/airflow/dags/main.py
[2026-05-14T19:00:25.282+0000] {processor.py:830} INFO - Processing file /opt/airflow/dags/main.py for tasks to queue
[2026-05-14T19:00:25.292+0000] {logging_mixin.py:188} INFO - [2026-05-14T19:00:25.291+0000] {dagbag.py:545} INFO - Filling up the DagBag from /opt/airflow/dags/main.py
[2026-05-14T19:00:25.596+0000] {processor.py:840} INFO - DAG(s) 'produce_json' retrieved from /opt/airflow/dags/main.py
[2026-05-14T19:00:25.702+0000] {logging_mixin.py:188} INFO - [2026-05-14T19:00:25.701+0000] {dag.py:3096} INFO - Sync 1 DAGs
[2026-05-14T19:00:25.760+0000] {logging_mixin.py:188} INFO - [2026-05-14T19:00:25.760+0000] {dag.py:3954} INFO - Setting next_dagrun for produce_json to None, run_after=None
[2026-05-14T19:00:25.855+0000] {processor.py:183} INFO - Processing /opt/airflow/dags/main.py took 0.613 seconds
[2026-05-14T19:00:56.502+0000] {processor.py:161} INFO - Started process (PID=3410) to work on /opt/airflow/dags/main.py
[2026-05-14T19:00:56.506+0000] {processor.py:830} INFO - Processing file /opt/airflow/dags/main.py for tasks to queue
[2026-05-14T19:00:56.513+0000] {logging_mixin.py:188} INFO - [2026-05-14T19:00:56.512+0000] {dagbag.py:545} INFO - Filling up the DagBag from /opt/airflow/dags/main.py
[2026-05-14T19:00:56.684+0000] {processor.py:840} INFO - DAG(s) 'produce_json' retrieved from /opt/airflow/dags/main.py
[2026-05-14T19:00:56.744+0000] {logging_mixin.py:188} INFO - [2026-05-14T19:00:56.743+0000] {dag.py:3096} INFO - Sync 1 DAGs
[2026-05-14T19:00:56.775+0000] {logging_mixin.py:188} INFO - [2026-05-14T19:00:56.774+0000] {dag.py:3954} INFO - Setting next_dagrun for produce_json to None, run_after=None
[2026-05-14T19:00:56.854+0000] {processor.py:183} INFO - Processing /opt/airflow/dags/main.py took 0.379 seconds
[2026-05-14T19:01:27.439+0000] {processor.py:161} INFO - Started process (PID=3424) to work on /opt/airflow/dags/main.py
[2026-05-14T19:01:27.442+0000] {processor.py:830} INFO - Processing file /opt/airflow/dags/main.py for tasks to queue
[2026-05-14T19:01:27.449+0000] {logging_mixin.py:188} INFO - [2026-05-14T19:01:27.448+0000] {dagbag.py:545} INFO - Filling up the DagBag from /opt/airflow/dags/main.py
[2026-05-14T19:01:27.582+0000] {processor.py:840} INFO - DAG(s) 'produce_json' retrieved from /opt/airflow/dags/main.py
[2026-05-14T19:01:27.624+0000] {logging_mixin.py:188} INFO - [2026-05-14T19:01:27.624+0000] {dag.py:3096} INFO - Sync 1 DAGs
[2026-05-14T19:01:27.649+0000] {logging_mixin.py:188} INFO - [2026-05-14T19:01:27.648+0000] {dag.py:3954} INFO - Setting next_dagrun for produce_json to None, run_after=None
[2026-05-14T19:01:27.697+0000] {processor.py:183} INFO - Processing /opt/airflow/dags/main.py took 0.281 seconds
[2026-05-14T19:01:58.182+0000] {processor.py:161} INFO - Started process (PID=3431) to work on /opt/airflow/dags/main.py
[2026-05-14T19:01:58.189+0000] {processor.py:830} INFO - Processing file /opt/airflow/dags/main.py for tasks to queue
[2026-05-14T19:01:58.202+0000] {logging_mixin.py:188} INFO - [2026-05-14T19:01:58.201+0000] {dagbag.py:545} INFO - Filling up the DagBag from /opt/airflow/dags/main.py
[2026-05-14T19:01:58.417+0000] {processor.py:840} INFO - DAG(s) 'produce_json' retrieved from /opt/airflow/dags/main.py
[2026-05-14T19:01:58.492+0000] {logging_mixin.py:188} INFO - [2026-05-14T19:01:58.492+0000] {dag.py:3096} INFO - Sync 1 DAGs
[2026-05-14T19:01:58.523+0000] {logging_mixin.py:188} INFO - [2026-05-14T19:01:58.522+0000] {dag.py:3954} INFO - Setting next_dagrun for produce_json to None, run_after=None
[2026-05-14T19:01:58.578+0000] {processor.py:183} INFO - Processing /opt/airflow/dags/main.py took 0.449 seconds
[2026-05-14T19:02:28.938+0000] {processor.py:161} INFO - Started process (PID=3438) to work on /opt/airflow/dags/main.py
[2026-05-14T19:02:28.944+0000] {processor.py:830} INFO - Processing file /opt/airflow/dags/main.py for tasks to queue
[2026-05-14T19:02:28.954+0000] {logging_mixin.py:188} INFO - [2026-05-14T19:02:28.952+0000] {dagbag.py:545} INFO - Filling up the DagBag from /opt/airflow/dags/main.py
[2026-05-14T19:02:29.183+0000] {processor.py:840} INFO - DAG(s) 'produce_json' retrieved from /opt/airflow/dags/main.py
[2026-05-14T19:02:29.240+0000] {logging_mixin.py:188} INFO - [2026-05-14T19:02:29.239+0000] {dag.py:3096} INFO - Sync 1 DAGs
[2026-05-14T19:02:29.271+0000] {logging_mixin.py:188} INFO - [2026-05-14T19:02:29.270+0000] {dag.py:3954} INFO - Setting next_dagrun for produce_json to None, run_after=None
[2026-05-14T19:02:29.322+0000] {processor.py:183} INFO - Processing /opt/airflow/dags/main.py took 0.442 seconds
[2026-05-14T19:02:59.824+0000] {processor.py:161} INFO - Started process (PID=3445) to work on /opt/airflow/dags/main.py
[2026-05-14T19:02:59.829+0000] {processor.py:830} INFO - Processing file /opt/airflow/dags/main.py for tasks to queue
[2026-05-14T19:02:59.842+0000] {logging_mixin.py:188} INFO - [2026-05-14T19:02:59.840+0000] {dagbag.py:545} INFO - Filling up the DagBag from /opt/airflow/dags/main.py
[2026-05-14T19:03:00.050+0000] {processor.py:840} INFO - DAG(s) 'produce_json' retrieved from /opt/airflow/dags/main.py
[2026-05-14T19:03:00.114+0000] {logging_mixin.py:188} INFO - [2026-05-14T19:03:00.113+0000] {dag.py:3096} INFO - Sync 1 DAGs
[2026-05-14T19:03:00.155+0000] {logging_mixin.py:188} INFO - [2026-05-14T19:03:00.154+0000] {dag.py:3954} INFO - Setting next_dagrun for produce_json to None, run_after=None
[2026-05-14T19:03:00.249+0000] {processor.py:183} INFO - Processing /opt/airflow/dags/main.py took 0.467 seconds
[2026-05-14T19:03:30.396+0000] {processor.py:161} INFO - Started process (PID=3452) to work on /opt/airflow/dags/main.py
[2026-05-14T19:03:30.399+0000] {processor.py:830} INFO - Processing file /opt/airflow/dags/main.py for tasks to queue
[2026-05-14T19:03:30.404+0000] {logging_mixin.py:188} INFO - [2026-05-14T19:03:30.403+0000] {dagbag.py:545} INFO - Filling up the DagBag from /opt/airflow/dags/main.py
[2026-05-14T19:03:30.546+0000] {processor.py:840} INFO - DAG(s) 'produce_json' retrieved from /opt/airflow/dags/main.py
[2026-05-14T19:03:30.591+0000] {logging_mixin.py:188} INFO - [2026-05-14T19:03:30.591+0000] {dag.py:3096} INFO - Sync 1 DAGs
[2026-05-14T19:03:30.614+0000] {logging_mixin.py:188} INFO - [2026-05-14T19:03:30.614+0000] {dag.py:3954} INFO - Setting next_dagrun for produce_json to None, run_after=None
[2026-05-14T19:03:30.663+0000] {processor.py:183} INFO - Processing /opt/airflow/dags/main.py took 0.283 seconds
[2026-05-14T19:04:01.123+0000] {processor.py:161} INFO - Started process (PID=3459) to work on /opt/airflow/dags/main.py
[2026-05-14T19:04:01.129+0000] {processor.py:830} INFO - Processing file /opt/airflow/dags/main.py for tasks to queue
[2026-05-14T19:04:01.139+0000] {logging_mixin.py:188} INFO - [2026-05-14T19:04:01.137+0000] {dagbag.py:545} INFO - Filling up the DagBag from /opt/airflow/dags/main.py
[2026-05-14T19:04:01.414+0000] {processor.py:840} INFO - DAG(s) 'produce_json' retrieved from /opt/airflow/dags/main.py
[2026-05-14T19:04:01.525+0000] {logging_mixin.py:188} INFO - [2026-05-14T19:04:01.524+0000] {dag.py:3096} INFO - Sync 1 DAGs
[2026-05-14T19:04:01.589+0000] {logging_mixin.py:188} INFO - [2026-05-14T19:04:01.588+0000] {dag.py:3954} INFO - Setting next_dagrun for produce_json to None, run_after=None
[2026-05-14T19:04:01.661+0000] {processor.py:183} INFO - Processing /opt/airflow/dags/main.py took 0.585 seconds
[2026-05-14T19:04:31.957+0000] {processor.py:161} INFO - Started process (PID=3466) to work on /opt/airflow/dags/main.py
[2026-05-14T19:04:31.962+0000] {processor.py:830} INFO - Processing file /opt/airflow/dags/main.py for tasks to queue
[2026-05-14T19:04:31.970+0000] {logging_mixin.py:188} INFO - [2026-05-14T19:04:31.969+0000] {dagbag.py:545} INFO - Filling up the DagBag from /opt/airflow/dags/main.py
[2026-05-14T19:04:32.155+0000] {processor.py:840} INFO - DAG(s) 'produce_json' retrieved from /opt/airflow/dags/main.py
[2026-05-14T19:04:32.281+0000] {logging_mixin.py:188} INFO - [2026-05-14T19:04:32.280+0000] {dag.py:3096} INFO - Sync 1 DAGs
[2026-05-14T19:04:32.345+0000] {logging_mixin.py:188} INFO - [2026-05-14T19:04:32.344+0000] {dag.py:3954} INFO - Setting next_dagrun for produce_json to None, run_after=None
[2026-05-14T19:04:32.432+0000] {processor.py:183} INFO - Processing /opt/airflow/dags/main.py took 0.534 seconds
[2026-05-14T19:05:03.359+0000] {processor.py:161} INFO - Started process (PID=3473) to work on /opt/airflow/dags/main.py
[2026-05-14T19:05:03.362+0000] {processor.py:830} INFO - Processing file /opt/airflow/dags/main.py for tasks to queue
[2026-05-14T19:05:03.371+0000] {logging_mixin.py:188} INFO - [2026-05-14T19:05:03.370+0000] {dagbag.py:545} INFO - Filling up the DagBag from /opt/airflow/dags/main.py
[2026-05-14T19:05:03.553+0000] {processor.py:840} INFO - DAG(s) 'produce_json' retrieved from /opt/airflow/dags/main.py
[2026-05-14T19:05:03.630+0000] {logging_mixin.py:188} INFO - [2026-05-14T19:05:03.630+0000] {dag.py:3096} INFO - Sync 1 DAGs
[2026-05-14T19:05:03.675+0000] {logging_mixin.py:188} INFO - [2026-05-14T19:05:03.674+0000] {dag.py:3954} INFO - Setting next_dagrun for produce_json to None, run_after=None
[2026-05-14T19:05:03.781+0000] {processor.py:183} INFO - Processing /opt/airflow/dags/main.py took 0.454 seconds
[2026-05-14T19:05:34.132+0000] {processor.py:161} INFO - Started process (PID=3480) to work on /opt/airflow/dags/main.py
[2026-05-14T19:05:34.135+0000] {processor.py:830} INFO - Processing file /opt/airflow/dags/main.py for tasks to queue
[2026-05-14T19:05:34.146+0000] {logging_mixin.py:188} INFO - [2026-05-14T19:05:34.145+0000] {dagbag.py:545} INFO - Filling up the DagBag from /opt/airflow/dags/main.py
[2026-05-14T19:05:34.692+0000] {processor.py:840} INFO - DAG(s) 'produce_json' retrieved from /opt/airflow/dags/main.py
[2026-05-14T19:05:34.853+0000] {logging_mixin.py:188} INFO - [2026-05-14T19:05:34.852+0000] {dag.py:3096} INFO - Sync 1 DAGs
[2026-05-14T19:05:35.014+0000] {logging_mixin.py:188} INFO - [2026-05-14T19:05:35.013+0000] {dag.py:3954} INFO - Setting next_dagrun for produce_json to None, run_after=None
[2026-05-14T19:05:35.290+0000] {processor.py:183} INFO - Processing /opt/airflow/dags/main.py took 1.182 seconds
[2026-05-14T19:06:06.318+0000] {processor.py:161} INFO - Started process (PID=3488) to work on /opt/airflow/dags/main.py
[2026-05-14T19:06:06.322+0000] {processor.py:830} INFO - Processing file /opt/airflow/dags/main.py for tasks to queue
[2026-05-14T19:06:06.337+0000] {logging_mixin.py:188} INFO - [2026-05-14T19:06:06.336+0000] {dagbag.py:545} INFO - Filling up the DagBag from /opt/airflow/dags/main.py
[2026-05-14T19:06:06.775+0000] {processor.py:840} INFO - DAG(s) 'produce_json' retrieved from /opt/airflow/dags/main.py
[2026-05-14T19:06:07.004+0000] {logging_mixin.py:188} INFO - [2026-05-14T19:06:06.995+0000] {dag.py:3096} INFO - Sync 1 DAGs
[2026-05-14T19:06:07.099+0000] {logging_mixin.py:188} INFO - [2026-05-14T19:06:07.098+0000] {dag.py:3954} INFO - Setting next_dagrun for produce_json to None, run_after=None
[2026-05-14T19:06:07.308+0000] {processor.py:183} INFO - Processing /opt/airflow/dags/main.py took 1.065 seconds
[2026-05-14T19:06:37.801+0000] {processor.py:161} INFO - Started process (PID=3495) to work on /opt/airflow/dags/main.py
[2026-05-14T19:06:37.809+0000] {processor.py:830} INFO - Processing file /opt/airflow/dags/main.py for tasks to queue
[2026-05-14T19:06:37.819+0000] {logging_mixin.py:188} INFO - [2026-05-14T19:06:37.818+0000] {dagbag.py:545} INFO - Filling up the DagBag from /opt/airflow/dags/main.py
[2026-05-14T19:06:38.351+0000] {processor.py:840} INFO - DAG(s) 'produce_json' retrieved from /opt/airflow/dags/main.py
[2026-05-14T19:06:38.516+0000] {logging_mixin.py:188} INFO - [2026-05-14T19:06:38.515+0000] {dag.py:3096} INFO - Sync 1 DAGs
[2026-05-14T19:06:38.562+0000] {logging_mixin.py:188} INFO - [2026-05-14T19:06:38.561+0000] {dag.py:3954} INFO - Setting next_dagrun for produce_json to None, run_after=None
[2026-05-14T19:06:38.651+0000] {processor.py:183} INFO - Processing /opt/airflow/dags/main.py took 0.891 seconds
[2026-05-14T19:07:09.448+0000] {processor.py:161} INFO - Started process (PID=3502) to work on /opt/airflow/dags/main.py
[2026-05-14T19:07:09.453+0000] {processor.py:830} INFO - Processing file /opt/airflow/dags/main.py for tasks to queue
[2026-05-14T19:07:09.466+0000] {logging_mixin.py:188} INFO - [2026-05-14T19:07:09.464+0000] {dagbag.py:545} INFO - Filling up the DagBag from /opt/airflow/dags/main.py
[2026-05-14T19:07:09.690+0000] {processor.py:840} INFO - DAG(s) 'produce_json' retrieved from /opt/airflow/dags/main.py
[2026-05-14T19:07:09.796+0000] {logging_mixin.py:188} INFO - [2026-05-14T19:07:09.796+0000] {dag.py:3096} INFO - Sync 1 DAGs
[2026-05-14T19:07:09.840+0000] {logging_mixin.py:188} INFO - [2026-05-14T19:07:09.840+0000] {dag.py:3954} INFO - Setting next_dagrun for produce_json to None, run_after=None
[2026-05-14T19:07:09.980+0000] {processor.py:183} INFO - Processing /opt/airflow/dags/main.py took 0.558 seconds
[2026-05-14T19:07:40.724+0000] {processor.py:161} INFO - Started process (PID=3509) to work on /opt/airflow/dags/main.py
[2026-05-14T19:07:40.728+0000] {processor.py:830} INFO - Processing file /opt/airflow/dags/main.py for tasks to queue
[2026-05-14T19:07:40.736+0000] {logging_mixin.py:188} INFO - [2026-05-14T19:07:40.735+0000] {dagbag.py:545} INFO - Filling up the DagBag from /opt/airflow/dags/main.py
[2026-05-14T19:07:40.903+0000] {processor.py:840} INFO - DAG(s) 'produce_json' retrieved from /opt/airflow/dags/main.py
[2026-05-14T19:07:40.972+0000] {logging_mixin.py:188} INFO - [2026-05-14T19:07:40.971+0000] {dag.py:3096} INFO - Sync 1 DAGs
[2026-05-14T19:07:41.032+0000] {logging_mixin.py:188} INFO - [2026-05-14T19:07:41.031+0000] {dag.py:3954} INFO - Setting next_dagrun for produce_json to None, run_after=None
[2026-05-14T19:07:41.110+0000] {processor.py:183} INFO - Processing /opt/airflow/dags/main.py took 0.409 seconds
[2026-05-14T19:08:11.607+0000] {processor.py:161} INFO - Started process (PID=3516) to work on /opt/airflow/dags/main.py
[2026-05-14T19:08:11.613+0000] {processor.py:830} INFO - Processing file /opt/airflow/dags/main.py for tasks to queue
[2026-05-14T19:08:11.732+0000] {logging_mixin.py:188} INFO - [2026-05-14T19:08:11.730+0000] {dagbag.py:545} INFO - Filling up the DagBag from /opt/airflow/dags/main.py
[2026-05-14T19:08:12.459+0000] {processor.py:840} INFO - DAG(s) 'produce_json' retrieved from /opt/airflow/dags/main.py
[2026-05-14T19:08:12.638+0000] {logging_mixin.py:188} INFO - [2026-05-14T19:08:12.637+0000] {dag.py:3096} INFO - Sync 1 DAGs
[2026-05-14T19:08:12.783+0000] {logging_mixin.py:188} INFO - [2026-05-14T19:08:12.782+0000] {dag.py:3954} INFO - Setting next_dagrun for produce_json to None, run_after=None
[2026-05-14T19:08:12.886+0000] {processor.py:183} INFO - Processing /opt/airflow/dags/main.py took 1.315 seconds
[2026-05-14T19:08:43.758+0000] {processor.py:161} INFO - Started process (PID=3523) to work on /opt/airflow/dags/main.py
[2026-05-14T19:08:43.791+0000] {processor.py:830} INFO - Processing file /opt/airflow/dags/main.py for tasks to queue
[2026-05-14T19:08:43.804+0000] {logging_mixin.py:188} INFO - [2026-05-14T19:08:43.803+0000] {dagbag.py:545} INFO - Filling up the DagBag from /opt/airflow/dags/main.py
[2026-05-14T19:08:45.362+0000] {processor.py:840} INFO - DAG(s) 'produce_json' retrieved from /opt/airflow/dags/main.py
[2026-05-14T19:08:45.588+0000] {logging_mixin.py:188} INFO - [2026-05-14T19:08:45.587+0000] {dag.py:3096} INFO - Sync 1 DAGs
[2026-05-14T19:08:45.741+0000] {logging_mixin.py:188} INFO - [2026-05-14T19:08:45.730+0000] {dag.py:3954} INFO - Setting next_dagrun for produce_json to None, run_after=None
[2026-05-14T19:08:45.971+0000] {processor.py:183} INFO - Processing /opt/airflow/dags/main.py took 2.265 seconds
[2026-05-14T19:09:17.217+0000] {processor.py:161} INFO - Started process (PID=3530) to work on /opt/airflow/dags/main.py
[2026-05-14T19:09:17.232+0000] {processor.py:830} INFO - Processing file /opt/airflow/dags/main.py for tasks to queue
[2026-05-14T19:09:17.263+0000] {logging_mixin.py:188} INFO - [2026-05-14T19:09:17.250+0000] {dagbag.py:545} INFO - Filling up the DagBag from /opt/airflow/dags/main.py
[2026-05-14T19:09:17.834+0000] {processor.py:840} INFO - DAG(s) 'produce_json' retrieved from /opt/airflow/dags/main.py
[2026-05-14T19:09:18.156+0000] {logging_mixin.py:188} INFO - [2026-05-14T19:09:18.155+0000] {dag.py:3096} INFO - Sync 1 DAGs
[2026-05-14T19:09:18.329+0000] {logging_mixin.py:188} INFO - [2026-05-14T19:09:18.328+0000] {dag.py:3954} INFO - Setting next_dagrun for produce_json to None, run_after=None
[2026-05-14T19:09:18.575+0000] {processor.py:183} INFO - Processing /opt/airflow/dags/main.py took 1.474 seconds
[2026-05-14T19:09:49.473+0000] {processor.py:161} INFO - Started process (PID=3537) to work on /opt/airflow/dags/main.py
[2026-05-14T19:09:49.478+0000] {processor.py:830} INFO - Processing file /opt/airflow/dags/main.py for tasks to queue
[2026-05-14T19:09:49.484+0000] {logging_mixin.py:188} INFO - [2026-05-14T19:09:49.483+0000] {dagbag.py:545} INFO - Filling up the DagBag from /opt/airflow/dags/main.py
[2026-05-14T19:09:49.735+0000] {processor.py:840} INFO - DAG(s) 'produce_json' retrieved from /opt/airflow/dags/main.py
[2026-05-14T19:09:49.807+0000] {logging_mixin.py:188} INFO - [2026-05-14T19:09:49.806+0000] {dag.py:3096} INFO - Sync 1 DAGs
[2026-05-14T19:09:49.853+0000] {logging_mixin.py:188} INFO - [2026-05-14T19:09:49.852+0000] {dag.py:3954} INFO - Setting next_dagrun for produce_json to None, run_after=None
[2026-05-14T19:09:50.045+0000] {processor.py:183} INFO - Processing /opt/airflow/dags/main.py took 0.598 seconds
[2026-05-14T19:10:21.072+0000] {processor.py:161} INFO - Started process (PID=3544) to work on /opt/airflow/dags/main.py
[2026-05-14T19:10:21.076+0000] {processor.py:830} INFO - Processing file /opt/airflow/dags/main.py for tasks to queue
[2026-05-14T19:10:21.102+0000] {logging_mixin.py:188} INFO - [2026-05-14T19:10:21.093+0000] {dagbag.py:545} INFO - Filling up the DagBag from /opt/airflow/dags/main.py
[2026-05-14T19:10:21.425+0000] {processor.py:840} INFO - DAG(s) 'produce_json' retrieved from /opt/airflow/dags/main.py
[2026-05-14T19:10:21.594+0000] {logging_mixin.py:188} INFO - [2026-05-14T19:10:21.593+0000] {dag.py:3096} INFO - Sync 1 DAGs
[2026-05-14T19:10:21.691+0000] {logging_mixin.py:188} INFO - [2026-05-14T19:10:21.690+0000] {dag.py:3954} INFO - Setting next_dagrun for produce_json to None, run_after=None
[2026-05-14T19:10:21.834+0000] {processor.py:183} INFO - Processing /opt/airflow/dags/main.py took 0.823 seconds
[2026-05-14T19:10:52.291+0000] {processor.py:161} INFO - Started process (PID=3551) to work on /opt/airflow/dags/main.py
[2026-05-14T19:10:52.298+0000] {processor.py:830} INFO - Processing file /opt/airflow/dags/main.py for tasks to queue
[2026-05-14T19:10:52.303+0000] {logging_mixin.py:188} INFO - [2026-05-14T19:10:52.303+0000] {dagbag.py:545} INFO - Filling up the DagBag from /opt/airflow/dags/main.py
[2026-05-14T19:10:52.625+0000] {processor.py:840} INFO - DAG(s) 'produce_json' retrieved from /opt/airflow/dags/main.py
[2026-05-14T19:10:52.781+0000] {logging_mixin.py:188} INFO - [2026-05-14T19:10:52.779+0000] {dag.py:3096} INFO - Sync 1 DAGs
[2026-05-14T19:10:52.890+0000] {logging_mixin.py:188} INFO - [2026-05-14T19:10:52.889+0000] {dag.py:3954} INFO - Setting next_dagrun for produce_json to None, run_after=None
[2026-05-14T19:10:53.014+0000] {processor.py:183} INFO - Processing /opt/airflow/dags/main.py took 0.742 seconds
[2026-05-14T19:11:23.631+0000] {processor.py:161} INFO - Started process (PID=3558) to work on /opt/airflow/dags/main.py
[2026-05-14T19:11:23.648+0000] {processor.py:830} INFO - Processing file /opt/airflow/dags/main.py for tasks to queue
[2026-05-14T19:11:23.677+0000] {logging_mixin.py:188} INFO - [2026-05-14T19:11:23.675+0000] {dagbag.py:545} INFO - Filling up the DagBag from /opt/airflow/dags/main.py
[2026-05-14T19:11:24.737+0000] {processor.py:840} INFO - DAG(s) 'produce_json' retrieved from /opt/airflow/dags/main.py
[2026-05-14T19:11:24.898+0000] {logging_mixin.py:188} INFO - [2026-05-14T19:11:24.896+0000] {dag.py:3096} INFO - Sync 1 DAGs
[2026-05-14T19:11:25.007+0000] {logging_mixin.py:188} INFO - [2026-05-14T19:11:25.007+0000] {dag.py:3954} INFO - Setting next_dagrun for produce_json to None, run_after=None
[2026-05-14T19:11:25.163+0000] {processor.py:183} INFO - Processing /opt/airflow/dags/main.py took 1.616 seconds
[2026-05-14T19:11:56.575+0000] {processor.py:161} INFO - Started process (PID=3565) to work on /opt/airflow/dags/main.py
[2026-05-14T19:11:56.588+0000] {processor.py:830} INFO - Processing file /opt/airflow/dags/main.py for tasks to queue
[2026-05-14T19:11:56.610+0000] {logging_mixin.py:188} INFO - [2026-05-14T19:11:56.609+0000] {dagbag.py:545} INFO - Filling up the DagBag from /opt/airflow/dags/main.py
[2026-05-14T19:11:57.018+0000] {processor.py:840} INFO - DAG(s) 'produce_json' retrieved from /opt/airflow/dags/main.py
[2026-05-14T19:11:57.203+0000] {logging_mixin.py:188} INFO - [2026-05-14T19:11:57.202+0000] {dag.py:3096} INFO - Sync 1 DAGs
[2026-05-14T19:11:57.359+0000] {logging_mixin.py:188} INFO - [2026-05-14T19:11:57.358+0000] {dag.py:3954} INFO - Setting next_dagrun for produce_json to None, run_after=None
[2026-05-14T19:11:57.538+0000] {processor.py:183} INFO - Processing /opt/airflow/dags/main.py took 1.040 seconds
[2026-05-14T19:12:28.358+0000] {processor.py:161} INFO - Started process (PID=3572) to work on /opt/airflow/dags/main.py
[2026-05-14T19:12:28.412+0000] {processor.py:830} INFO - Processing file /opt/airflow/dags/main.py for tasks to queue
[2026-05-14T19:12:28.484+0000] {logging_mixin.py:188} INFO - [2026-05-14T19:12:28.482+0000] {dagbag.py:545} INFO - Filling up the DagBag from /opt/airflow/dags/main.py
[2026-05-14T19:12:28.877+0000] {processor.py:840} INFO - DAG(s) 'produce_json' retrieved from /opt/airflow/dags/main.py
[2026-05-14T19:12:29.055+0000] {logging_mixin.py:188} INFO - [2026-05-14T19:12:29.054+0000] {dag.py:3096} INFO - Sync 1 DAGs
[2026-05-14T19:12:29.177+0000] {logging_mixin.py:188} INFO - [2026-05-14T19:12:29.165+0000] {dag.py:3954} INFO - Setting next_dagrun for produce_json to None, run_after=None
[2026-05-14T19:12:29.322+0000] {processor.py:183} INFO - Processing /opt/airflow/dags/main.py took 1.043 seconds
[2026-05-14T19:12:59.631+0000] {processor.py:161} INFO - Started process (PID=3579) to work on /opt/airflow/dags/main.py
[2026-05-14T19:12:59.680+0000] {processor.py:830} INFO - Processing file /opt/airflow/dags/main.py for tasks to queue
[2026-05-14T19:12:59.706+0000] {logging_mixin.py:188} INFO - [2026-05-14T19:12:59.704+0000] {dagbag.py:545} INFO - Filling up the DagBag from /opt/airflow/dags/main.py
[2026-05-14T19:13:00.263+0000] {processor.py:840} INFO - DAG(s) 'produce_json' retrieved from /opt/airflow/dags/main.py
[2026-05-14T19:13:00.604+0000] {logging_mixin.py:188} INFO - [2026-05-14T19:13:00.603+0000] {dag.py:3096} INFO - Sync 1 DAGs
[2026-05-14T19:13:00.764+0000] {logging_mixin.py:188} INFO - [2026-05-14T19:13:00.754+0000] {dag.py:3954} INFO - Setting next_dagrun for produce_json to None, run_after=None
[2026-05-14T19:13:00.916+0000] {processor.py:183} INFO - Processing /opt/airflow/dags/main.py took 1.376 seconds
[2026-05-14T19:13:34.773+0000] {processor.py:161} INFO - Started process (PID=3586) to work on /opt/airflow/dags/main.py
[2026-05-14T19:13:34.823+0000] {processor.py:830} INFO - Processing file /opt/airflow/dags/main.py for tasks to queue
[2026-05-14T19:13:34.891+0000] {logging_mixin.py:188} INFO - [2026-05-14T19:13:34.890+0000] {dagbag.py:545} INFO - Filling up the DagBag from /opt/airflow/dags/main.py
[2026-05-14T19:13:36.935+0000] {processor.py:840} INFO - DAG(s) 'produce_json' retrieved from /opt/airflow/dags/main.py
[2026-05-14T19:13:37.131+0000] {logging_mixin.py:188} INFO - [2026-05-14T19:13:37.130+0000] {dag.py:3096} INFO - Sync 1 DAGs
[2026-05-14T19:13:37.289+0000] {logging_mixin.py:188} INFO - [2026-05-14T19:13:37.288+0000] {dag.py:3954} INFO - Setting next_dagrun for produce_json to None, run_after=None
[2026-05-14T19:13:37.447+0000] {processor.py:183} INFO - Processing /opt/airflow/dags/main.py took 2.757 seconds
[2026-05-14T19:14:08.623+0000] {processor.py:161} INFO - Started process (PID=3598) to work on /opt/airflow/dags/main.py
[2026-05-14T19:14:08.652+0000] {processor.py:830} INFO - Processing file /opt/airflow/dags/main.py for tasks to queue
[2026-05-14T19:14:08.671+0000] {logging_mixin.py:188} INFO - [2026-05-14T19:14:08.669+0000] {dagbag.py:545} INFO - Filling up the DagBag from /opt/airflow/dags/main.py
[2026-05-14T19:14:12.046+0000] {processor.py:840} INFO - DAG(s) 'produce_json' retrieved from /opt/airflow/dags/main.py
[2026-05-14T19:14:12.316+0000] {logging_mixin.py:188} INFO - [2026-05-14T19:14:12.315+0000] {dag.py:3096} INFO - Sync 1 DAGs
[2026-05-14T19:14:12.459+0000] {logging_mixin.py:188} INFO - [2026-05-14T19:14:12.458+0000] {dag.py:3954} INFO - Setting next_dagrun for produce_json to None, run_after=None
[2026-05-14T19:14:12.771+0000] {processor.py:183} INFO - Processing /opt/airflow/dags/main.py took 4.205 seconds
[2026-05-14T19:14:43.960+0000] {processor.py:161} INFO - Started process (PID=3605) to work on /opt/airflow/dags/main.py
[2026-05-14T19:14:43.977+0000] {processor.py:830} INFO - Processing file /opt/airflow/dags/main.py for tasks to queue
[2026-05-14T19:14:44.017+0000] {logging_mixin.py:188} INFO - [2026-05-14T19:14:44.015+0000] {dagbag.py:545} INFO - Filling up the DagBag from /opt/airflow/dags/main.py
[2026-05-14T19:14:44.551+0000] {processor.py:840} INFO - DAG(s) 'produce_json' retrieved from /opt/airflow/dags/main.py
[2026-05-14T19:14:44.731+0000] {logging_mixin.py:188} INFO - [2026-05-14T19:14:44.724+0000] {dag.py:3096} INFO - Sync 1 DAGs
[2026-05-14T19:14:44.807+0000] {logging_mixin.py:188} INFO - [2026-05-14T19:14:44.804+0000] {dag.py:3954} INFO - Setting next_dagrun for produce_json to None, run_after=None
[2026-05-14T19:14:45.000+0000] {processor.py:183} INFO - Processing /opt/airflow/dags/main.py took 1.109 seconds
[2026-05-14T19:15:15.700+0000] {processor.py:161} INFO - Started process (PID=3612) to work on /opt/airflow/dags/main.py
[2026-05-14T19:15:15.717+0000] {processor.py:830} INFO - Processing file /opt/airflow/dags/main.py for tasks to queue
[2026-05-14T19:15:15.735+0000] {logging_mixin.py:188} INFO - [2026-05-14T19:15:15.733+0000] {dagbag.py:545} INFO - Filling up the DagBag from /opt/airflow/dags/main.py
[2026-05-14T19:15:16.109+0000] {processor.py:840} INFO - DAG(s) 'produce_json' retrieved from /opt/airflow/dags/main.py
[2026-05-14T19:15:16.234+0000] {logging_mixin.py:188} INFO - [2026-05-14T19:15:16.233+0000] {dag.py:3096} INFO - Sync 1 DAGs
[2026-05-14T19:15:16.342+0000] {logging_mixin.py:188} INFO - [2026-05-14T19:15:16.341+0000] {dag.py:3954} INFO - Setting next_dagrun for produce_json to None, run_after=None
[2026-05-14T19:15:16.542+0000] {processor.py:183} INFO - Processing /opt/airflow/dags/main.py took 0.914 seconds
[2026-05-14T19:15:47.527+0000] {processor.py:161} INFO - Started process (PID=3620) to work on /opt/airflow/dags/main.py
[2026-05-14T19:15:47.530+0000] {processor.py:830} INFO - Processing file /opt/airflow/dags/main.py for tasks to queue
[2026-05-14T19:15:47.542+0000] {logging_mixin.py:188} INFO - [2026-05-14T19:15:47.541+0000] {dagbag.py:545} INFO - Filling up the DagBag from /opt/airflow/dags/main.py
[2026-05-14T19:15:47.950+0000] {processor.py:840} INFO - DAG(s) 'produce_json' retrieved from /opt/airflow/dags/main.py
[2026-05-14T19:15:48.199+0000] {logging_mixin.py:188} INFO - [2026-05-14T19:15:48.198+0000] {dag.py:3096} INFO - Sync 1 DAGs
[2026-05-14T19:15:48.534+0000] {logging_mixin.py:188} INFO - [2026-05-14T19:15:48.534+0000] {dag.py:3954} INFO - Setting next_dagrun for produce_json to None, run_after=None
[2026-05-14T19:15:48.782+0000] {processor.py:183} INFO - Processing /opt/airflow/dags/main.py took 1.314 seconds
[2026-05-14T19:16:19.100+0000] {processor.py:161} INFO - Started process (PID=3627) to work on /opt/airflow/dags/main.py
[2026-05-14T19:16:19.103+0000] {processor.py:830} INFO - Processing file /opt/airflow/dags/main.py for tasks to queue
[2026-05-14T19:16:19.113+0000] {logging_mixin.py:188} INFO - [2026-05-14T19:16:19.112+0000] {dagbag.py:545} INFO - Filling up the DagBag from /opt/airflow/dags/main.py
[2026-05-14T19:16:19.318+0000] {processor.py:840} INFO - DAG(s) 'produce_json' retrieved from /opt/airflow/dags/main.py
[2026-05-14T19:16:19.392+0000] {logging_mixin.py:188} INFO - [2026-05-14T19:16:19.391+0000] {dag.py:3096} INFO - Sync 1 DAGs
[2026-05-14T19:16:19.442+0000] {logging_mixin.py:188} INFO - [2026-05-14T19:16:19.441+0000] {dag.py:3954} INFO - Setting next_dagrun for produce_json to None, run_after=None
[2026-05-14T19:16:19.520+0000] {processor.py:183} INFO - Processing /opt/airflow/dags/main.py took 0.441 seconds
[2026-05-14T19:16:49.888+0000] {processor.py:161} INFO - Started process (PID=3634) to work on /opt/airflow/dags/main.py
[2026-05-14T19:16:49.892+0000] {processor.py:830} INFO - Processing file /opt/airflow/dags/main.py for tasks to queue
[2026-05-14T19:16:49.900+0000] {logging_mixin.py:188} INFO - [2026-05-14T19:16:49.899+0000] {dagbag.py:545} INFO - Filling up the DagBag from /opt/airflow/dags/main.py
[2026-05-14T19:16:50.118+0000] {processor.py:840} INFO - DAG(s) 'produce_json' retrieved from /opt/airflow/dags/main.py
[2026-05-14T19:16:50.246+0000] {logging_mixin.py:188} INFO - [2026-05-14T19:16:50.245+0000] {dag.py:3096} INFO - Sync 1 DAGs
[2026-05-14T19:16:50.326+0000] {logging_mixin.py:188} INFO - [2026-05-14T19:16:50.325+0000] {dag.py:3954} INFO - Setting next_dagrun for produce_json to None, run_after=None
[2026-05-14T19:16:50.437+0000] {processor.py:183} INFO - Processing /opt/airflow/dags/main.py took 0.572 seconds
[2026-05-14T19:17:21.006+0000] {processor.py:161} INFO - Started process (PID=3640) to work on /opt/airflow/dags/main.py
[2026-05-14T19:17:21.015+0000] {processor.py:830} INFO - Processing file /opt/airflow/dags/main.py for tasks to queue
[2026-05-14T19:17:21.026+0000] {logging_mixin.py:188} INFO - [2026-05-14T19:17:21.025+0000] {dagbag.py:545} INFO - Filling up the DagBag from /opt/airflow/dags/main.py
[2026-05-14T19:17:21.286+0000] {processor.py:840} INFO - DAG(s) 'produce_json' retrieved from /opt/airflow/dags/main.py
[2026-05-14T19:17:21.365+0000] {logging_mixin.py:188} INFO - [2026-05-14T19:17:21.364+0000] {dag.py:3096} INFO - Sync 1 DAGs
[2026-05-14T19:17:21.403+0000] {logging_mixin.py:188} INFO - [2026-05-14T19:17:21.403+0000] {dag.py:3954} INFO - Setting next_dagrun for produce_json to None, run_after=None
[2026-05-14T19:17:21.500+0000] {processor.py:183} INFO - Processing /opt/airflow/dags/main.py took 0.524 seconds
[2026-05-14T19:17:51.917+0000] {processor.py:161} INFO - Started process (PID=3647) to work on /opt/airflow/dags/main.py
[2026-05-14T19:17:51.930+0000] {processor.py:830} INFO - Processing file /opt/airflow/dags/main.py for tasks to queue
[2026-05-14T19:17:51.949+0000] {logging_mixin.py:188} INFO - [2026-05-14T19:17:51.947+0000] {dagbag.py:545} INFO - Filling up the DagBag from /opt/airflow/dags/main.py
[2026-05-14T19:17:52.502+0000] {processor.py:840} INFO - DAG(s) 'produce_json' retrieved from /opt/airflow/dags/main.py
[2026-05-14T19:17:52.651+0000] {logging_mixin.py:188} INFO - [2026-05-14T19:17:52.650+0000] {dag.py:3096} INFO - Sync 1 DAGs
[2026-05-14T19:17:52.774+0000] {logging_mixin.py:188} INFO - [2026-05-14T19:17:52.773+0000] {dag.py:3954} INFO - Setting next_dagrun for produce_json to None, run_after=None
[2026-05-14T19:17:52.923+0000] {processor.py:183} INFO - Processing /opt/airflow/dags/main.py took 1.073 seconds
[2026-05-14T19:18:23.947+0000] {processor.py:161} INFO - Started process (PID=3654) to work on /opt/airflow/dags/main.py
[2026-05-14T19:18:23.950+0000] {processor.py:830} INFO - Processing file /opt/airflow/dags/main.py for tasks to queue
[2026-05-14T19:18:23.956+0000] {logging_mixin.py:188} INFO - [2026-05-14T19:18:23.955+0000] {dagbag.py:545} INFO - Filling up the DagBag from /opt/airflow/dags/main.py
[2026-05-14T19:18:24.228+0000] {processor.py:840} INFO - DAG(s) 'produce_json' retrieved from /opt/airflow/dags/main.py
[2026-05-14T19:18:24.386+0000] {logging_mixin.py:188} INFO - [2026-05-14T19:18:24.386+0000] {dag.py:3096} INFO - Sync 1 DAGs
[2026-05-14T19:18:24.446+0000] {logging_mixin.py:188} INFO - [2026-05-14T19:18:24.446+0000] {dag.py:3954} INFO - Setting next_dagrun for produce_json to None, run_after=None
[2026-05-14T19:18:24.510+0000] {processor.py:183} INFO - Processing /opt/airflow/dags/main.py took 0.590 seconds
[2026-05-14T19:18:55.395+0000] {processor.py:161} INFO - Started process (PID=3660) to work on /opt/airflow/dags/main.py
[2026-05-14T19:18:55.399+0000] {processor.py:830} INFO - Processing file /opt/airflow/dags/main.py for tasks to queue
[2026-05-14T19:18:55.412+0000] {logging_mixin.py:188} INFO - [2026-05-14T19:18:55.411+0000] {dagbag.py:545} INFO - Filling up the DagBag from /opt/airflow/dags/main.py
[2026-05-14T19:18:55.654+0000] {processor.py:840} INFO - DAG(s) 'produce_json' retrieved from /opt/airflow/dags/main.py
[2026-05-14T19:18:55.958+0000] {logging_mixin.py:188} INFO - [2026-05-14T19:18:55.957+0000] {dag.py:3096} INFO - Sync 1 DAGs
[2026-05-14T19:18:56.112+0000] {logging_mixin.py:188} INFO - [2026-05-14T19:18:56.111+0000] {dag.py:3954} INFO - Setting next_dagrun for produce_json to None, run_after=None
[2026-05-14T19:18:56.255+0000] {processor.py:183} INFO - Processing /opt/airflow/dags/main.py took 0.891 seconds
[2026-05-14T19:19:26.564+0000] {processor.py:161} INFO - Started process (PID=3667) to work on /opt/airflow/dags/main.py
[2026-05-14T19:19:26.585+0000] {processor.py:830} INFO - Processing file /opt/airflow/dags/main.py for tasks to queue
[2026-05-14T19:19:26.609+0000] {logging_mixin.py:188} INFO - [2026-05-14T19:19:26.608+0000] {dagbag.py:545} INFO - Filling up the DagBag from /opt/airflow/dags/main.py
[2026-05-14T19:19:27.667+0000] {processor.py:840} INFO - DAG(s) 'produce_json' retrieved from /opt/airflow/dags/main.py
[2026-05-14T19:19:27.945+0000] {logging_mixin.py:188} INFO - [2026-05-14T19:19:27.943+0000] {dag.py:3096} INFO - Sync 1 DAGs
[2026-05-14T19:19:28.143+0000] {logging_mixin.py:188} INFO - [2026-05-14T19:19:28.141+0000] {dag.py:3954} INFO - Setting next_dagrun for produce_json to None, run_after=None
[2026-05-14T19:19:28.412+0000] {processor.py:183} INFO - Processing /opt/airflow/dags/main.py took 1.894 seconds
[2026-05-14T19:19:58.790+0000] {processor.py:161} INFO - Started process (PID=3674) to work on /opt/airflow/dags/main.py
[2026-05-14T19:19:58.797+0000] {processor.py:830} INFO - Processing file /opt/airflow/dags/main.py for tasks to queue
[2026-05-14T19:19:58.817+0000] {logging_mixin.py:188} INFO - [2026-05-14T19:19:58.816+0000] {dagbag.py:545} INFO - Filling up the DagBag from /opt/airflow/dags/main.py
[2026-05-14T19:19:59.160+0000] {processor.py:840} INFO - DAG(s) 'produce_json' retrieved from /opt/airflow/dags/main.py
[2026-05-14T19:19:59.259+0000] {logging_mixin.py:188} INFO - [2026-05-14T19:19:59.258+0000] {dag.py:3096} INFO - Sync 1 DAGs
[2026-05-14T19:19:59.364+0000] {logging_mixin.py:188} INFO - [2026-05-14T19:19:59.363+0000] {dag.py:3954} INFO - Setting next_dagrun for produce_json to None, run_after=None
[2026-05-14T19:19:59.578+0000] {processor.py:183} INFO - Processing /opt/airflow/dags/main.py took 0.833 seconds
[2026-05-14T19:20:33.171+0000] {processor.py:161} INFO - Started process (PID=3682) to work on /opt/airflow/dags/main.py
[2026-05-14T19:20:33.194+0000] {processor.py:830} INFO - Processing file /opt/airflow/dags/main.py for tasks to queue
[2026-05-14T19:20:33.243+0000] {logging_mixin.py:188} INFO - [2026-05-14T19:20:33.241+0000] {dagbag.py:545} INFO - Filling up the DagBag from /opt/airflow/dags/main.py
[2026-05-14T19:20:34.001+0000] {processor.py:840} INFO - DAG(s) 'produce_json' retrieved from /opt/airflow/dags/main.py
[2026-05-14T19:20:34.203+0000] {logging_mixin.py:188} INFO - [2026-05-14T19:20:34.202+0000] {dag.py:3096} INFO - Sync 1 DAGs
[2026-05-14T19:20:34.338+0000] {logging_mixin.py:188} INFO - [2026-05-14T19:20:34.337+0000] {dag.py:3954} INFO - Setting next_dagrun for produce_json to None, run_after=None
[2026-05-14T19:20:35.590+0000] {processor.py:183} INFO - Processing /opt/airflow/dags/main.py took 2.479 seconds
[2026-05-14T19:21:06.278+0000] {processor.py:161} INFO - Started process (PID=3689) to work on /opt/airflow/dags/main.py
[2026-05-14T19:21:06.291+0000] {processor.py:830} INFO - Processing file /opt/airflow/dags/main.py for tasks to queue
[2026-05-14T19:21:06.303+0000] {logging_mixin.py:188} INFO - [2026-05-14T19:21:06.302+0000] {dagbag.py:545} INFO - Filling up the DagBag from /opt/airflow/dags/main.py
[2026-05-14T19:21:07.699+0000] {processor.py:840} INFO - DAG(s) 'produce_json' retrieved from /opt/airflow/dags/main.py
[2026-05-14T19:21:07.967+0000] {logging_mixin.py:188} INFO - [2026-05-14T19:21:07.966+0000] {dag.py:3096} INFO - Sync 1 DAGs
[2026-05-14T19:21:08.157+0000] {logging_mixin.py:188} INFO - [2026-05-14T19:21:08.156+0000] {dag.py:3954} INFO - Setting next_dagrun for produce_json to None, run_after=None
[2026-05-14T19:21:08.818+0000] {processor.py:183} INFO - Processing /opt/airflow/dags/main.py took 2.598 seconds
[2026-05-14T19:21:39.381+0000] {processor.py:161} INFO - Started process (PID=3696) to work on /opt/airflow/dags/main.py
[2026-05-14T19:21:39.395+0000] {processor.py:830} INFO - Processing file /opt/airflow/dags/main.py for tasks to queue
[2026-05-14T19:21:39.412+0000] {logging_mixin.py:188} INFO - [2026-05-14T19:21:39.411+0000] {dagbag.py:545} INFO - Filling up the DagBag from /opt/airflow/dags/main.py
[2026-05-14T19:21:40.060+0000] {processor.py:840} INFO - DAG(s) 'produce_json' retrieved from /opt/airflow/dags/main.py
[2026-05-14T19:21:40.352+0000] {logging_mixin.py:188} INFO - [2026-05-14T19:21:40.351+0000] {dag.py:3096} INFO - Sync 1 DAGs
[2026-05-14T19:21:40.525+0000] {logging_mixin.py:188} INFO - [2026-05-14T19:21:40.524+0000] {dag.py:3954} INFO - Setting next_dagrun for produce_json to None, run_after=None
[2026-05-14T19:21:40.632+0000] {processor.py:183} INFO - Processing /opt/airflow/dags/main.py took 1.296 seconds
[2026-05-14T19:22:15.186+0000] {processor.py:161} INFO - Started process (PID=3703) to work on /opt/airflow/dags/main.py
[2026-05-14T19:22:15.201+0000] {processor.py:830} INFO - Processing file /opt/airflow/dags/main.py for tasks to queue
[2026-05-14T19:22:15.220+0000] {logging_mixin.py:188} INFO - [2026-05-14T19:22:15.218+0000] {dagbag.py:545} INFO - Filling up the DagBag from /opt/airflow/dags/main.py
[2026-05-14T19:22:15.914+0000] {processor.py:840} INFO - DAG(s) 'produce_json' retrieved from /opt/airflow/dags/main.py
[2026-05-14T19:22:16.297+0000] {logging_mixin.py:188} INFO - [2026-05-14T19:22:16.283+0000] {dag.py:3096} INFO - Sync 1 DAGs
[2026-05-14T19:22:16.582+0000] {logging_mixin.py:188} INFO - [2026-05-14T19:22:16.581+0000] {dag.py:3954} INFO - Setting next_dagrun for produce_json to None, run_after=None
[2026-05-14T19:22:16.871+0000] {processor.py:183} INFO - Processing /opt/airflow/dags/main.py took 1.755 seconds
[2026-05-14T19:22:47.681+0000] {processor.py:161} INFO - Started process (PID=3716) to work on /opt/airflow/dags/main.py
[2026-05-14T19:22:47.684+0000] {processor.py:830} INFO - Processing file /opt/airflow/dags/main.py for tasks to queue
[2026-05-14T19:22:47.692+0000] {logging_mixin.py:188} INFO - [2026-05-14T19:22:47.690+0000] {dagbag.py:545} INFO - Filling up the DagBag from /opt/airflow/dags/main.py
[2026-05-14T19:22:52.526+0000] {processor.py:840} INFO - DAG(s) 'produce_json' retrieved from /opt/airflow/dags/main.py
[2026-05-14T19:22:52.817+0000] {logging_mixin.py:188} INFO - [2026-05-14T19:22:52.815+0000] {dag.py:3096} INFO - Sync 1 DAGs
[2026-05-14T19:22:52.947+0000] {logging_mixin.py:188} INFO - [2026-05-14T19:22:52.947+0000] {dag.py:3954} INFO - Setting next_dagrun for produce_json to None, run_after=None
[2026-05-14T19:22:53.197+0000] {processor.py:183} INFO - Processing /opt/airflow/dags/main.py took 5.547 seconds
[2026-05-14T19:23:24.346+0000] {processor.py:161} INFO - Started process (PID=3723) to work on /opt/airflow/dags/main.py
[2026-05-14T19:23:24.350+0000] {processor.py:830} INFO - Processing file /opt/airflow/dags/main.py for tasks to queue
[2026-05-14T19:23:24.358+0000] {logging_mixin.py:188} INFO - [2026-05-14T19:23:24.357+0000] {dagbag.py:545} INFO - Filling up the DagBag from /opt/airflow/dags/main.py
[2026-05-14T19:23:24.713+0000] {processor.py:840} INFO - DAG(s) 'produce_json' retrieved from /opt/airflow/dags/main.py
[2026-05-14T19:23:24.901+0000] {logging_mixin.py:188} INFO - [2026-05-14T19:23:24.897+0000] {dag.py:3096} INFO - Sync 1 DAGs
[2026-05-14T19:23:25.059+0000] {logging_mixin.py:188} INFO - [2026-05-14T19:23:25.058+0000] {dag.py:3954} INFO - Setting next_dagrun for produce_json to None, run_after=None
[2026-05-14T19:23:25.220+0000] {processor.py:183} INFO - Processing /opt/airflow/dags/main.py took 0.914 seconds
[2026-05-14T19:23:56.434+0000] {processor.py:161} INFO - Started process (PID=3730) to work on /opt/airflow/dags/main.py
[2026-05-14T19:23:56.438+0000] {processor.py:830} INFO - Processing file /opt/airflow/dags/main.py for tasks to queue
[2026-05-14T19:23:56.453+0000] {logging_mixin.py:188} INFO - [2026-05-14T19:23:56.452+0000] {dagbag.py:545} INFO - Filling up the DagBag from /opt/airflow/dags/main.py
[2026-05-14T19:23:56.707+0000] {processor.py:840} INFO - DAG(s) 'produce_json' retrieved from /opt/airflow/dags/main.py
[2026-05-14T19:23:56.839+0000] {logging_mixin.py:188} INFO - [2026-05-14T19:23:56.835+0000] {dag.py:3096} INFO - Sync 1 DAGs
[2026-05-14T19:23:56.947+0000] {logging_mixin.py:188} INFO - [2026-05-14T19:23:56.945+0000] {dag.py:3954} INFO - Setting next_dagrun for produce_json to None, run_after=None
[2026-05-14T19:23:57.068+0000] {processor.py:183} INFO - Processing /opt/airflow/dags/main.py took 0.675 seconds
[2026-05-14T19:24:27.744+0000] {processor.py:161} INFO - Started process (PID=3737) to work on /opt/airflow/dags/main.py
[2026-05-14T19:24:27.747+0000] {processor.py:830} INFO - Processing file /opt/airflow/dags/main.py for tasks to queue
[2026-05-14T19:24:27.754+0000] {logging_mixin.py:188} INFO - [2026-05-14T19:24:27.752+0000] {dagbag.py:545} INFO - Filling up the DagBag from /opt/airflow/dags/main.py
[2026-05-14T19:24:27.868+0000] {processor.py:840} INFO - DAG(s) 'produce_json' retrieved from /opt/airflow/dags/main.py
[2026-05-14T19:24:27.955+0000] {logging_mixin.py:188} INFO - [2026-05-14T19:24:27.954+0000] {dag.py:3096} INFO - Sync 1 DAGs
[2026-05-14T19:24:28.015+0000] {logging_mixin.py:188} INFO - [2026-05-14T19:24:28.014+0000] {dag.py:3954} INFO - Setting next_dagrun for produce_json to None, run_after=None
[2026-05-14T19:24:28.087+0000] {processor.py:183} INFO - Processing /opt/airflow/dags/main.py took 0.372 seconds
[2026-05-14T19:24:58.613+0000] {processor.py:161} INFO - Started process (PID=3744) to work on /opt/airflow/dags/main.py
[2026-05-14T19:24:58.628+0000] {processor.py:830} INFO - Processing file /opt/airflow/dags/main.py for tasks to queue
[2026-05-14T19:24:58.645+0000] {logging_mixin.py:188} INFO - [2026-05-14T19:24:58.644+0000] {dagbag.py:545} INFO - Filling up the DagBag from /opt/airflow/dags/main.py
[2026-05-14T19:24:59.205+0000] {processor.py:840} INFO - DAG(s) 'produce_json' retrieved from /opt/airflow/dags/main.py
[2026-05-14T19:24:59.418+0000] {logging_mixin.py:188} INFO - [2026-05-14T19:24:59.417+0000] {dag.py:3096} INFO - Sync 1 DAGs
[2026-05-14T19:24:59.571+0000] {logging_mixin.py:188} INFO - [2026-05-14T19:24:59.570+0000] {dag.py:3954} INFO - Setting next_dagrun for produce_json to None, run_after=None
[2026-05-14T19:24:59.706+0000] {processor.py:183} INFO - Processing /opt/airflow/dags/main.py took 1.161 seconds
[2026-05-14T19:25:30.243+0000] {processor.py:161} INFO - Started process (PID=3751) to work on /opt/airflow/dags/main.py
[2026-05-14T19:25:30.258+0000] {processor.py:830} INFO - Processing file /opt/airflow/dags/main.py for tasks to queue
[2026-05-14T19:25:30.278+0000] {logging_mixin.py:188} INFO - [2026-05-14T19:25:30.277+0000] {dagbag.py:545} INFO - Filling up the DagBag from /opt/airflow/dags/main.py
[2026-05-14T19:25:30.693+0000] {processor.py:840} INFO - DAG(s) 'produce_json' retrieved from /opt/airflow/dags/main.py
[2026-05-14T19:25:30.923+0000] {logging_mixin.py:188} INFO - [2026-05-14T19:25:30.922+0000] {dag.py:3096} INFO - Sync 1 DAGs
[2026-05-14T19:25:31.294+0000] {logging_mixin.py:188} INFO - [2026-05-14T19:25:31.293+0000] {dag.py:3954} INFO - Setting next_dagrun for produce_json to None, run_after=None
[2026-05-14T19:25:31.481+0000] {processor.py:183} INFO - Processing /opt/airflow/dags/main.py took 1.304 seconds
[2026-05-14T19:26:01.973+0000] {processor.py:161} INFO - Started process (PID=3758) to work on /opt/airflow/dags/main.py
[2026-05-14T19:26:01.989+0000] {processor.py:830} INFO - Processing file /opt/airflow/dags/main.py for tasks to queue
[2026-05-14T19:26:02.006+0000] {logging_mixin.py:188} INFO - [2026-05-14T19:26:02.005+0000] {dagbag.py:545} INFO - Filling up the DagBag from /opt/airflow/dags/main.py
[2026-05-14T19:26:02.567+0000] {processor.py:840} INFO - DAG(s) 'produce_json' retrieved from /opt/airflow/dags/main.py
[2026-05-14T19:26:02.739+0000] {logging_mixin.py:188} INFO - [2026-05-14T19:26:02.738+0000] {dag.py:3096} INFO - Sync 1 DAGs
[2026-05-14T19:26:02.865+0000] {logging_mixin.py:188} INFO - [2026-05-14T19:26:02.864+0000] {dag.py:3954} INFO - Setting next_dagrun for produce_json to None, run_after=None
[2026-05-14T19:26:03.117+0000] {processor.py:183} INFO - Processing /opt/airflow/dags/main.py took 1.198 seconds
[2026-05-14T19:26:33.643+0000] {processor.py:161} INFO - Started process (PID=3765) to work on /opt/airflow/dags/main.py
[2026-05-14T19:26:33.674+0000] {processor.py:830} INFO - Processing file /opt/airflow/dags/main.py for tasks to queue
[2026-05-14T19:26:33.710+0000] {logging_mixin.py:188} INFO - [2026-05-14T19:26:33.709+0000] {dagbag.py:545} INFO - Filling up the DagBag from /opt/airflow/dags/main.py
[2026-05-14T19:26:34.171+0000] {processor.py:840} INFO - DAG(s) 'produce_json' retrieved from /opt/airflow/dags/main.py
[2026-05-14T19:26:34.357+0000] {logging_mixin.py:188} INFO - [2026-05-14T19:26:34.356+0000] {dag.py:3096} INFO - Sync 1 DAGs
[2026-05-14T19:26:34.446+0000] {logging_mixin.py:188} INFO - [2026-05-14T19:26:34.446+0000] {dag.py:3954} INFO - Setting next_dagrun for produce_json to None, run_after=None
[2026-05-14T19:26:34.562+0000] {processor.py:183} INFO - Processing /opt/airflow/dags/main.py took 1.017 seconds
[2026-05-14T19:27:05.406+0000] {processor.py:161} INFO - Started process (PID=3773) to work on /opt/airflow/dags/main.py
[2026-05-14T19:27:05.410+0000] {processor.py:830} INFO - Processing file /opt/airflow/dags/main.py for tasks to queue
[2026-05-14T19:27:05.416+0000] {logging_mixin.py:188} INFO - [2026-05-14T19:27:05.416+0000] {dagbag.py:545} INFO - Filling up the DagBag from /opt/airflow/dags/main.py
[2026-05-14T19:27:05.656+0000] {processor.py:840} INFO - DAG(s) 'produce_json' retrieved from /opt/airflow/dags/main.py
[2026-05-14T19:27:05.732+0000] {logging_mixin.py:188} INFO - [2026-05-14T19:27:05.732+0000] {dag.py:3096} INFO - Sync 1 DAGs
[2026-05-14T19:27:05.774+0000] {logging_mixin.py:188} INFO - [2026-05-14T19:27:05.774+0000] {dag.py:3954} INFO - Setting next_dagrun for produce_json to None, run_after=None
[2026-05-14T19:27:05.835+0000] {processor.py:183} INFO - Processing /opt/airflow/dags/main.py took 0.450 seconds
[2026-05-14T19:27:36.069+0000] {processor.py:161} INFO - Started process (PID=3780) to work on /opt/airflow/dags/main.py
[2026-05-14T19:27:36.072+0000] {processor.py:830} INFO - Processing file /opt/airflow/dags/main.py for tasks to queue
[2026-05-14T19:27:36.079+0000] {logging_mixin.py:188} INFO - [2026-05-14T19:27:36.078+0000] {dagbag.py:545} INFO - Filling up the DagBag from /opt/airflow/dags/main.py
[2026-05-14T19:27:36.245+0000] {processor.py:840} INFO - DAG(s) 'produce_json' retrieved from /opt/airflow/dags/main.py
[2026-05-14T19:27:36.387+0000] {logging_mixin.py:188} INFO - [2026-05-14T19:27:36.386+0000] {dag.py:3096} INFO - Sync 1 DAGs
[2026-05-14T19:27:36.439+0000] {logging_mixin.py:188} INFO - [2026-05-14T19:27:36.438+0000] {dag.py:3954} INFO - Setting next_dagrun for produce_json to None, run_after=None
[2026-05-14T19:27:36.552+0000] {processor.py:183} INFO - Processing /opt/airflow/dags/main.py took 0.501 seconds
[2026-05-14T19:28:06.992+0000] {processor.py:161} INFO - Started process (PID=3787) to work on /opt/airflow/dags/main.py
[2026-05-14T19:28:06.996+0000] {processor.py:830} INFO - Processing file /opt/airflow/dags/main.py for tasks to queue
[2026-05-14T19:28:07.010+0000] {logging_mixin.py:188} INFO - [2026-05-14T19:28:07.008+0000] {dagbag.py:545} INFO - Filling up the DagBag from /opt/airflow/dags/main.py
[2026-05-14T19:28:07.405+0000] {processor.py:840} INFO - DAG(s) 'produce_json' retrieved from /opt/airflow/dags/main.py
[2026-05-14T19:28:07.518+0000] {logging_mixin.py:188} INFO - [2026-05-14T19:28:07.517+0000] {dag.py:3096} INFO - Sync 1 DAGs
[2026-05-14T19:28:07.598+0000] {logging_mixin.py:188} INFO - [2026-05-14T19:28:07.598+0000] {dag.py:3954} INFO - Setting next_dagrun for produce_json to None, run_after=None
[2026-05-14T19:28:07.748+0000] {processor.py:183} INFO - Processing /opt/airflow/dags/main.py took 0.780 seconds
[2026-05-14T19:28:39.658+0000] {processor.py:161} INFO - Started process (PID=3794) to work on /opt/airflow/dags/main.py
[2026-05-14T19:28:39.687+0000] {processor.py:830} INFO - Processing file /opt/airflow/dags/main.py for tasks to queue
[2026-05-14T19:28:40.167+0000] {logging_mixin.py:188} INFO - [2026-05-14T19:28:40.167+0000] {dagbag.py:545} INFO - Filling up the DagBag from /opt/airflow/dags/main.py
[2026-05-14T19:28:40.502+0000] {processor.py:840} INFO - DAG(s) 'produce_json' retrieved from /opt/airflow/dags/main.py
[2026-05-14T19:28:40.624+0000] {logging_mixin.py:188} INFO - [2026-05-14T19:28:40.623+0000] {dag.py:3096} INFO - Sync 1 DAGs
[2026-05-14T19:28:40.703+0000] {logging_mixin.py:188} INFO - [2026-05-14T19:28:40.702+0000] {dag.py:3954} INFO - Setting next_dagrun for produce_json to None, run_after=None
[2026-05-14T19:28:40.820+0000] {processor.py:183} INFO - Processing /opt/airflow/dags/main.py took 1.185 seconds
[2026-05-14T19:29:10.971+0000] {processor.py:161} INFO - Started process (PID=3801) to work on /opt/airflow/dags/main.py
[2026-05-14T19:29:10.973+0000] {processor.py:830} INFO - Processing file /opt/airflow/dags/main.py for tasks to queue
[2026-05-14T19:29:10.977+0000] {logging_mixin.py:188} INFO - [2026-05-14T19:29:10.977+0000] {dagbag.py:545} INFO - Filling up the DagBag from /opt/airflow/dags/main.py
[2026-05-14T19:29:11.059+0000] {processor.py:840} INFO - DAG(s) 'produce_json' retrieved from /opt/airflow/dags/main.py
[2026-05-14T19:29:11.108+0000] {logging_mixin.py:188} INFO - [2026-05-14T19:29:11.107+0000] {dag.py:3096} INFO - Sync 1 DAGs
[2026-05-14T19:29:11.135+0000] {logging_mixin.py:188} INFO - [2026-05-14T19:29:11.135+0000] {dag.py:3954} INFO - Setting next_dagrun for produce_json to None, run_after=None
[2026-05-14T19:29:11.190+0000] {processor.py:183} INFO - Processing /opt/airflow/dags/main.py took 0.230 seconds
[2026-05-14T19:29:41.832+0000] {processor.py:161} INFO - Started process (PID=3808) to work on /opt/airflow/dags/main.py
[2026-05-14T19:29:41.834+0000] {processor.py:830} INFO - Processing file /opt/airflow/dags/main.py for tasks to queue
[2026-05-14T19:29:41.845+0000] {logging_mixin.py:188} INFO - [2026-05-14T19:29:41.842+0000] {dagbag.py:545} INFO - Filling up the DagBag from /opt/airflow/dags/main.py
[2026-05-14T19:29:42.064+0000] {processor.py:840} INFO - DAG(s) 'produce_json' retrieved from /opt/airflow/dags/main.py
[2026-05-14T19:29:42.228+0000] {logging_mixin.py:188} INFO - [2026-05-14T19:29:42.227+0000] {dag.py:3096} INFO - Sync 1 DAGs
[2026-05-14T19:29:42.274+0000] {logging_mixin.py:188} INFO - [2026-05-14T19:29:42.273+0000] {dag.py:3954} INFO - Setting next_dagrun for produce_json to None, run_after=None
[2026-05-14T19:29:42.322+0000] {processor.py:183} INFO - Processing /opt/airflow/dags/main.py took 0.509 seconds
[2026-05-14T19:30:12.889+0000] {processor.py:161} INFO - Started process (PID=3815) to work on /opt/airflow/dags/main.py
[2026-05-14T19:30:12.896+0000] {processor.py:830} INFO - Processing file /opt/airflow/dags/main.py for tasks to queue
[2026-05-14T19:30:12.900+0000] {logging_mixin.py:188} INFO - [2026-05-14T19:30:12.899+0000] {dagbag.py:545} INFO - Filling up the DagBag from /opt/airflow/dags/main.py
[2026-05-14T19:30:13.022+0000] {processor.py:840} INFO - DAG(s) 'produce_json' retrieved from /opt/airflow/dags/main.py
[2026-05-14T19:30:13.061+0000] {logging_mixin.py:188} INFO - [2026-05-14T19:30:13.061+0000] {dag.py:3096} INFO - Sync 1 DAGs
[2026-05-14T19:30:13.085+0000] {logging_mixin.py:188} INFO - [2026-05-14T19:30:13.085+0000] {dag.py:3954} INFO - Setting next_dagrun for produce_json to None, run_after=None
[2026-05-14T19:30:13.128+0000] {processor.py:183} INFO - Processing /opt/airflow/dags/main.py took 0.258 seconds
[2026-05-14T19:30:43.423+0000] {processor.py:161} INFO - Started process (PID=3822) to work on /opt/airflow/dags/main.py
[2026-05-14T19:30:43.426+0000] {processor.py:830} INFO - Processing file /opt/airflow/dags/main.py for tasks to queue
[2026-05-14T19:30:43.434+0000] {logging_mixin.py:188} INFO - [2026-05-14T19:30:43.433+0000] {dagbag.py:545} INFO - Filling up the DagBag from /opt/airflow/dags/main.py
[2026-05-14T19:30:43.813+0000] {processor.py:840} INFO - DAG(s) 'produce_json' retrieved from /opt/airflow/dags/main.py
[2026-05-14T19:30:43.852+0000] {logging_mixin.py:188} INFO - [2026-05-14T19:30:43.852+0000] {dag.py:3096} INFO - Sync 1 DAGs
[2026-05-14T19:30:43.875+0000] {logging_mixin.py:188} INFO - [2026-05-14T19:30:43.875+0000] {dag.py:3954} INFO - Setting next_dagrun for produce_json to None, run_after=None
[2026-05-14T19:30:43.933+0000] {processor.py:183} INFO - Processing /opt/airflow/dags/main.py took 0.546 seconds
[2026-05-14T19:31:14.383+0000] {processor.py:161} INFO - Started process (PID=3829) to work on /opt/airflow/dags/main.py
[2026-05-14T19:31:14.392+0000] {processor.py:830} INFO - Processing file /opt/airflow/dags/main.py for tasks to queue
[2026-05-14T19:31:14.402+0000] {logging_mixin.py:188} INFO - [2026-05-14T19:31:14.401+0000] {dagbag.py:545} INFO - Filling up the DagBag from /opt/airflow/dags/main.py
[2026-05-14T19:31:14.659+0000] {processor.py:840} INFO - DAG(s) 'produce_json' retrieved from /opt/airflow/dags/main.py
[2026-05-14T19:31:14.764+0000] {logging_mixin.py:188} INFO - [2026-05-14T19:31:14.764+0000] {dag.py:3096} INFO - Sync 1 DAGs
[2026-05-14T19:31:14.806+0000] {logging_mixin.py:188} INFO - [2026-05-14T19:31:14.806+0000] {dag.py:3954} INFO - Setting next_dagrun for produce_json to None, run_after=None
[2026-05-14T19:31:14.854+0000] {processor.py:183} INFO - Processing /opt/airflow/dags/main.py took 0.502 seconds
[2026-05-14T19:31:45.136+0000] {processor.py:161} INFO - Started process (PID=3836) to work on /opt/airflow/dags/main.py
[2026-05-14T19:31:45.145+0000] {processor.py:830} INFO - Processing file /opt/airflow/dags/main.py for tasks to queue
[2026-05-14T19:31:45.161+0000] {logging_mixin.py:188} INFO - [2026-05-14T19:31:45.160+0000] {dagbag.py:545} INFO - Filling up the DagBag from /opt/airflow/dags/main.py
[2026-05-14T19:31:45.285+0000] {processor.py:840} INFO - DAG(s) 'produce_json' retrieved from /opt/airflow/dags/main.py
[2026-05-14T19:31:45.320+0000] {logging_mixin.py:188} INFO - [2026-05-14T19:31:45.320+0000] {dag.py:3096} INFO - Sync 1 DAGs
[2026-05-14T19:31:45.340+0000] {logging_mixin.py:188} INFO - [2026-05-14T19:31:45.340+0000] {dag.py:3954} INFO - Setting next_dagrun for produce_json to None, run_after=None
[2026-05-14T19:31:45.374+0000] {processor.py:183} INFO - Processing /opt/airflow/dags/main.py took 0.268 seconds
[2026-05-14T19:32:15.725+0000] {processor.py:161} INFO - Started process (PID=3843) to work on /opt/airflow/dags/main.py
[2026-05-14T19:32:15.731+0000] {processor.py:830} INFO - Processing file /opt/airflow/dags/main.py for tasks to queue
[2026-05-14T19:32:15.736+0000] {logging_mixin.py:188} INFO - [2026-05-14T19:32:15.735+0000] {dagbag.py:545} INFO - Filling up the DagBag from /opt/airflow/dags/main.py
[2026-05-14T19:32:15.873+0000] {processor.py:840} INFO - DAG(s) 'produce_json' retrieved from /opt/airflow/dags/main.py
[2026-05-14T19:32:15.917+0000] {logging_mixin.py:188} INFO - [2026-05-14T19:32:15.916+0000] {dag.py:3096} INFO - Sync 1 DAGs
[2026-05-14T19:32:15.940+0000] {logging_mixin.py:188} INFO - [2026-05-14T19:32:15.940+0000] {dag.py:3954} INFO - Setting next_dagrun for produce_json to None, run_after=None
[2026-05-14T19:32:16.008+0000] {processor.py:183} INFO - Processing /opt/airflow/dags/main.py took 0.294 seconds
[2026-05-14T19:32:46.127+0000] {processor.py:161} INFO - Started process (PID=3850) to work on /opt/airflow/dags/main.py
[2026-05-14T19:32:46.129+0000] {processor.py:830} INFO - Processing file /opt/airflow/dags/main.py for tasks to queue
[2026-05-14T19:32:46.135+0000] {logging_mixin.py:188} INFO - [2026-05-14T19:32:46.135+0000] {dagbag.py:545} INFO - Filling up the DagBag from /opt/airflow/dags/main.py
[2026-05-14T19:32:46.302+0000] {processor.py:840} INFO - DAG(s) 'produce_json' retrieved from /opt/airflow/dags/main.py
[2026-05-14T19:32:46.341+0000] {logging_mixin.py:188} INFO - [2026-05-14T19:32:46.341+0000] {dag.py:3096} INFO - Sync 1 DAGs
[2026-05-14T19:32:46.363+0000] {logging_mixin.py:188} INFO - [2026-05-14T19:32:46.362+0000] {dag.py:3954} INFO - Setting next_dagrun for produce_json to None, run_after=None
[2026-05-14T19:32:46.397+0000] {processor.py:183} INFO - Processing /opt/airflow/dags/main.py took 0.284 seconds
[2026-05-14T19:33:16.848+0000] {processor.py:161} INFO - Started process (PID=3857) to work on /opt/airflow/dags/main.py
[2026-05-14T19:33:16.851+0000] {processor.py:830} INFO - Processing file /opt/airflow/dags/main.py for tasks to queue
[2026-05-14T19:33:16.859+0000] {logging_mixin.py:188} INFO - [2026-05-14T19:33:16.859+0000] {dagbag.py:545} INFO - Filling up the DagBag from /opt/airflow/dags/main.py
[2026-05-14T19:33:16.953+0000] {processor.py:840} INFO - DAG(s) 'produce_json' retrieved from /opt/airflow/dags/main.py
[2026-05-14T19:33:17.012+0000] {logging_mixin.py:188} INFO - [2026-05-14T19:33:17.012+0000] {dag.py:3096} INFO - Sync 1 DAGs
[2026-05-14T19:33:17.042+0000] {logging_mixin.py:188} INFO - [2026-05-14T19:33:17.042+0000] {dag.py:3954} INFO - Setting next_dagrun for produce_json to None, run_after=None
[2026-05-14T19:33:17.088+0000] {processor.py:183} INFO - Processing /opt/airflow/dags/main.py took 0.262 seconds
[2026-05-14T19:33:47.295+0000] {processor.py:161} INFO - Started process (PID=3864) to work on /opt/airflow/dags/main.py
[2026-05-14T19:33:47.299+0000] {processor.py:830} INFO - Processing file /opt/airflow/dags/main.py for tasks to queue
[2026-05-14T19:33:47.304+0000] {logging_mixin.py:188} INFO - [2026-05-14T19:33:47.304+0000] {dagbag.py:545} INFO - Filling up the DagBag from /opt/airflow/dags/main.py
[2026-05-14T19:33:47.459+0000] {processor.py:840} INFO - DAG(s) 'produce_json' retrieved from /opt/airflow/dags/main.py
[2026-05-14T19:33:47.510+0000] {logging_mixin.py:188} INFO - [2026-05-14T19:33:47.508+0000] {dag.py:3096} INFO - Sync 1 DAGs
[2026-05-14T19:33:47.541+0000] {logging_mixin.py:188} INFO - [2026-05-14T19:33:47.540+0000] {dag.py:3954} INFO - Setting next_dagrun for produce_json to None, run_after=None
[2026-05-14T19:33:47.595+0000] {processor.py:183} INFO - Processing /opt/airflow/dags/main.py took 0.325 seconds
[2026-05-14T19:34:18.121+0000] {processor.py:161} INFO - Started process (PID=3872) to work on /opt/airflow/dags/main.py
[2026-05-14T19:34:18.124+0000] {processor.py:830} INFO - Processing file /opt/airflow/dags/main.py for tasks to queue
[2026-05-14T19:34:18.130+0000] {logging_mixin.py:188} INFO - [2026-05-14T19:34:18.130+0000] {dagbag.py:545} INFO - Filling up the DagBag from /opt/airflow/dags/main.py
[2026-05-14T19:34:18.272+0000] {processor.py:840} INFO - DAG(s) 'produce_json' retrieved from /opt/airflow/dags/main.py
[2026-05-14T19:34:18.310+0000] {logging_mixin.py:188} INFO - [2026-05-14T19:34:18.309+0000] {dag.py:3096} INFO - Sync 1 DAGs
[2026-05-14T19:34:18.330+0000] {logging_mixin.py:188} INFO - [2026-05-14T19:34:18.329+0000] {dag.py:3954} INFO - Setting next_dagrun for produce_json to None, run_after=None
[2026-05-14T19:34:18.384+0000] {processor.py:183} INFO - Processing /opt/airflow/dags/main.py took 0.281 seconds
[2026-05-14T19:34:49.129+0000] {processor.py:161} INFO - Started process (PID=3880) to work on /opt/airflow/dags/main.py
[2026-05-14T19:34:49.132+0000] {processor.py:830} INFO - Processing file /opt/airflow/dags/main.py for tasks to queue
[2026-05-14T19:34:49.139+0000] {logging_mixin.py:188} INFO - [2026-05-14T19:34:49.137+0000] {dagbag.py:545} INFO - Filling up the DagBag from /opt/airflow/dags/main.py
[2026-05-14T19:34:49.257+0000] {processor.py:840} INFO - DAG(s) 'produce_json' retrieved from /opt/airflow/dags/main.py
[2026-05-14T19:34:49.308+0000] {logging_mixin.py:188} INFO - [2026-05-14T19:34:49.307+0000] {dag.py:3096} INFO - Sync 1 DAGs
[2026-05-14T19:34:49.345+0000] {logging_mixin.py:188} INFO - [2026-05-14T19:34:49.344+0000] {dag.py:3954} INFO - Setting next_dagrun for produce_json to None, run_after=None
[2026-05-14T19:34:49.396+0000] {processor.py:183} INFO - Processing /opt/airflow/dags/main.py took 0.286 seconds
[2026-05-14T19:35:19.897+0000] {processor.py:161} INFO - Started process (PID=3887) to work on /opt/airflow/dags/main.py
[2026-05-14T19:35:19.899+0000] {processor.py:830} INFO - Processing file /opt/airflow/dags/main.py for tasks to queue
[2026-05-14T19:35:19.902+0000] {logging_mixin.py:188} INFO - [2026-05-14T19:35:19.901+0000] {dagbag.py:545} INFO - Filling up the DagBag from /opt/airflow/dags/main.py
[2026-05-14T19:35:20.091+0000] {processor.py:840} INFO - DAG(s) 'produce_json' retrieved from /opt/airflow/dags/main.py
[2026-05-14T19:35:20.150+0000] {logging_mixin.py:188} INFO - [2026-05-14T19:35:20.150+0000] {dag.py:3096} INFO - Sync 1 DAGs
[2026-05-14T19:35:20.213+0000] {logging_mixin.py:188} INFO - [2026-05-14T19:35:20.212+0000] {dag.py:3954} INFO - Setting next_dagrun for produce_json to None, run_after=None
[2026-05-14T19:35:20.312+0000] {processor.py:183} INFO - Processing /opt/airflow/dags/main.py took 0.431 seconds
[2026-05-14T19:35:50.647+0000] {processor.py:161} INFO - Started process (PID=3895) to work on /opt/airflow/dags/main.py
[2026-05-14T19:35:50.649+0000] {processor.py:830} INFO - Processing file /opt/airflow/dags/main.py for tasks to queue
[2026-05-14T19:35:50.653+0000] {logging_mixin.py:188} INFO - [2026-05-14T19:35:50.652+0000] {dagbag.py:545} INFO - Filling up the DagBag from /opt/airflow/dags/main.py
[2026-05-14T19:35:50.791+0000] {processor.py:840} INFO - DAG(s) 'produce_json' retrieved from /opt/airflow/dags/main.py
[2026-05-14T19:35:50.837+0000] {logging_mixin.py:188} INFO - [2026-05-14T19:35:50.837+0000] {dag.py:3096} INFO - Sync 1 DAGs
[2026-05-14T19:35:50.857+0000] {logging_mixin.py:188} INFO - [2026-05-14T19:35:50.857+0000] {dag.py:3954} INFO - Setting next_dagrun for produce_json to None, run_after=None
[2026-05-14T19:35:50.900+0000] {processor.py:183} INFO - Processing /opt/airflow/dags/main.py took 0.269 seconds
[2026-05-14T19:36:21.184+0000] {processor.py:161} INFO - Started process (PID=3902) to work on /opt/airflow/dags/main.py
[2026-05-14T19:36:21.198+0000] {processor.py:830} INFO - Processing file /opt/airflow/dags/main.py for tasks to queue
[2026-05-14T19:36:21.215+0000] {logging_mixin.py:188} INFO - [2026-05-14T19:36:21.214+0000] {dagbag.py:545} INFO - Filling up the DagBag from /opt/airflow/dags/main.py
[2026-05-14T19:36:21.380+0000] {processor.py:840} INFO - DAG(s) 'produce_json' retrieved from /opt/airflow/dags/main.py
[2026-05-14T19:36:21.438+0000] {logging_mixin.py:188} INFO - [2026-05-14T19:36:21.437+0000] {dag.py:3096} INFO - Sync 1 DAGs
[2026-05-14T19:36:21.471+0000] {logging_mixin.py:188} INFO - [2026-05-14T19:36:21.470+0000] {dag.py:3954} INFO - Setting next_dagrun for produce_json to None, run_after=None
[2026-05-14T19:36:21.518+0000] {processor.py:183} INFO - Processing /opt/airflow/dags/main.py took 0.374 seconds
[2026-05-14T19:36:51.694+0000] {processor.py:161} INFO - Started process (PID=3909) to work on /opt/airflow/dags/main.py
[2026-05-14T19:36:51.696+0000] {processor.py:830} INFO - Processing file /opt/airflow/dags/main.py for tasks to queue
[2026-05-14T19:36:51.700+0000] {logging_mixin.py:188} INFO - [2026-05-14T19:36:51.700+0000] {dagbag.py:545} INFO - Filling up the DagBag from /opt/airflow/dags/main.py
[2026-05-14T19:36:51.820+0000] {processor.py:840} INFO - DAG(s) 'produce_json' retrieved from /opt/airflow/dags/main.py
[2026-05-14T19:36:51.860+0000] {logging_mixin.py:188} INFO - [2026-05-14T19:36:51.860+0000] {dag.py:3096} INFO - Sync 1 DAGs
[2026-05-14T19:36:51.880+0000] {logging_mixin.py:188} INFO - [2026-05-14T19:36:51.879+0000] {dag.py:3954} INFO - Setting next_dagrun for produce_json to None, run_after=None
[2026-05-14T19:36:51.934+0000] {processor.py:183} INFO - Processing /opt/airflow/dags/main.py took 0.255 seconds
[2026-05-14T19:37:22.327+0000] {processor.py:161} INFO - Started process (PID=3916) to work on /opt/airflow/dags/main.py
[2026-05-14T19:37:22.329+0000] {processor.py:830} INFO - Processing file /opt/airflow/dags/main.py for tasks to queue
[2026-05-14T19:37:22.332+0000] {logging_mixin.py:188} INFO - [2026-05-14T19:37:22.332+0000] {dagbag.py:545} INFO - Filling up the DagBag from /opt/airflow/dags/main.py
[2026-05-14T19:37:22.421+0000] {processor.py:840} INFO - DAG(s) 'produce_json' retrieved from /opt/airflow/dags/main.py
[2026-05-14T19:37:22.456+0000] {logging_mixin.py:188} INFO - [2026-05-14T19:37:22.455+0000] {dag.py:3096} INFO - Sync 1 DAGs
[2026-05-14T19:37:22.477+0000] {logging_mixin.py:188} INFO - [2026-05-14T19:37:22.476+0000] {dag.py:3954} INFO - Setting next_dagrun for produce_json to None, run_after=None
[2026-05-14T19:37:22.517+0000] {processor.py:183} INFO - Processing /opt/airflow/dags/main.py took 0.202 seconds
[2026-05-14T19:37:52.688+0000] {processor.py:161} INFO - Started process (PID=3923) to work on /opt/airflow/dags/main.py
[2026-05-14T19:37:52.690+0000] {processor.py:830} INFO - Processing file /opt/airflow/dags/main.py for tasks to queue
[2026-05-14T19:37:52.693+0000] {logging_mixin.py:188} INFO - [2026-05-14T19:37:52.693+0000] {dagbag.py:545} INFO - Filling up the DagBag from /opt/airflow/dags/main.py
[2026-05-14T19:37:52.872+0000] {processor.py:840} INFO - DAG(s) 'produce_json' retrieved from /opt/airflow/dags/main.py
[2026-05-14T19:37:52.962+0000] {logging_mixin.py:188} INFO - [2026-05-14T19:37:52.960+0000] {dag.py:3096} INFO - Sync 1 DAGs
[2026-05-14T19:37:53.003+0000] {logging_mixin.py:188} INFO - [2026-05-14T19:37:53.002+0000] {dag.py:3954} INFO - Setting next_dagrun for produce_json to None, run_after=None
[2026-05-14T19:37:53.066+0000] {processor.py:183} INFO - Processing /opt/airflow/dags/main.py took 0.394 seconds
[2026-05-14T19:38:23.331+0000] {processor.py:161} INFO - Started process (PID=3930) to work on /opt/airflow/dags/main.py
[2026-05-14T19:38:23.335+0000] {processor.py:830} INFO - Processing file /opt/airflow/dags/main.py for tasks to queue
[2026-05-14T19:38:23.340+0000] {logging_mixin.py:188} INFO - [2026-05-14T19:38:23.340+0000] {dagbag.py:545} INFO - Filling up the DagBag from /opt/airflow/dags/main.py
[2026-05-14T19:38:23.441+0000] {processor.py:840} INFO - DAG(s) 'produce_json' retrieved from /opt/airflow/dags/main.py
[2026-05-14T19:38:23.476+0000] {logging_mixin.py:188} INFO - [2026-05-14T19:38:23.476+0000] {dag.py:3096} INFO - Sync 1 DAGs
[2026-05-14T19:38:23.497+0000] {logging_mixin.py:188} INFO - [2026-05-14T19:38:23.496+0000] {dag.py:3954} INFO - Setting next_dagrun for produce_json to None, run_after=None
[2026-05-14T19:38:23.551+0000] {processor.py:183} INFO - Processing /opt/airflow/dags/main.py took 0.253 seconds
[2026-05-14T19:38:53.649+0000] {processor.py:161} INFO - Started process (PID=3937) to work on /opt/airflow/dags/main.py
[2026-05-14T19:38:53.651+0000] {processor.py:830} INFO - Processing file /opt/airflow/dags/main.py for tasks to queue
[2026-05-14T19:38:53.654+0000] {logging_mixin.py:188} INFO - [2026-05-14T19:38:53.654+0000] {dagbag.py:545} INFO - Filling up the DagBag from /opt/airflow/dags/main.py
[2026-05-14T19:38:53.867+0000] {processor.py:840} INFO - DAG(s) 'produce_json' retrieved from /opt/airflow/dags/main.py
[2026-05-14T19:38:53.934+0000] {logging_mixin.py:188} INFO - [2026-05-14T19:38:53.934+0000] {dag.py:3096} INFO - Sync 1 DAGs
[2026-05-14T19:38:53.977+0000] {logging_mixin.py:188} INFO - [2026-05-14T19:38:53.977+0000] {dag.py:3954} INFO - Setting next_dagrun for produce_json to None, run_after=None
[2026-05-14T19:38:54.029+0000] {processor.py:183} INFO - Processing /opt/airflow/dags/main.py took 0.391 seconds
[2026-05-14T19:39:24.402+0000] {processor.py:161} INFO - Started process (PID=3944) to work on /opt/airflow/dags/main.py
[2026-05-14T19:39:24.407+0000] {processor.py:830} INFO - Processing file /opt/airflow/dags/main.py for tasks to queue
[2026-05-14T19:39:24.417+0000] {logging_mixin.py:188} INFO - [2026-05-14T19:39:24.416+0000] {dagbag.py:545} INFO - Filling up the DagBag from /opt/airflow/dags/main.py
[2026-05-14T19:39:24.547+0000] {processor.py:840} INFO - DAG(s) 'produce_json' retrieved from /opt/airflow/dags/main.py
[2026-05-14T19:39:24.592+0000] {logging_mixin.py:188} INFO - [2026-05-14T19:39:24.592+0000] {dag.py:3096} INFO - Sync 1 DAGs
[2026-05-14T19:39:24.616+0000] {logging_mixin.py:188} INFO - [2026-05-14T19:39:24.615+0000] {dag.py:3954} INFO - Setting next_dagrun for produce_json to None, run_after=None
[2026-05-14T19:39:24.672+0000] {processor.py:183} INFO - Processing /opt/airflow/dags/main.py took 0.305 seconds
[2026-05-14T19:39:54.812+0000] {processor.py:161} INFO - Started process (PID=3951) to work on /opt/airflow/dags/main.py
[2026-05-14T19:39:54.817+0000] {processor.py:830} INFO - Processing file /opt/airflow/dags/main.py for tasks to queue
[2026-05-14T19:39:54.830+0000] {logging_mixin.py:188} INFO - [2026-05-14T19:39:54.829+0000] {dagbag.py:545} INFO - Filling up the DagBag from /opt/airflow/dags/main.py
[2026-05-14T19:39:55.088+0000] {processor.py:840} INFO - DAG(s) 'produce_json' retrieved from /opt/airflow/dags/main.py
[2026-05-14T19:39:55.125+0000] {logging_mixin.py:188} INFO - [2026-05-14T19:39:55.124+0000] {dag.py:3096} INFO - Sync 1 DAGs
[2026-05-14T19:39:55.144+0000] {logging_mixin.py:188} INFO - [2026-05-14T19:39:55.143+0000] {dag.py:3954} INFO - Setting next_dagrun for produce_json to None, run_after=None
[2026-05-14T19:39:55.185+0000] {processor.py:183} INFO - Processing /opt/airflow/dags/main.py took 0.402 seconds
[2026-05-14T19:40:25.688+0000] {processor.py:161} INFO - Started process (PID=3958) to work on /opt/airflow/dags/main.py
[2026-05-14T19:40:25.690+0000] {processor.py:830} INFO - Processing file /opt/airflow/dags/main.py for tasks to queue
[2026-05-14T19:40:25.693+0000] {logging_mixin.py:188} INFO - [2026-05-14T19:40:25.693+0000] {dagbag.py:545} INFO - Filling up the DagBag from /opt/airflow/dags/main.py
[2026-05-14T19:40:25.807+0000] {processor.py:840} INFO - DAG(s) 'produce_json' retrieved from /opt/airflow/dags/main.py
[2026-05-14T19:40:25.866+0000] {logging_mixin.py:188} INFO - [2026-05-14T19:40:25.865+0000] {dag.py:3096} INFO - Sync 1 DAGs
[2026-05-14T19:40:25.901+0000] {logging_mixin.py:188} INFO - [2026-05-14T19:40:25.901+0000] {dag.py:3954} INFO - Setting next_dagrun for produce_json to None, run_after=None
[2026-05-14T19:40:25.957+0000] {processor.py:183} INFO - Processing /opt/airflow/dags/main.py took 0.281 seconds
[2026-05-14T19:40:56.214+0000] {processor.py:161} INFO - Started process (PID=3966) to work on /opt/airflow/dags/main.py
[2026-05-14T19:40:56.217+0000] {processor.py:830} INFO - Processing file /opt/airflow/dags/main.py for tasks to queue
[2026-05-14T19:40:56.224+0000] {logging_mixin.py:188} INFO - [2026-05-14T19:40:56.223+0000] {dagbag.py:545} INFO - Filling up the DagBag from /opt/airflow/dags/main.py
[2026-05-14T19:40:56.377+0000] {processor.py:840} INFO - DAG(s) 'produce_json' retrieved from /opt/airflow/dags/main.py
[2026-05-14T19:40:56.428+0000] {logging_mixin.py:188} INFO - [2026-05-14T19:40:56.428+0000] {dag.py:3096} INFO - Sync 1 DAGs
[2026-05-14T19:40:56.452+0000] {logging_mixin.py:188} INFO - [2026-05-14T19:40:56.451+0000] {dag.py:3954} INFO - Setting next_dagrun for produce_json to None, run_after=None
[2026-05-14T19:40:56.512+0000] {processor.py:183} INFO - Processing /opt/airflow/dags/main.py took 0.320 seconds
[2026-05-14T19:41:26.824+0000] {processor.py:161} INFO - Started process (PID=3973) to work on /opt/airflow/dags/main.py
[2026-05-14T19:41:26.830+0000] {processor.py:830} INFO - Processing file /opt/airflow/dags/main.py for tasks to queue
[2026-05-14T19:41:26.835+0000] {logging_mixin.py:188} INFO - [2026-05-14T19:41:26.834+0000] {dagbag.py:545} INFO - Filling up the DagBag from /opt/airflow/dags/main.py
[2026-05-14T19:41:26.971+0000] {processor.py:840} INFO - DAG(s) 'produce_json' retrieved from /opt/airflow/dags/main.py
[2026-05-14T19:41:27.059+0000] {logging_mixin.py:188} INFO - [2026-05-14T19:41:27.058+0000] {dag.py:3096} INFO - Sync 1 DAGs
[2026-05-14T19:41:27.119+0000] {logging_mixin.py:188} INFO - [2026-05-14T19:41:27.118+0000] {dag.py:3954} INFO - Setting next_dagrun for produce_json to None, run_after=None
[2026-05-14T19:41:27.167+0000] {processor.py:183} INFO - Processing /opt/airflow/dags/main.py took 0.363 seconds
[2026-05-14T19:41:57.629+0000] {processor.py:161} INFO - Started process (PID=3986) to work on /opt/airflow/dags/main.py
[2026-05-14T19:41:57.633+0000] {processor.py:830} INFO - Processing file /opt/airflow/dags/main.py for tasks to queue
[2026-05-14T19:41:57.638+0000] {logging_mixin.py:188} INFO - [2026-05-14T19:41:57.637+0000] {dagbag.py:545} INFO - Filling up the DagBag from /opt/airflow/dags/main.py
[2026-05-14T19:41:57.735+0000] {processor.py:840} INFO - DAG(s) 'produce_json' retrieved from /opt/airflow/dags/main.py
[2026-05-14T19:41:57.773+0000] {logging_mixin.py:188} INFO - [2026-05-14T19:41:57.772+0000] {dag.py:3096} INFO - Sync 1 DAGs
[2026-05-14T19:41:57.807+0000] {logging_mixin.py:188} INFO - [2026-05-14T19:41:57.806+0000] {dag.py:3954} INFO - Setting next_dagrun for produce_json to None, run_after=None
[2026-05-14T19:41:57.857+0000] {processor.py:183} INFO - Processing /opt/airflow/dags/main.py took 0.248 seconds
[2026-05-14T19:42:28.056+0000] {processor.py:161} INFO - Started process (PID=3993) to work on /opt/airflow/dags/main.py
[2026-05-14T19:42:28.068+0000] {processor.py:830} INFO - Processing file /opt/airflow/dags/main.py for tasks to queue
[2026-05-14T19:42:28.075+0000] {logging_mixin.py:188} INFO - [2026-05-14T19:42:28.074+0000] {dagbag.py:545} INFO - Filling up the DagBag from /opt/airflow/dags/main.py
[2026-05-14T19:42:28.335+0000] {processor.py:840} INFO - DAG(s) 'produce_json' retrieved from /opt/airflow/dags/main.py
[2026-05-14T19:42:28.404+0000] {logging_mixin.py:188} INFO - [2026-05-14T19:42:28.404+0000] {dag.py:3096} INFO - Sync 1 DAGs
[2026-05-14T19:42:28.440+0000] {logging_mixin.py:188} INFO - [2026-05-14T19:42:28.439+0000] {dag.py:3954} INFO - Setting next_dagrun for produce_json to None, run_after=None
[2026-05-14T19:42:28.485+0000] {processor.py:183} INFO - Processing /opt/airflow/dags/main.py took 0.465 seconds
[2026-05-14T19:42:59.080+0000] {processor.py:161} INFO - Started process (PID=4000) to work on /opt/airflow/dags/main.py
[2026-05-14T19:42:59.082+0000] {processor.py:830} INFO - Processing file /opt/airflow/dags/main.py for tasks to queue
[2026-05-14T19:42:59.086+0000] {logging_mixin.py:188} INFO - [2026-05-14T19:42:59.085+0000] {dagbag.py:545} INFO - Filling up the DagBag from /opt/airflow/dags/main.py
[2026-05-14T19:42:59.196+0000] {processor.py:840} INFO - DAG(s) 'produce_json' retrieved from /opt/airflow/dags/main.py
[2026-05-14T19:42:59.302+0000] {logging_mixin.py:188} INFO - [2026-05-14T19:42:59.302+0000] {dag.py:3096} INFO - Sync 1 DAGs
[2026-05-14T19:42:59.401+0000] {logging_mixin.py:188} INFO - [2026-05-14T19:42:59.401+0000] {dag.py:3954} INFO - Setting next_dagrun for produce_json to None, run_after=None
[2026-05-14T19:42:59.519+0000] {processor.py:183} INFO - Processing /opt/airflow/dags/main.py took 0.453 seconds
[2026-05-14T19:43:30.114+0000] {processor.py:161} INFO - Started process (PID=4007) to work on /opt/airflow/dags/main.py
[2026-05-14T19:43:30.117+0000] {processor.py:830} INFO - Processing file /opt/airflow/dags/main.py for tasks to queue
[2026-05-14T19:43:30.121+0000] {logging_mixin.py:188} INFO - [2026-05-14T19:43:30.120+0000] {dagbag.py:545} INFO - Filling up the DagBag from /opt/airflow/dags/main.py
[2026-05-14T19:43:30.234+0000] {processor.py:840} INFO - DAG(s) 'produce_json' retrieved from /opt/airflow/dags/main.py
[2026-05-14T19:43:30.301+0000] {logging_mixin.py:188} INFO - [2026-05-14T19:43:30.301+0000] {dag.py:3096} INFO - Sync 1 DAGs
[2026-05-14T19:43:30.332+0000] {logging_mixin.py:188} INFO - [2026-05-14T19:43:30.331+0000] {dag.py:3954} INFO - Setting next_dagrun for produce_json to None, run_after=None
[2026-05-14T19:43:30.393+0000] {processor.py:183} INFO - Processing /opt/airflow/dags/main.py took 0.299 seconds
[2026-05-14T19:44:00.997+0000] {processor.py:161} INFO - Started process (PID=4014) to work on /opt/airflow/dags/main.py
[2026-05-14T19:44:01.000+0000] {processor.py:830} INFO - Processing file /opt/airflow/dags/main.py for tasks to queue
[2026-05-14T19:44:01.006+0000] {logging_mixin.py:188} INFO - [2026-05-14T19:44:01.005+0000] {dagbag.py:545} INFO - Filling up the DagBag from /opt/airflow/dags/main.py
[2026-05-14T19:44:01.155+0000] {processor.py:840} INFO - DAG(s) 'produce_json' retrieved from /opt/airflow/dags/main.py
[2026-05-14T19:44:01.224+0000] {logging_mixin.py:188} INFO - [2026-05-14T19:44:01.223+0000] {dag.py:3096} INFO - Sync 1 DAGs
[2026-05-14T19:44:01.250+0000] {logging_mixin.py:188} INFO - [2026-05-14T19:44:01.249+0000] {dag.py:3954} INFO - Setting next_dagrun for produce_json to None, run_after=None
[2026-05-14T19:44:01.310+0000] {processor.py:183} INFO - Processing /opt/airflow/dags/main.py took 0.338 seconds
[2026-05-14T19:44:31.444+0000] {processor.py:161} INFO - Started process (PID=4021) to work on /opt/airflow/dags/main.py
[2026-05-14T19:44:31.447+0000] {processor.py:830} INFO - Processing file /opt/airflow/dags/main.py for tasks to queue
[2026-05-14T19:44:31.450+0000] {logging_mixin.py:188} INFO - [2026-05-14T19:44:31.450+0000] {dagbag.py:545} INFO - Filling up the DagBag from /opt/airflow/dags/main.py
[2026-05-14T19:44:31.568+0000] {processor.py:840} INFO - DAG(s) 'produce_json' retrieved from /opt/airflow/dags/main.py
[2026-05-14T19:44:31.604+0000] {logging_mixin.py:188} INFO - [2026-05-14T19:44:31.603+0000] {dag.py:3096} INFO - Sync 1 DAGs
[2026-05-14T19:44:31.628+0000] {logging_mixin.py:188} INFO - [2026-05-14T19:44:31.627+0000] {dag.py:3954} INFO - Setting next_dagrun for produce_json to None, run_after=None
[2026-05-14T19:44:31.667+0000] {processor.py:183} INFO - Processing /opt/airflow/dags/main.py took 0.242 seconds
[2026-05-14T19:45:02.046+0000] {processor.py:161} INFO - Started process (PID=4028) to work on /opt/airflow/dags/main.py
[2026-05-14T19:45:02.048+0000] {processor.py:830} INFO - Processing file /opt/airflow/dags/main.py for tasks to queue
[2026-05-14T19:45:02.054+0000] {logging_mixin.py:188} INFO - [2026-05-14T19:45:02.053+0000] {dagbag.py:545} INFO - Filling up the DagBag from /opt/airflow/dags/main.py
[2026-05-14T19:45:02.178+0000] {processor.py:840} INFO - DAG(s) 'produce_json' retrieved from /opt/airflow/dags/main.py
[2026-05-14T19:45:02.215+0000] {logging_mixin.py:188} INFO - [2026-05-14T19:45:02.215+0000] {dag.py:3096} INFO - Sync 1 DAGs
[2026-05-14T19:45:02.235+0000] {logging_mixin.py:188} INFO - [2026-05-14T19:45:02.235+0000] {dag.py:3954} INFO - Setting next_dagrun for produce_json to None, run_after=None
[2026-05-14T19:45:02.298+0000] {processor.py:183} INFO - Processing /opt/airflow/dags/main.py took 0.274 seconds
[2026-05-14T19:45:32.572+0000] {processor.py:161} INFO - Started process (PID=4035) to work on /opt/airflow/dags/main.py
[2026-05-14T19:45:32.575+0000] {processor.py:830} INFO - Processing file /opt/airflow/dags/main.py for tasks to queue
[2026-05-14T19:45:32.580+0000] {logging_mixin.py:188} INFO - [2026-05-14T19:45:32.579+0000] {dagbag.py:545} INFO - Filling up the DagBag from /opt/airflow/dags/main.py
[2026-05-14T19:45:32.692+0000] {processor.py:840} INFO - DAG(s) 'produce_json' retrieved from /opt/airflow/dags/main.py
[2026-05-14T19:45:32.729+0000] {logging_mixin.py:188} INFO - [2026-05-14T19:45:32.728+0000] {dag.py:3096} INFO - Sync 1 DAGs
[2026-05-14T19:45:32.760+0000] {logging_mixin.py:188} INFO - [2026-05-14T19:45:32.760+0000] {dag.py:3954} INFO - Setting next_dagrun for produce_json to None, run_after=None
[2026-05-14T19:45:32.806+0000] {processor.py:183} INFO - Processing /opt/airflow/dags/main.py took 0.251 seconds
[2026-05-14T19:46:03.342+0000] {processor.py:161} INFO - Started process (PID=4042) to work on /opt/airflow/dags/main.py
[2026-05-14T19:46:03.370+0000] {processor.py:830} INFO - Processing file /opt/airflow/dags/main.py for tasks to queue
[2026-05-14T19:46:03.387+0000] {logging_mixin.py:188} INFO - [2026-05-14T19:46:03.386+0000] {dagbag.py:545} INFO - Filling up the DagBag from /opt/airflow/dags/main.py
[2026-05-14T19:46:04.090+0000] {processor.py:840} INFO - DAG(s) 'produce_json' retrieved from /opt/airflow/dags/main.py
[2026-05-14T19:46:04.210+0000] {logging_mixin.py:188} INFO - [2026-05-14T19:46:04.209+0000] {dag.py:3096} INFO - Sync 1 DAGs
[2026-05-14T19:46:04.342+0000] {logging_mixin.py:188} INFO - [2026-05-14T19:46:04.340+0000] {dag.py:3954} INFO - Setting next_dagrun for produce_json to None, run_after=None
[2026-05-14T19:46:04.499+0000] {processor.py:183} INFO - Processing /opt/airflow/dags/main.py took 1.198 seconds
[2026-05-14T19:46:34.986+0000] {processor.py:161} INFO - Started process (PID=4049) to work on /opt/airflow/dags/main.py
[2026-05-14T19:46:34.993+0000] {processor.py:830} INFO - Processing file /opt/airflow/dags/main.py for tasks to queue
[2026-05-14T19:46:35.000+0000] {logging_mixin.py:188} INFO - [2026-05-14T19:46:34.999+0000] {dagbag.py:545} INFO - Filling up the DagBag from /opt/airflow/dags/main.py
[2026-05-14T19:46:35.336+0000] {processor.py:840} INFO - DAG(s) 'produce_json' retrieved from /opt/airflow/dags/main.py
[2026-05-14T19:46:35.437+0000] {logging_mixin.py:188} INFO - [2026-05-14T19:46:35.436+0000] {dag.py:3096} INFO - Sync 1 DAGs
[2026-05-14T19:46:35.505+0000] {logging_mixin.py:188} INFO - [2026-05-14T19:46:35.504+0000] {dag.py:3954} INFO - Setting next_dagrun for produce_json to None, run_after=None
[2026-05-14T19:46:35.641+0000] {processor.py:183} INFO - Processing /opt/airflow/dags/main.py took 0.676 seconds
[2026-05-14T19:47:06.103+0000] {processor.py:161} INFO - Started process (PID=4056) to work on /opt/airflow/dags/main.py
[2026-05-14T19:47:06.105+0000] {processor.py:830} INFO - Processing file /opt/airflow/dags/main.py for tasks to queue
[2026-05-14T19:47:06.108+0000] {logging_mixin.py:188} INFO - [2026-05-14T19:47:06.108+0000] {dagbag.py:545} INFO - Filling up the DagBag from /opt/airflow/dags/main.py
[2026-05-14T19:47:06.319+0000] {processor.py:840} INFO - DAG(s) 'produce_json' retrieved from /opt/airflow/dags/main.py
[2026-05-14T19:47:06.403+0000] {logging_mixin.py:188} INFO - [2026-05-14T19:47:06.403+0000] {dag.py:3096} INFO - Sync 1 DAGs
[2026-05-14T19:47:06.455+0000] {logging_mixin.py:188} INFO - [2026-05-14T19:47:06.454+0000] {dag.py:3954} INFO - Setting next_dagrun for produce_json to None, run_after=None
[2026-05-14T19:47:06.523+0000] {processor.py:183} INFO - Processing /opt/airflow/dags/main.py took 0.444 seconds
[2026-05-14T19:47:36.902+0000] {processor.py:161} INFO - Started process (PID=4063) to work on /opt/airflow/dags/main.py
[2026-05-14T19:47:36.904+0000] {processor.py:830} INFO - Processing file /opt/airflow/dags/main.py for tasks to queue
[2026-05-14T19:47:36.910+0000] {logging_mixin.py:188} INFO - [2026-05-14T19:47:36.908+0000] {dagbag.py:545} INFO - Filling up the DagBag from /opt/airflow/dags/main.py
[2026-05-14T19:47:37.124+0000] {processor.py:840} INFO - DAG(s) 'produce_json' retrieved from /opt/airflow/dags/main.py
[2026-05-14T19:47:37.278+0000] {logging_mixin.py:188} INFO - [2026-05-14T19:47:37.277+0000] {dag.py:3096} INFO - Sync 1 DAGs
[2026-05-14T19:47:37.325+0000] {logging_mixin.py:188} INFO - [2026-05-14T19:47:37.324+0000] {dag.py:3954} INFO - Setting next_dagrun for produce_json to None, run_after=None
[2026-05-14T19:47:37.422+0000] {processor.py:183} INFO - Processing /opt/airflow/dags/main.py took 0.535 seconds
[2026-05-14T19:48:07.982+0000] {processor.py:161} INFO - Started process (PID=4070) to work on /opt/airflow/dags/main.py
[2026-05-14T19:48:07.984+0000] {processor.py:830} INFO - Processing file /opt/airflow/dags/main.py for tasks to queue
[2026-05-14T19:48:07.990+0000] {logging_mixin.py:188} INFO - [2026-05-14T19:48:07.989+0000] {dagbag.py:545} INFO - Filling up the DagBag from /opt/airflow/dags/main.py
[2026-05-14T19:48:08.132+0000] {processor.py:840} INFO - DAG(s) 'produce_json' retrieved from /opt/airflow/dags/main.py
[2026-05-14T19:48:08.191+0000] {logging_mixin.py:188} INFO - [2026-05-14T19:48:08.190+0000] {dag.py:3096} INFO - Sync 1 DAGs
[2026-05-14T19:48:08.214+0000] {logging_mixin.py:188} INFO - [2026-05-14T19:48:08.214+0000] {dag.py:3954} INFO - Setting next_dagrun for produce_json to None, run_after=None
[2026-05-14T19:48:08.261+0000] {processor.py:183} INFO - Processing /opt/airflow/dags/main.py took 0.290 seconds
[2026-05-14T19:48:38.416+0000] {processor.py:161} INFO - Started process (PID=4077) to work on /opt/airflow/dags/main.py
[2026-05-14T19:48:38.418+0000] {processor.py:830} INFO - Processing file /opt/airflow/dags/main.py for tasks to queue
[2026-05-14T19:48:38.423+0000] {logging_mixin.py:188} INFO - [2026-05-14T19:48:38.422+0000] {dagbag.py:545} INFO - Filling up the DagBag from /opt/airflow/dags/main.py
[2026-05-14T19:48:38.562+0000] {processor.py:840} INFO - DAG(s) 'produce_json' retrieved from /opt/airflow/dags/main.py
[2026-05-14T19:48:38.631+0000] {logging_mixin.py:188} INFO - [2026-05-14T19:48:38.631+0000] {dag.py:3096} INFO - Sync 1 DAGs
[2026-05-14T19:48:38.663+0000] {logging_mixin.py:188} INFO - [2026-05-14T19:48:38.663+0000] {dag.py:3954} INFO - Setting next_dagrun for produce_json to None, run_after=None
[2026-05-14T19:48:38.704+0000] {processor.py:183} INFO - Processing /opt/airflow/dags/main.py took 0.299 seconds
[2026-05-14T19:49:09.007+0000] {processor.py:161} INFO - Started process (PID=4084) to work on /opt/airflow/dags/main.py
[2026-05-14T19:49:09.010+0000] {processor.py:830} INFO - Processing file /opt/airflow/dags/main.py for tasks to queue
[2026-05-14T19:49:09.015+0000] {logging_mixin.py:188} INFO - [2026-05-14T19:49:09.014+0000] {dagbag.py:545} INFO - Filling up the DagBag from /opt/airflow/dags/main.py
[2026-05-14T19:49:09.208+0000] {processor.py:840} INFO - DAG(s) 'produce_json' retrieved from /opt/airflow/dags/main.py
[2026-05-14T19:49:09.276+0000] {logging_mixin.py:188} INFO - [2026-05-14T19:49:09.276+0000] {dag.py:3096} INFO - Sync 1 DAGs
[2026-05-14T19:49:09.301+0000] {logging_mixin.py:188} INFO - [2026-05-14T19:49:09.301+0000] {dag.py:3954} INFO - Setting next_dagrun for produce_json to None, run_after=None
[2026-05-14T19:49:09.357+0000] {processor.py:183} INFO - Processing /opt/airflow/dags/main.py took 0.365 seconds
[2026-05-14T19:49:39.551+0000] {processor.py:161} INFO - Started process (PID=4091) to work on /opt/airflow/dags/main.py
[2026-05-14T19:49:39.569+0000] {processor.py:830} INFO - Processing file /opt/airflow/dags/main.py for tasks to queue
[2026-05-14T19:49:39.584+0000] {logging_mixin.py:188} INFO - [2026-05-14T19:49:39.577+0000] {dagbag.py:545} INFO - Filling up the DagBag from /opt/airflow/dags/main.py
[2026-05-14T19:49:39.866+0000] {processor.py:840} INFO - DAG(s) 'produce_json' retrieved from /opt/airflow/dags/main.py
[2026-05-14T19:49:39.944+0000] {logging_mixin.py:188} INFO - [2026-05-14T19:49:39.943+0000] {dag.py:3096} INFO - Sync 1 DAGs
[2026-05-14T19:49:39.978+0000] {logging_mixin.py:188} INFO - [2026-05-14T19:49:39.978+0000] {dag.py:3954} INFO - Setting next_dagrun for produce_json to None, run_after=None
[2026-05-14T19:49:40.097+0000] {processor.py:183} INFO - Processing /opt/airflow/dags/main.py took 0.571 seconds
[2026-05-14T19:50:10.662+0000] {processor.py:161} INFO - Started process (PID=4098) to work on /opt/airflow/dags/main.py
[2026-05-14T19:50:10.664+0000] {processor.py:830} INFO - Processing file /opt/airflow/dags/main.py for tasks to queue
[2026-05-14T19:50:10.667+0000] {logging_mixin.py:188} INFO - [2026-05-14T19:50:10.667+0000] {dagbag.py:545} INFO - Filling up the DagBag from /opt/airflow/dags/main.py
[2026-05-14T19:50:10.768+0000] {processor.py:840} INFO - DAG(s) 'produce_json' retrieved from /opt/airflow/dags/main.py
[2026-05-14T19:50:10.810+0000] {logging_mixin.py:188} INFO - [2026-05-14T19:50:10.810+0000] {dag.py:3096} INFO - Sync 1 DAGs
[2026-05-14T19:50:10.835+0000] {logging_mixin.py:188} INFO - [2026-05-14T19:50:10.835+0000] {dag.py:3954} INFO - Setting next_dagrun for produce_json to None, run_after=None
[2026-05-14T19:50:10.877+0000] {processor.py:183} INFO - Processing /opt/airflow/dags/main.py took 0.227 seconds
[2026-05-14T19:50:41.131+0000] {processor.py:161} INFO - Started process (PID=4105) to work on /opt/airflow/dags/main.py
[2026-05-14T19:50:41.133+0000] {processor.py:830} INFO - Processing file /opt/airflow/dags/main.py for tasks to queue
[2026-05-14T19:50:41.137+0000] {logging_mixin.py:188} INFO - [2026-05-14T19:50:41.136+0000] {dagbag.py:545} INFO - Filling up the DagBag from /opt/airflow/dags/main.py
[2026-05-14T19:50:41.233+0000] {processor.py:840} INFO - DAG(s) 'produce_json' retrieved from /opt/airflow/dags/main.py
[2026-05-14T19:50:41.271+0000] {logging_mixin.py:188} INFO - [2026-05-14T19:50:41.270+0000] {dag.py:3096} INFO - Sync 1 DAGs
[2026-05-14T19:50:41.291+0000] {logging_mixin.py:188} INFO - [2026-05-14T19:50:41.291+0000] {dag.py:3954} INFO - Setting next_dagrun for produce_json to None, run_after=None
[2026-05-14T19:50:41.326+0000] {processor.py:183} INFO - Processing /opt/airflow/dags/main.py took 0.213 seconds
[2026-05-14T19:51:11.553+0000] {processor.py:161} INFO - Started process (PID=4113) to work on /opt/airflow/dags/main.py
[2026-05-14T19:51:11.555+0000] {processor.py:830} INFO - Processing file /opt/airflow/dags/main.py for tasks to queue
[2026-05-14T19:51:11.570+0000] {logging_mixin.py:188} INFO - [2026-05-14T19:51:11.570+0000] {dagbag.py:545} INFO - Filling up the DagBag from /opt/airflow/dags/main.py
[2026-05-14T19:51:11.799+0000] {processor.py:840} INFO - DAG(s) 'produce_json' retrieved from /opt/airflow/dags/main.py
[2026-05-14T19:51:11.908+0000] {logging_mixin.py:188} INFO - [2026-05-14T19:51:11.907+0000] {dag.py:3096} INFO - Sync 1 DAGs
[2026-05-14T19:51:11.955+0000] {logging_mixin.py:188} INFO - [2026-05-14T19:51:11.954+0000] {dag.py:3954} INFO - Setting next_dagrun for produce_json to None, run_after=None
[2026-05-14T19:51:12.010+0000] {processor.py:183} INFO - Processing /opt/airflow/dags/main.py took 0.493 seconds
[2026-05-14T19:51:42.758+0000] {processor.py:161} INFO - Started process (PID=4120) to work on /opt/airflow/dags/main.py
[2026-05-14T19:51:42.763+0000] {processor.py:830} INFO - Processing file /opt/airflow/dags/main.py for tasks to queue
[2026-05-14T19:51:42.772+0000] {logging_mixin.py:188} INFO - [2026-05-14T19:51:42.771+0000] {dagbag.py:545} INFO - Filling up the DagBag from /opt/airflow/dags/main.py
[2026-05-14T19:51:42.901+0000] {processor.py:840} INFO - DAG(s) 'produce_json' retrieved from /opt/airflow/dags/main.py
[2026-05-14T19:51:42.960+0000] {logging_mixin.py:188} INFO - [2026-05-14T19:51:42.960+0000] {dag.py:3096} INFO - Sync 1 DAGs
[2026-05-14T19:51:43.003+0000] {logging_mixin.py:188} INFO - [2026-05-14T19:51:43.003+0000] {dag.py:3954} INFO - Setting next_dagrun for produce_json to None, run_after=None
[2026-05-14T19:51:43.091+0000] {processor.py:183} INFO - Processing /opt/airflow/dags/main.py took 0.358 seconds
[2026-05-14T19:52:13.308+0000] {processor.py:161} INFO - Started process (PID=4127) to work on /opt/airflow/dags/main.py
[2026-05-14T19:52:13.311+0000] {processor.py:830} INFO - Processing file /opt/airflow/dags/main.py for tasks to queue
[2026-05-14T19:52:13.314+0000] {logging_mixin.py:188} INFO - [2026-05-14T19:52:13.313+0000] {dagbag.py:545} INFO - Filling up the DagBag from /opt/airflow/dags/main.py
[2026-05-14T19:52:13.417+0000] {processor.py:840} INFO - DAG(s) 'produce_json' retrieved from /opt/airflow/dags/main.py
[2026-05-14T19:52:13.475+0000] {logging_mixin.py:188} INFO - [2026-05-14T19:52:13.475+0000] {dag.py:3096} INFO - Sync 1 DAGs
[2026-05-14T19:52:13.502+0000] {logging_mixin.py:188} INFO - [2026-05-14T19:52:13.502+0000] {dag.py:3954} INFO - Setting next_dagrun for produce_json to None, run_after=None
[2026-05-14T19:52:13.580+0000] {processor.py:183} INFO - Processing /opt/airflow/dags/main.py took 0.287 seconds
[2026-05-14T19:52:43.928+0000] {processor.py:161} INFO - Started process (PID=4134) to work on /opt/airflow/dags/main.py
[2026-05-14T19:52:43.936+0000] {processor.py:830} INFO - Processing file /opt/airflow/dags/main.py for tasks to queue
[2026-05-14T19:52:43.943+0000] {logging_mixin.py:188} INFO - [2026-05-14T19:52:43.942+0000] {dagbag.py:545} INFO - Filling up the DagBag from /opt/airflow/dags/main.py
[2026-05-14T19:52:44.251+0000] {processor.py:840} INFO - DAG(s) 'produce_json' retrieved from /opt/airflow/dags/main.py
[2026-05-14T19:52:44.364+0000] {logging_mixin.py:188} INFO - [2026-05-14T19:52:44.363+0000] {dag.py:3096} INFO - Sync 1 DAGs
[2026-05-14T19:52:44.471+0000] {logging_mixin.py:188} INFO - [2026-05-14T19:52:44.459+0000] {dag.py:3954} INFO - Setting next_dagrun for produce_json to None, run_after=None
[2026-05-14T19:52:44.635+0000] {processor.py:183} INFO - Processing /opt/airflow/dags/main.py took 0.737 seconds
[2026-05-14T19:53:15.272+0000] {processor.py:161} INFO - Started process (PID=4141) to work on /opt/airflow/dags/main.py
[2026-05-14T19:53:15.274+0000] {processor.py:830} INFO - Processing file /opt/airflow/dags/main.py for tasks to queue
[2026-05-14T19:53:15.279+0000] {logging_mixin.py:188} INFO - [2026-05-14T19:53:15.278+0000] {dagbag.py:545} INFO - Filling up the DagBag from /opt/airflow/dags/main.py
[2026-05-14T19:53:15.371+0000] {processor.py:840} INFO - DAG(s) 'produce_json' retrieved from /opt/airflow/dags/main.py
[2026-05-14T19:53:15.408+0000] {logging_mixin.py:188} INFO - [2026-05-14T19:53:15.407+0000] {dag.py:3096} INFO - Sync 1 DAGs
[2026-05-14T19:53:15.427+0000] {logging_mixin.py:188} INFO - [2026-05-14T19:53:15.427+0000] {dag.py:3954} INFO - Setting next_dagrun for produce_json to None, run_after=None
[2026-05-14T19:53:15.485+0000] {processor.py:183} INFO - Processing /opt/airflow/dags/main.py took 0.232 seconds
[2026-05-14T19:53:45.792+0000] {processor.py:161} INFO - Started process (PID=4148) to work on /opt/airflow/dags/main.py
[2026-05-14T19:53:45.795+0000] {processor.py:830} INFO - Processing file /opt/airflow/dags/main.py for tasks to queue
[2026-05-14T19:53:45.801+0000] {logging_mixin.py:188} INFO - [2026-05-14T19:53:45.801+0000] {dagbag.py:545} INFO - Filling up the DagBag from /opt/airflow/dags/main.py
[2026-05-14T19:53:45.914+0000] {processor.py:840} INFO - DAG(s) 'produce_json' retrieved from /opt/airflow/dags/main.py
[2026-05-14T19:53:45.951+0000] {logging_mixin.py:188} INFO - [2026-05-14T19:53:45.951+0000] {dag.py:3096} INFO - Sync 1 DAGs
[2026-05-14T19:53:45.971+0000] {logging_mixin.py:188} INFO - [2026-05-14T19:53:45.971+0000] {dag.py:3954} INFO - Setting next_dagrun for produce_json to None, run_after=None
[2026-05-14T19:53:46.008+0000] {processor.py:183} INFO - Processing /opt/airflow/dags/main.py took 0.234 seconds
[2026-05-14T19:54:16.588+0000] {processor.py:161} INFO - Started process (PID=4155) to work on /opt/airflow/dags/main.py
[2026-05-14T19:54:16.590+0000] {processor.py:830} INFO - Processing file /opt/airflow/dags/main.py for tasks to queue
[2026-05-14T19:54:16.599+0000] {logging_mixin.py:188} INFO - [2026-05-14T19:54:16.598+0000] {dagbag.py:545} INFO - Filling up the DagBag from /opt/airflow/dags/main.py
[2026-05-14T19:54:16.740+0000] {processor.py:840} INFO - DAG(s) 'produce_json' retrieved from /opt/airflow/dags/main.py
[2026-05-14T19:54:16.807+0000] {logging_mixin.py:188} INFO - [2026-05-14T19:54:16.807+0000] {dag.py:3096} INFO - Sync 1 DAGs
[2026-05-14T19:54:16.841+0000] {logging_mixin.py:188} INFO - [2026-05-14T19:54:16.841+0000] {dag.py:3954} INFO - Setting next_dagrun for produce_json to None, run_after=None
[2026-05-14T19:54:16.906+0000] {processor.py:183} INFO - Processing /opt/airflow/dags/main.py took 0.341 seconds
[2026-05-14T19:54:47.183+0000] {processor.py:161} INFO - Started process (PID=4162) to work on /opt/airflow/dags/main.py
[2026-05-14T19:54:47.186+0000] {processor.py:830} INFO - Processing file /opt/airflow/dags/main.py for tasks to queue
[2026-05-14T19:54:47.192+0000] {logging_mixin.py:188} INFO - [2026-05-14T19:54:47.191+0000] {dagbag.py:545} INFO - Filling up the DagBag from /opt/airflow/dags/main.py
[2026-05-14T19:54:47.344+0000] {processor.py:840} INFO - DAG(s) 'produce_json' retrieved from /opt/airflow/dags/main.py
[2026-05-14T19:54:47.399+0000] {logging_mixin.py:188} INFO - [2026-05-14T19:54:47.398+0000] {dag.py:3096} INFO - Sync 1 DAGs
[2026-05-14T19:54:47.434+0000] {logging_mixin.py:188} INFO - [2026-05-14T19:54:47.433+0000] {dag.py:3954} INFO - Setting next_dagrun for produce_json to None, run_after=None
[2026-05-14T19:54:47.506+0000] {processor.py:183} INFO - Processing /opt/airflow/dags/main.py took 0.343 seconds
[2026-05-14T19:55:17.719+0000] {processor.py:161} INFO - Started process (PID=4169) to work on /opt/airflow/dags/main.py
[2026-05-14T19:55:17.721+0000] {processor.py:830} INFO - Processing file /opt/airflow/dags/main.py for tasks to queue
[2026-05-14T19:55:17.726+0000] {logging_mixin.py:188} INFO - [2026-05-14T19:55:17.725+0000] {dagbag.py:545} INFO - Filling up the DagBag from /opt/airflow/dags/main.py
[2026-05-14T19:55:17.816+0000] {processor.py:840} INFO - DAG(s) 'produce_json' retrieved from /opt/airflow/dags/main.py
[2026-05-14T19:55:17.858+0000] {logging_mixin.py:188} INFO - [2026-05-14T19:55:17.857+0000] {dag.py:3096} INFO - Sync 1 DAGs
[2026-05-14T19:55:17.892+0000] {logging_mixin.py:188} INFO - [2026-05-14T19:55:17.891+0000] {dag.py:3954} INFO - Setting next_dagrun for produce_json to None, run_after=None
[2026-05-14T19:55:17.934+0000] {processor.py:183} INFO - Processing /opt/airflow/dags/main.py took 0.228 seconds
[2026-05-14T19:55:48.335+0000] {processor.py:161} INFO - Started process (PID=4176) to work on /opt/airflow/dags/main.py
[2026-05-14T19:55:48.343+0000] {processor.py:830} INFO - Processing file /opt/airflow/dags/main.py for tasks to queue
[2026-05-14T19:55:48.348+0000] {logging_mixin.py:188} INFO - [2026-05-14T19:55:48.347+0000] {dagbag.py:545} INFO - Filling up the DagBag from /opt/airflow/dags/main.py
[2026-05-14T19:55:48.493+0000] {processor.py:840} INFO - DAG(s) 'produce_json' retrieved from /opt/airflow/dags/main.py
[2026-05-14T19:55:48.576+0000] {logging_mixin.py:188} INFO - [2026-05-14T19:55:48.576+0000] {dag.py:3096} INFO - Sync 1 DAGs
[2026-05-14T19:55:48.656+0000] {logging_mixin.py:188} INFO - [2026-05-14T19:55:48.656+0000] {dag.py:3954} INFO - Setting next_dagrun for produce_json to None, run_after=None
[2026-05-14T19:55:48.767+0000] {processor.py:183} INFO - Processing /opt/airflow/dags/main.py took 0.453 seconds
[2026-05-14T19:56:19.259+0000] {processor.py:161} INFO - Started process (PID=4183) to work on /opt/airflow/dags/main.py
[2026-05-14T19:56:19.261+0000] {processor.py:830} INFO - Processing file /opt/airflow/dags/main.py for tasks to queue
[2026-05-14T19:56:19.265+0000] {logging_mixin.py:188} INFO - [2026-05-14T19:56:19.265+0000] {dagbag.py:545} INFO - Filling up the DagBag from /opt/airflow/dags/main.py
[2026-05-14T19:56:19.352+0000] {processor.py:840} INFO - DAG(s) 'produce_json' retrieved from /opt/airflow/dags/main.py
[2026-05-14T19:56:19.390+0000] {logging_mixin.py:188} INFO - [2026-05-14T19:56:19.389+0000] {dag.py:3096} INFO - Sync 1 DAGs
[2026-05-14T19:56:19.410+0000] {logging_mixin.py:188} INFO - [2026-05-14T19:56:19.410+0000] {dag.py:3954} INFO - Setting next_dagrun for produce_json to None, run_after=None
[2026-05-14T19:56:19.450+0000] {processor.py:183} INFO - Processing /opt/airflow/dags/main.py took 0.201 seconds
[2026-05-14T19:56:49.652+0000] {processor.py:161} INFO - Started process (PID=4190) to work on /opt/airflow/dags/main.py
[2026-05-14T19:56:49.654+0000] {processor.py:830} INFO - Processing file /opt/airflow/dags/main.py for tasks to queue
[2026-05-14T19:56:49.658+0000] {logging_mixin.py:188} INFO - [2026-05-14T19:56:49.657+0000] {dagbag.py:545} INFO - Filling up the DagBag from /opt/airflow/dags/main.py
[2026-05-14T19:56:49.777+0000] {processor.py:840} INFO - DAG(s) 'produce_json' retrieved from /opt/airflow/dags/main.py
[2026-05-14T19:56:49.815+0000] {logging_mixin.py:188} INFO - [2026-05-14T19:56:49.815+0000] {dag.py:3096} INFO - Sync 1 DAGs
[2026-05-14T19:56:49.835+0000] {logging_mixin.py:188} INFO - [2026-05-14T19:56:49.835+0000] {dag.py:3954} INFO - Setting next_dagrun for produce_json to None, run_after=None
[2026-05-14T19:56:49.875+0000] {processor.py:183} INFO - Processing /opt/airflow/dags/main.py took 0.234 seconds
[2026-05-14T19:57:20.185+0000] {processor.py:161} INFO - Started process (PID=4197) to work on /opt/airflow/dags/main.py
[2026-05-14T19:57:20.188+0000] {processor.py:830} INFO - Processing file /opt/airflow/dags/main.py for tasks to queue
[2026-05-14T19:57:20.192+0000] {logging_mixin.py:188} INFO - [2026-05-14T19:57:20.191+0000] {dagbag.py:545} INFO - Filling up the DagBag from /opt/airflow/dags/main.py
[2026-05-14T19:57:20.296+0000] {processor.py:840} INFO - DAG(s) 'produce_json' retrieved from /opt/airflow/dags/main.py
[2026-05-14T19:57:20.332+0000] {logging_mixin.py:188} INFO - [2026-05-14T19:57:20.332+0000] {dag.py:3096} INFO - Sync 1 DAGs
[2026-05-14T19:57:20.350+0000] {logging_mixin.py:188} INFO - [2026-05-14T19:57:20.350+0000] {dag.py:3954} INFO - Setting next_dagrun for produce_json to None, run_after=None
[2026-05-14T19:57:20.388+0000] {processor.py:183} INFO - Processing /opt/airflow/dags/main.py took 0.213 seconds
[2026-05-14T19:57:50.937+0000] {processor.py:161} INFO - Started process (PID=4204) to work on /opt/airflow/dags/main.py
[2026-05-14T19:57:50.939+0000] {processor.py:830} INFO - Processing file /opt/airflow/dags/main.py for tasks to queue
[2026-05-14T19:57:50.946+0000] {logging_mixin.py:188} INFO - [2026-05-14T19:57:50.945+0000] {dagbag.py:545} INFO - Filling up the DagBag from /opt/airflow/dags/main.py
[2026-05-14T19:57:51.115+0000] {processor.py:840} INFO - DAG(s) 'produce_json' retrieved from /opt/airflow/dags/main.py
[2026-05-14T19:57:51.161+0000] {logging_mixin.py:188} INFO - [2026-05-14T19:57:51.161+0000] {dag.py:3096} INFO - Sync 1 DAGs
[2026-05-14T19:57:51.186+0000] {logging_mixin.py:188} INFO - [2026-05-14T19:57:51.186+0000] {dag.py:3954} INFO - Setting next_dagrun for produce_json to None, run_after=None
[2026-05-14T19:57:51.225+0000] {processor.py:183} INFO - Processing /opt/airflow/dags/main.py took 0.301 seconds
[2026-05-14T19:58:21.635+0000] {processor.py:161} INFO - Started process (PID=4211) to work on /opt/airflow/dags/main.py
[2026-05-14T19:58:21.638+0000] {processor.py:830} INFO - Processing file /opt/airflow/dags/main.py for tasks to queue
[2026-05-14T19:58:21.643+0000] {logging_mixin.py:188} INFO - [2026-05-14T19:58:21.643+0000] {dagbag.py:545} INFO - Filling up the DagBag from /opt/airflow/dags/main.py
[2026-05-14T19:58:21.739+0000] {processor.py:840} INFO - DAG(s) 'produce_json' retrieved from /opt/airflow/dags/main.py
[2026-05-14T19:58:21.780+0000] {logging_mixin.py:188} INFO - [2026-05-14T19:58:21.779+0000] {dag.py:3096} INFO - Sync 1 DAGs
[2026-05-14T19:58:21.799+0000] {logging_mixin.py:188} INFO - [2026-05-14T19:58:21.798+0000] {dag.py:3954} INFO - Setting next_dagrun for produce_json to None, run_after=None
[2026-05-14T19:58:21.834+0000] {processor.py:183} INFO - Processing /opt/airflow/dags/main.py took 0.215 seconds
[2026-05-14T19:58:52.313+0000] {processor.py:161} INFO - Started process (PID=4218) to work on /opt/airflow/dags/main.py
[2026-05-14T19:58:52.314+0000] {processor.py:830} INFO - Processing file /opt/airflow/dags/main.py for tasks to queue
[2026-05-14T19:58:52.318+0000] {logging_mixin.py:188} INFO - [2026-05-14T19:58:52.318+0000] {dagbag.py:545} INFO - Filling up the DagBag from /opt/airflow/dags/main.py
[2026-05-14T19:58:52.420+0000] {processor.py:840} INFO - DAG(s) 'produce_json' retrieved from /opt/airflow/dags/main.py
[2026-05-14T19:58:52.455+0000] {logging_mixin.py:188} INFO - [2026-05-14T19:58:52.455+0000] {dag.py:3096} INFO - Sync 1 DAGs
[2026-05-14T19:58:52.480+0000] {logging_mixin.py:188} INFO - [2026-05-14T19:58:52.479+0000] {dag.py:3954} INFO - Setting next_dagrun for produce_json to None, run_after=None
[2026-05-14T19:58:52.526+0000] {processor.py:183} INFO - Processing /opt/airflow/dags/main.py took 0.227 seconds
[2026-05-14T19:59:22.797+0000] {processor.py:161} INFO - Started process (PID=4225) to work on /opt/airflow/dags/main.py
[2026-05-14T19:59:22.801+0000] {processor.py:830} INFO - Processing file /opt/airflow/dags/main.py for tasks to queue
[2026-05-14T19:59:22.805+0000] {logging_mixin.py:188} INFO - [2026-05-14T19:59:22.804+0000] {dagbag.py:545} INFO - Filling up the DagBag from /opt/airflow/dags/main.py
[2026-05-14T19:59:22.980+0000] {processor.py:840} INFO - DAG(s) 'produce_json' retrieved from /opt/airflow/dags/main.py
[2026-05-14T19:59:23.044+0000] {logging_mixin.py:188} INFO - [2026-05-14T19:59:23.040+0000] {dag.py:3096} INFO - Sync 1 DAGs
[2026-05-14T19:59:23.070+0000] {logging_mixin.py:188} INFO - [2026-05-14T19:59:23.070+0000] {dag.py:3954} INFO - Setting next_dagrun for produce_json to None, run_after=None
[2026-05-14T19:59:23.114+0000] {processor.py:183} INFO - Processing /opt/airflow/dags/main.py took 0.339 seconds
[2026-05-14T19:59:53.772+0000] {processor.py:161} INFO - Started process (PID=4232) to work on /opt/airflow/dags/main.py
[2026-05-14T19:59:53.775+0000] {processor.py:830} INFO - Processing file /opt/airflow/dags/main.py for tasks to queue
[2026-05-14T19:59:53.787+0000] {logging_mixin.py:188} INFO - [2026-05-14T19:59:53.784+0000] {dagbag.py:545} INFO - Filling up the DagBag from /opt/airflow/dags/main.py
[2026-05-14T19:59:53.998+0000] {processor.py:840} INFO - DAG(s) 'produce_json' retrieved from /opt/airflow/dags/main.py
[2026-05-14T19:59:54.084+0000] {logging_mixin.py:188} INFO - [2026-05-14T19:59:54.084+0000] {dag.py:3096} INFO - Sync 1 DAGs
[2026-05-14T19:59:54.113+0000] {logging_mixin.py:188} INFO - [2026-05-14T19:59:54.113+0000] {dag.py:3954} INFO - Setting next_dagrun for produce_json to None, run_after=None
[2026-05-14T19:59:54.189+0000] {processor.py:183} INFO - Processing /opt/airflow/dags/main.py took 0.443 seconds
[2026-05-14T20:00:24.923+0000] {processor.py:161} INFO - Started process (PID=4239) to work on /opt/airflow/dags/main.py
[2026-05-14T20:00:24.926+0000] {processor.py:830} INFO - Processing file /opt/airflow/dags/main.py for tasks to queue
[2026-05-14T20:00:24.931+0000] {logging_mixin.py:188} INFO - [2026-05-14T20:00:24.930+0000] {dagbag.py:545} INFO - Filling up the DagBag from /opt/airflow/dags/main.py
[2026-05-14T20:00:25.376+0000] {processor.py:840} INFO - DAG(s) 'produce_json' retrieved from /opt/airflow/dags/main.py
[2026-05-14T20:00:25.457+0000] {logging_mixin.py:188} INFO - [2026-05-14T20:00:25.457+0000] {dag.py:3096} INFO - Sync 1 DAGs
[2026-05-14T20:00:25.482+0000] {logging_mixin.py:188} INFO - [2026-05-14T20:00:25.482+0000] {dag.py:3954} INFO - Setting next_dagrun for produce_json to None, run_after=None
[2026-05-14T20:00:25.548+0000] {processor.py:183} INFO - Processing /opt/airflow/dags/main.py took 0.667 seconds
[2026-05-14T20:00:56.309+0000] {processor.py:161} INFO - Started process (PID=4246) to work on /opt/airflow/dags/main.py
[2026-05-14T20:00:56.314+0000] {processor.py:830} INFO - Processing file /opt/airflow/dags/main.py for tasks to queue
[2026-05-14T20:00:56.328+0000] {logging_mixin.py:188} INFO - [2026-05-14T20:00:56.327+0000] {dagbag.py:545} INFO - Filling up the DagBag from /opt/airflow/dags/main.py
[2026-05-14T20:00:56.573+0000] {processor.py:840} INFO - DAG(s) 'produce_json' retrieved from /opt/airflow/dags/main.py
[2026-05-14T20:00:56.626+0000] {logging_mixin.py:188} INFO - [2026-05-14T20:00:56.625+0000] {dag.py:3096} INFO - Sync 1 DAGs
[2026-05-14T20:00:56.649+0000] {logging_mixin.py:188} INFO - [2026-05-14T20:00:56.648+0000] {dag.py:3954} INFO - Setting next_dagrun for produce_json to None, run_after=None
[2026-05-14T20:00:56.709+0000] {processor.py:183} INFO - Processing /opt/airflow/dags/main.py took 0.428 seconds
[2026-05-14T20:01:27.115+0000] {processor.py:161} INFO - Started process (PID=4254) to work on /opt/airflow/dags/main.py
[2026-05-14T20:01:27.124+0000] {processor.py:830} INFO - Processing file /opt/airflow/dags/main.py for tasks to queue
[2026-05-14T20:01:27.277+0000] {logging_mixin.py:188} INFO - [2026-05-14T20:01:27.268+0000] {dagbag.py:545} INFO - Filling up the DagBag from /opt/airflow/dags/main.py
[2026-05-14T20:01:27.852+0000] {processor.py:840} INFO - DAG(s) 'produce_json' retrieved from /opt/airflow/dags/main.py
[2026-05-14T20:01:28.064+0000] {logging_mixin.py:188} INFO - [2026-05-14T20:01:28.063+0000] {dag.py:3096} INFO - Sync 1 DAGs
[2026-05-14T20:01:28.117+0000] {logging_mixin.py:188} INFO - [2026-05-14T20:01:28.116+0000] {dag.py:3954} INFO - Setting next_dagrun for produce_json to None, run_after=None
[2026-05-14T20:01:28.172+0000] {processor.py:183} INFO - Processing /opt/airflow/dags/main.py took 1.076 seconds
[2026-05-14T20:01:58.966+0000] {processor.py:161} INFO - Started process (PID=4261) to work on /opt/airflow/dags/main.py
[2026-05-14T20:01:58.969+0000] {processor.py:830} INFO - Processing file /opt/airflow/dags/main.py for tasks to queue
[2026-05-14T20:01:58.984+0000] {logging_mixin.py:188} INFO - [2026-05-14T20:01:58.983+0000] {dagbag.py:545} INFO - Filling up the DagBag from /opt/airflow/dags/main.py
[2026-05-14T20:01:59.243+0000] {processor.py:840} INFO - DAG(s) 'produce_json' retrieved from /opt/airflow/dags/main.py
[2026-05-14T20:01:59.368+0000] {logging_mixin.py:188} INFO - [2026-05-14T20:01:59.368+0000] {dag.py:3096} INFO - Sync 1 DAGs
[2026-05-14T20:01:59.415+0000] {logging_mixin.py:188} INFO - [2026-05-14T20:01:59.409+0000] {dag.py:3954} INFO - Setting next_dagrun for produce_json to None, run_after=None
[2026-05-14T20:01:59.476+0000] {processor.py:183} INFO - Processing /opt/airflow/dags/main.py took 0.573 seconds
[2026-05-14T20:02:29.788+0000] {processor.py:161} INFO - Started process (PID=4268) to work on /opt/airflow/dags/main.py
[2026-05-14T20:02:29.791+0000] {processor.py:830} INFO - Processing file /opt/airflow/dags/main.py for tasks to queue
[2026-05-14T20:02:29.797+0000] {logging_mixin.py:188} INFO - [2026-05-14T20:02:29.796+0000] {dagbag.py:545} INFO - Filling up the DagBag from /opt/airflow/dags/main.py
[2026-05-14T20:02:29.911+0000] {processor.py:840} INFO - DAG(s) 'produce_json' retrieved from /opt/airflow/dags/main.py
[2026-05-14T20:02:30.069+0000] {logging_mixin.py:188} INFO - [2026-05-14T20:02:30.068+0000] {dag.py:3096} INFO - Sync 1 DAGs
[2026-05-14T20:02:30.231+0000] {logging_mixin.py:188} INFO - [2026-05-14T20:02:30.230+0000] {dag.py:3954} INFO - Setting next_dagrun for produce_json to None, run_after=None
[2026-05-14T20:02:30.293+0000] {processor.py:183} INFO - Processing /opt/airflow/dags/main.py took 0.531 seconds
[2026-05-14T20:03:00.550+0000] {processor.py:161} INFO - Started process (PID=4276) to work on /opt/airflow/dags/main.py
[2026-05-14T20:03:00.552+0000] {processor.py:830} INFO - Processing file /opt/airflow/dags/main.py for tasks to queue
[2026-05-14T20:03:00.555+0000] {logging_mixin.py:188} INFO - [2026-05-14T20:03:00.555+0000] {dagbag.py:545} INFO - Filling up the DagBag from /opt/airflow/dags/main.py
[2026-05-14T20:03:00.717+0000] {processor.py:840} INFO - DAG(s) 'produce_json' retrieved from /opt/airflow/dags/main.py
[2026-05-14T20:03:00.770+0000] {logging_mixin.py:188} INFO - [2026-05-14T20:03:00.769+0000] {dag.py:3096} INFO - Sync 1 DAGs
[2026-05-14T20:03:00.805+0000] {logging_mixin.py:188} INFO - [2026-05-14T20:03:00.804+0000] {dag.py:3954} INFO - Setting next_dagrun for produce_json to None, run_after=None
[2026-05-14T20:03:00.863+0000] {processor.py:183} INFO - Processing /opt/airflow/dags/main.py took 0.324 seconds
[2026-05-14T20:03:30.958+0000] {processor.py:161} INFO - Started process (PID=4284) to work on /opt/airflow/dags/main.py
[2026-05-14T20:03:30.960+0000] {processor.py:830} INFO - Processing file /opt/airflow/dags/main.py for tasks to queue
[2026-05-14T20:03:30.965+0000] {logging_mixin.py:188} INFO - [2026-05-14T20:03:30.964+0000] {dagbag.py:545} INFO - Filling up the DagBag from /opt/airflow/dags/main.py
[2026-05-14T20:03:31.073+0000] {processor.py:840} INFO - DAG(s) 'produce_json' retrieved from /opt/airflow/dags/main.py
[2026-05-14T20:03:31.121+0000] {logging_mixin.py:188} INFO - [2026-05-14T20:03:31.120+0000] {dag.py:3096} INFO - Sync 1 DAGs
[2026-05-14T20:03:31.146+0000] {logging_mixin.py:188} INFO - [2026-05-14T20:03:31.145+0000] {dag.py:3954} INFO - Setting next_dagrun for produce_json to None, run_after=None
[2026-05-14T20:03:31.196+0000] {processor.py:183} INFO - Processing /opt/airflow/dags/main.py took 0.257 seconds
[2026-05-14T20:04:01.719+0000] {processor.py:161} INFO - Started process (PID=4291) to work on /opt/airflow/dags/main.py
[2026-05-14T20:04:01.721+0000] {processor.py:830} INFO - Processing file /opt/airflow/dags/main.py for tasks to queue
[2026-05-14T20:04:01.725+0000] {logging_mixin.py:188} INFO - [2026-05-14T20:04:01.724+0000] {dagbag.py:545} INFO - Filling up the DagBag from /opt/airflow/dags/main.py
[2026-05-14T20:04:01.837+0000] {processor.py:840} INFO - DAG(s) 'produce_json' retrieved from /opt/airflow/dags/main.py
[2026-05-14T20:04:01.878+0000] {logging_mixin.py:188} INFO - [2026-05-14T20:04:01.878+0000] {dag.py:3096} INFO - Sync 1 DAGs
[2026-05-14T20:04:01.903+0000] {logging_mixin.py:188} INFO - [2026-05-14T20:04:01.903+0000] {dag.py:3954} INFO - Setting next_dagrun for produce_json to None, run_after=None
[2026-05-14T20:04:01.938+0000] {processor.py:183} INFO - Processing /opt/airflow/dags/main.py took 0.239 seconds
[2026-05-14T20:04:32.119+0000] {processor.py:161} INFO - Started process (PID=4298) to work on /opt/airflow/dags/main.py
[2026-05-14T20:04:32.121+0000] {processor.py:830} INFO - Processing file /opt/airflow/dags/main.py for tasks to queue
[2026-05-14T20:04:32.126+0000] {logging_mixin.py:188} INFO - [2026-05-14T20:04:32.126+0000] {dagbag.py:545} INFO - Filling up the DagBag from /opt/airflow/dags/main.py
[2026-05-14T20:04:32.252+0000] {processor.py:840} INFO - DAG(s) 'produce_json' retrieved from /opt/airflow/dags/main.py
[2026-05-14T20:04:32.302+0000] {logging_mixin.py:188} INFO - [2026-05-14T20:04:32.302+0000] {dag.py:3096} INFO - Sync 1 DAGs
[2026-05-14T20:04:32.325+0000] {logging_mixin.py:188} INFO - [2026-05-14T20:04:32.324+0000] {dag.py:3954} INFO - Setting next_dagrun for produce_json to None, run_after=None
[2026-05-14T20:04:32.367+0000] {processor.py:183} INFO - Processing /opt/airflow/dags/main.py took 0.266 seconds
[2026-05-14T20:05:02.951+0000] {processor.py:161} INFO - Started process (PID=4304) to work on /opt/airflow/dags/main.py
[2026-05-14T20:05:02.952+0000] {processor.py:830} INFO - Processing file /opt/airflow/dags/main.py for tasks to queue
[2026-05-14T20:05:02.958+0000] {logging_mixin.py:188} INFO - [2026-05-14T20:05:02.957+0000] {dagbag.py:545} INFO - Filling up the DagBag from /opt/airflow/dags/main.py
[2026-05-14T20:05:03.046+0000] {processor.py:840} INFO - DAG(s) 'produce_json' retrieved from /opt/airflow/dags/main.py
[2026-05-14T20:05:03.080+0000] {logging_mixin.py:188} INFO - [2026-05-14T20:05:03.079+0000] {dag.py:3096} INFO - Sync 1 DAGs
[2026-05-14T20:05:03.100+0000] {logging_mixin.py:188} INFO - [2026-05-14T20:05:03.100+0000] {dag.py:3954} INFO - Setting next_dagrun for produce_json to None, run_after=None
[2026-05-14T20:05:03.132+0000] {processor.py:183} INFO - Processing /opt/airflow/dags/main.py took 0.199 seconds
[2026-05-14T20:05:33.340+0000] {processor.py:161} INFO - Started process (PID=4311) to work on /opt/airflow/dags/main.py
[2026-05-14T20:05:33.342+0000] {processor.py:830} INFO - Processing file /opt/airflow/dags/main.py for tasks to queue
[2026-05-14T20:05:33.348+0000] {logging_mixin.py:188} INFO - [2026-05-14T20:05:33.347+0000] {dagbag.py:545} INFO - Filling up the DagBag from /opt/airflow/dags/main.py
[2026-05-14T20:05:33.432+0000] {processor.py:840} INFO - DAG(s) 'produce_json' retrieved from /opt/airflow/dags/main.py
[2026-05-14T20:05:33.467+0000] {logging_mixin.py:188} INFO - [2026-05-14T20:05:33.466+0000] {dag.py:3096} INFO - Sync 1 DAGs
[2026-05-14T20:05:33.487+0000] {logging_mixin.py:188} INFO - [2026-05-14T20:05:33.486+0000] {dag.py:3954} INFO - Setting next_dagrun for produce_json to None, run_after=None
[2026-05-14T20:05:33.523+0000] {processor.py:183} INFO - Processing /opt/airflow/dags/main.py took 0.211 seconds
[2026-05-14T20:06:03.705+0000] {processor.py:161} INFO - Started process (PID=4318) to work on /opt/airflow/dags/main.py
[2026-05-14T20:06:03.707+0000] {processor.py:830} INFO - Processing file /opt/airflow/dags/main.py for tasks to queue
[2026-05-14T20:06:03.711+0000] {logging_mixin.py:188} INFO - [2026-05-14T20:06:03.710+0000] {dagbag.py:545} INFO - Filling up the DagBag from /opt/airflow/dags/main.py
[2026-05-14T20:06:03.819+0000] {processor.py:840} INFO - DAG(s) 'produce_json' retrieved from /opt/airflow/dags/main.py
[2026-05-14T20:06:03.858+0000] {logging_mixin.py:188} INFO - [2026-05-14T20:06:03.858+0000] {dag.py:3096} INFO - Sync 1 DAGs
[2026-05-14T20:06:03.876+0000] {logging_mixin.py:188} INFO - [2026-05-14T20:06:03.876+0000] {dag.py:3954} INFO - Setting next_dagrun for produce_json to None, run_after=None
[2026-05-14T20:06:03.922+0000] {processor.py:183} INFO - Processing /opt/airflow/dags/main.py took 0.228 seconds
[2026-05-14T20:06:34.461+0000] {processor.py:161} INFO - Started process (PID=4325) to work on /opt/airflow/dags/main.py
[2026-05-14T20:06:34.463+0000] {processor.py:830} INFO - Processing file /opt/airflow/dags/main.py for tasks to queue
[2026-05-14T20:06:34.470+0000] {logging_mixin.py:188} INFO - [2026-05-14T20:06:34.468+0000] {dagbag.py:545} INFO - Filling up the DagBag from /opt/airflow/dags/main.py
[2026-05-14T20:06:34.651+0000] {processor.py:840} INFO - DAG(s) 'produce_json' retrieved from /opt/airflow/dags/main.py
[2026-05-14T20:06:34.697+0000] {logging_mixin.py:188} INFO - [2026-05-14T20:06:34.696+0000] {dag.py:3096} INFO - Sync 1 DAGs
[2026-05-14T20:06:34.731+0000] {logging_mixin.py:188} INFO - [2026-05-14T20:06:34.731+0000] {dag.py:3954} INFO - Setting next_dagrun for produce_json to None, run_after=None
[2026-05-14T20:06:34.773+0000] {processor.py:183} INFO - Processing /opt/airflow/dags/main.py took 0.328 seconds
[2026-05-14T20:07:04.888+0000] {processor.py:161} INFO - Started process (PID=4332) to work on /opt/airflow/dags/main.py
[2026-05-14T20:07:04.890+0000] {processor.py:830} INFO - Processing file /opt/airflow/dags/main.py for tasks to queue
[2026-05-14T20:07:04.894+0000] {logging_mixin.py:188} INFO - [2026-05-14T20:07:04.893+0000] {dagbag.py:545} INFO - Filling up the DagBag from /opt/airflow/dags/main.py
[2026-05-14T20:07:04.974+0000] {processor.py:840} INFO - DAG(s) 'produce_json' retrieved from /opt/airflow/dags/main.py
[2026-05-14T20:07:05.008+0000] {logging_mixin.py:188} INFO - [2026-05-14T20:07:05.008+0000] {dag.py:3096} INFO - Sync 1 DAGs
[2026-05-14T20:07:05.028+0000] {logging_mixin.py:188} INFO - [2026-05-14T20:07:05.028+0000] {dag.py:3954} INFO - Setting next_dagrun for produce_json to None, run_after=None
[2026-05-14T20:07:05.067+0000] {processor.py:183} INFO - Processing /opt/airflow/dags/main.py took 0.195 seconds
[2026-05-14T20:07:35.355+0000] {processor.py:161} INFO - Started process (PID=4339) to work on /opt/airflow/dags/main.py
[2026-05-14T20:07:35.357+0000] {processor.py:830} INFO - Processing file /opt/airflow/dags/main.py for tasks to queue
[2026-05-14T20:07:35.362+0000] {logging_mixin.py:188} INFO - [2026-05-14T20:07:35.361+0000] {dagbag.py:545} INFO - Filling up the DagBag from /opt/airflow/dags/main.py
[2026-05-14T20:07:35.492+0000] {processor.py:840} INFO - DAG(s) 'produce_json' retrieved from /opt/airflow/dags/main.py
[2026-05-14T20:07:35.526+0000] {logging_mixin.py:188} INFO - [2026-05-14T20:07:35.525+0000] {dag.py:3096} INFO - Sync 1 DAGs
[2026-05-14T20:07:35.547+0000] {logging_mixin.py:188} INFO - [2026-05-14T20:07:35.546+0000] {dag.py:3954} INFO - Setting next_dagrun for produce_json to None, run_after=None
[2026-05-14T20:07:35.579+0000] {processor.py:183} INFO - Processing /opt/airflow/dags/main.py took 0.246 seconds
[2026-05-14T20:08:05.943+0000] {processor.py:161} INFO - Started process (PID=4346) to work on /opt/airflow/dags/main.py
[2026-05-14T20:08:05.944+0000] {processor.py:830} INFO - Processing file /opt/airflow/dags/main.py for tasks to queue
[2026-05-14T20:08:05.948+0000] {logging_mixin.py:188} INFO - [2026-05-14T20:08:05.948+0000] {dagbag.py:545} INFO - Filling up the DagBag from /opt/airflow/dags/main.py
[2026-05-14T20:08:06.043+0000] {processor.py:840} INFO - DAG(s) 'produce_json' retrieved from /opt/airflow/dags/main.py
[2026-05-14T20:08:06.078+0000] {logging_mixin.py:188} INFO - [2026-05-14T20:08:06.078+0000] {dag.py:3096} INFO - Sync 1 DAGs
[2026-05-14T20:08:06.100+0000] {logging_mixin.py:188} INFO - [2026-05-14T20:08:06.100+0000] {dag.py:3954} INFO - Setting next_dagrun for produce_json to None, run_after=None
[2026-05-14T20:08:06.142+0000] {processor.py:183} INFO - Processing /opt/airflow/dags/main.py took 0.215 seconds
[2026-05-14T20:08:36.345+0000] {processor.py:161} INFO - Started process (PID=4353) to work on /opt/airflow/dags/main.py
[2026-05-14T20:08:36.347+0000] {processor.py:830} INFO - Processing file /opt/airflow/dags/main.py for tasks to queue
[2026-05-14T20:08:36.352+0000] {logging_mixin.py:188} INFO - [2026-05-14T20:08:36.351+0000] {dagbag.py:545} INFO - Filling up the DagBag from /opt/airflow/dags/main.py
[2026-05-14T20:08:36.512+0000] {processor.py:840} INFO - DAG(s) 'produce_json' retrieved from /opt/airflow/dags/main.py
[2026-05-14T20:08:36.546+0000] {logging_mixin.py:188} INFO - [2026-05-14T20:08:36.545+0000] {dag.py:3096} INFO - Sync 1 DAGs
[2026-05-14T20:08:36.566+0000] {logging_mixin.py:188} INFO - [2026-05-14T20:08:36.565+0000] {dag.py:3954} INFO - Setting next_dagrun for produce_json to None, run_after=None
[2026-05-14T20:08:36.600+0000] {processor.py:183} INFO - Processing /opt/airflow/dags/main.py took 0.273 seconds
[2026-05-14T20:09:07.039+0000] {processor.py:161} INFO - Started process (PID=4360) to work on /opt/airflow/dags/main.py
[2026-05-14T20:09:07.042+0000] {processor.py:830} INFO - Processing file /opt/airflow/dags/main.py for tasks to queue
[2026-05-14T20:09:07.057+0000] {logging_mixin.py:188} INFO - [2026-05-14T20:09:07.056+0000] {dagbag.py:545} INFO - Filling up the DagBag from /opt/airflow/dags/main.py
[2026-05-14T20:09:07.222+0000] {processor.py:840} INFO - DAG(s) 'produce_json' retrieved from /opt/airflow/dags/main.py
[2026-05-14T20:09:07.265+0000] {logging_mixin.py:188} INFO - [2026-05-14T20:09:07.265+0000] {dag.py:3096} INFO - Sync 1 DAGs
[2026-05-14T20:09:07.285+0000] {logging_mixin.py:188} INFO - [2026-05-14T20:09:07.285+0000] {dag.py:3954} INFO - Setting next_dagrun for produce_json to None, run_after=None
[2026-05-14T20:09:07.341+0000] {processor.py:183} INFO - Processing /opt/airflow/dags/main.py took 0.323 seconds
[2026-05-14T20:09:37.867+0000] {processor.py:161} INFO - Started process (PID=4373) to work on /opt/airflow/dags/main.py
[2026-05-14T20:09:37.869+0000] {processor.py:830} INFO - Processing file /opt/airflow/dags/main.py for tasks to queue
[2026-05-14T20:09:37.873+0000] {logging_mixin.py:188} INFO - [2026-05-14T20:09:37.872+0000] {dagbag.py:545} INFO - Filling up the DagBag from /opt/airflow/dags/main.py
[2026-05-14T20:09:37.987+0000] {processor.py:840} INFO - DAG(s) 'produce_json' retrieved from /opt/airflow/dags/main.py
[2026-05-14T20:09:38.035+0000] {logging_mixin.py:188} INFO - [2026-05-14T20:09:38.035+0000] {dag.py:3096} INFO - Sync 1 DAGs
[2026-05-14T20:09:38.061+0000] {logging_mixin.py:188} INFO - [2026-05-14T20:09:38.061+0000] {dag.py:3954} INFO - Setting next_dagrun for produce_json to None, run_after=None
[2026-05-14T20:09:38.103+0000] {processor.py:183} INFO - Processing /opt/airflow/dags/main.py took 0.252 seconds
[2026-05-14T20:10:08.489+0000] {processor.py:161} INFO - Started process (PID=4380) to work on /opt/airflow/dags/main.py
[2026-05-14T20:10:08.492+0000] {processor.py:830} INFO - Processing file /opt/airflow/dags/main.py for tasks to queue
[2026-05-14T20:10:08.496+0000] {logging_mixin.py:188} INFO - [2026-05-14T20:10:08.495+0000] {dagbag.py:545} INFO - Filling up the DagBag from /opt/airflow/dags/main.py
[2026-05-14T20:10:08.584+0000] {processor.py:840} INFO - DAG(s) 'produce_json' retrieved from /opt/airflow/dags/main.py
[2026-05-14T20:10:08.635+0000] {logging_mixin.py:188} INFO - [2026-05-14T20:10:08.634+0000] {dag.py:3096} INFO - Sync 1 DAGs
[2026-05-14T20:10:08.676+0000] {logging_mixin.py:188} INFO - [2026-05-14T20:10:08.676+0000] {dag.py:3954} INFO - Setting next_dagrun for produce_json to None, run_after=None
[2026-05-14T20:10:08.710+0000] {processor.py:183} INFO - Processing /opt/airflow/dags/main.py took 0.235 seconds
[2026-05-14T20:10:39.005+0000] {processor.py:161} INFO - Started process (PID=4387) to work on /opt/airflow/dags/main.py
[2026-05-14T20:10:39.008+0000] {processor.py:830} INFO - Processing file /opt/airflow/dags/main.py for tasks to queue
[2026-05-14T20:10:39.012+0000] {logging_mixin.py:188} INFO - [2026-05-14T20:10:39.012+0000] {dagbag.py:545} INFO - Filling up the DagBag from /opt/airflow/dags/main.py
[2026-05-14T20:10:39.104+0000] {processor.py:840} INFO - DAG(s) 'produce_json' retrieved from /opt/airflow/dags/main.py
[2026-05-14T20:10:39.144+0000] {logging_mixin.py:188} INFO - [2026-05-14T20:10:39.144+0000] {dag.py:3096} INFO - Sync 1 DAGs
[2026-05-14T20:10:39.167+0000] {logging_mixin.py:188} INFO - [2026-05-14T20:10:39.166+0000] {dag.py:3954} INFO - Setting next_dagrun for produce_json to None, run_after=None
[2026-05-14T20:10:39.202+0000] {processor.py:183} INFO - Processing /opt/airflow/dags/main.py took 0.211 seconds
[2026-05-14T20:11:09.566+0000] {processor.py:161} INFO - Started process (PID=4394) to work on /opt/airflow/dags/main.py
[2026-05-14T20:11:09.569+0000] {processor.py:830} INFO - Processing file /opt/airflow/dags/main.py for tasks to queue
[2026-05-14T20:11:09.572+0000] {logging_mixin.py:188} INFO - [2026-05-14T20:11:09.572+0000] {dagbag.py:545} INFO - Filling up the DagBag from /opt/airflow/dags/main.py
[2026-05-14T20:11:09.681+0000] {processor.py:840} INFO - DAG(s) 'produce_json' retrieved from /opt/airflow/dags/main.py
[2026-05-14T20:11:09.726+0000] {logging_mixin.py:188} INFO - [2026-05-14T20:11:09.725+0000] {dag.py:3096} INFO - Sync 1 DAGs
[2026-05-14T20:11:09.750+0000] {logging_mixin.py:188} INFO - [2026-05-14T20:11:09.749+0000] {dag.py:3954} INFO - Setting next_dagrun for produce_json to None, run_after=None
[2026-05-14T20:11:09.790+0000] {processor.py:183} INFO - Processing /opt/airflow/dags/main.py took 0.235 seconds
[2026-05-14T20:11:40.021+0000] {processor.py:161} INFO - Started process (PID=4401) to work on /opt/airflow/dags/main.py
[2026-05-14T20:11:40.023+0000] {processor.py:830} INFO - Processing file /opt/airflow/dags/main.py for tasks to queue
[2026-05-14T20:11:40.027+0000] {logging_mixin.py:188} INFO - [2026-05-14T20:11:40.026+0000] {dagbag.py:545} INFO - Filling up the DagBag from /opt/airflow/dags/main.py
[2026-05-14T20:11:40.127+0000] {processor.py:840} INFO - DAG(s) 'produce_json' retrieved from /opt/airflow/dags/main.py
[2026-05-14T20:11:40.168+0000] {logging_mixin.py:188} INFO - [2026-05-14T20:11:40.167+0000] {dag.py:3096} INFO - Sync 1 DAGs
[2026-05-14T20:11:40.190+0000] {logging_mixin.py:188} INFO - [2026-05-14T20:11:40.190+0000] {dag.py:3954} INFO - Setting next_dagrun for produce_json to None, run_after=None
[2026-05-14T20:11:40.231+0000] {processor.py:183} INFO - Processing /opt/airflow/dags/main.py took 0.222 seconds
[2026-05-14T20:12:10.440+0000] {processor.py:161} INFO - Started process (PID=4408) to work on /opt/airflow/dags/main.py
[2026-05-14T20:12:10.443+0000] {processor.py:830} INFO - Processing file /opt/airflow/dags/main.py for tasks to queue
[2026-05-14T20:12:10.448+0000] {logging_mixin.py:188} INFO - [2026-05-14T20:12:10.448+0000] {dagbag.py:545} INFO - Filling up the DagBag from /opt/airflow/dags/main.py
[2026-05-14T20:12:10.581+0000] {processor.py:840} INFO - DAG(s) 'produce_json' retrieved from /opt/airflow/dags/main.py
[2026-05-14T20:12:10.619+0000] {logging_mixin.py:188} INFO - [2026-05-14T20:12:10.619+0000] {dag.py:3096} INFO - Sync 1 DAGs
[2026-05-14T20:12:10.639+0000] {logging_mixin.py:188} INFO - [2026-05-14T20:12:10.639+0000] {dag.py:3954} INFO - Setting next_dagrun for produce_json to None, run_after=None
[2026-05-14T20:12:10.680+0000] {processor.py:183} INFO - Processing /opt/airflow/dags/main.py took 0.264 seconds
[2026-05-14T20:12:41.105+0000] {processor.py:161} INFO - Started process (PID=4415) to work on /opt/airflow/dags/main.py
[2026-05-14T20:12:41.107+0000] {processor.py:830} INFO - Processing file /opt/airflow/dags/main.py for tasks to queue
[2026-05-14T20:12:41.111+0000] {logging_mixin.py:188} INFO - [2026-05-14T20:12:41.110+0000] {dagbag.py:545} INFO - Filling up the DagBag from /opt/airflow/dags/main.py
[2026-05-14T20:12:41.217+0000] {processor.py:840} INFO - DAG(s) 'produce_json' retrieved from /opt/airflow/dags/main.py
[2026-05-14T20:12:41.252+0000] {logging_mixin.py:188} INFO - [2026-05-14T20:12:41.251+0000] {dag.py:3096} INFO - Sync 1 DAGs
[2026-05-14T20:12:41.271+0000] {logging_mixin.py:188} INFO - [2026-05-14T20:12:41.270+0000] {dag.py:3954} INFO - Setting next_dagrun for produce_json to None, run_after=None
[2026-05-14T20:12:41.306+0000] {processor.py:183} INFO - Processing /opt/airflow/dags/main.py took 0.210 seconds
[2026-05-14T20:13:11.661+0000] {processor.py:161} INFO - Started process (PID=4422) to work on /opt/airflow/dags/main.py
[2026-05-14T20:13:11.670+0000] {processor.py:830} INFO - Processing file /opt/airflow/dags/main.py for tasks to queue
[2026-05-14T20:13:11.679+0000] {logging_mixin.py:188} INFO - [2026-05-14T20:13:11.675+0000] {dagbag.py:545} INFO - Filling up the DagBag from /opt/airflow/dags/main.py
[2026-05-14T20:13:11.814+0000] {processor.py:840} INFO - DAG(s) 'produce_json' retrieved from /opt/airflow/dags/main.py
[2026-05-14T20:13:11.846+0000] {logging_mixin.py:188} INFO - [2026-05-14T20:13:11.846+0000] {dag.py:3096} INFO - Sync 1 DAGs
[2026-05-14T20:13:11.867+0000] {logging_mixin.py:188} INFO - [2026-05-14T20:13:11.867+0000] {dag.py:3954} INFO - Setting next_dagrun for produce_json to None, run_after=None
[2026-05-14T20:13:11.936+0000] {processor.py:183} INFO - Processing /opt/airflow/dags/main.py took 0.311 seconds
[2026-05-14T20:13:42.138+0000] {processor.py:161} INFO - Started process (PID=4429) to work on /opt/airflow/dags/main.py
[2026-05-14T20:13:42.140+0000] {processor.py:830} INFO - Processing file /opt/airflow/dags/main.py for tasks to queue
[2026-05-14T20:13:42.143+0000] {logging_mixin.py:188} INFO - [2026-05-14T20:13:42.143+0000] {dagbag.py:545} INFO - Filling up the DagBag from /opt/airflow/dags/main.py
[2026-05-14T20:13:42.252+0000] {processor.py:840} INFO - DAG(s) 'produce_json' retrieved from /opt/airflow/dags/main.py
[2026-05-14T20:13:42.289+0000] {logging_mixin.py:188} INFO - [2026-05-14T20:13:42.289+0000] {dag.py:3096} INFO - Sync 1 DAGs
[2026-05-14T20:13:42.313+0000] {logging_mixin.py:188} INFO - [2026-05-14T20:13:42.312+0000] {dag.py:3954} INFO - Setting next_dagrun for produce_json to None, run_after=None
[2026-05-14T20:13:42.350+0000] {processor.py:183} INFO - Processing /opt/airflow/dags/main.py took 0.225 seconds
[2026-05-14T20:14:12.758+0000] {processor.py:161} INFO - Started process (PID=4436) to work on /opt/airflow/dags/main.py
[2026-05-14T20:14:12.760+0000] {processor.py:830} INFO - Processing file /opt/airflow/dags/main.py for tasks to queue
[2026-05-14T20:14:12.764+0000] {logging_mixin.py:188} INFO - [2026-05-14T20:14:12.763+0000] {dagbag.py:545} INFO - Filling up the DagBag from /opt/airflow/dags/main.py
[2026-05-14T20:14:12.867+0000] {processor.py:840} INFO - DAG(s) 'produce_json' retrieved from /opt/airflow/dags/main.py
[2026-05-14T20:14:12.905+0000] {logging_mixin.py:188} INFO - [2026-05-14T20:14:12.904+0000] {dag.py:3096} INFO - Sync 1 DAGs
[2026-05-14T20:14:12.923+0000] {logging_mixin.py:188} INFO - [2026-05-14T20:14:12.923+0000] {dag.py:3954} INFO - Setting next_dagrun for produce_json to None, run_after=None
[2026-05-14T20:14:12.961+0000] {processor.py:183} INFO - Processing /opt/airflow/dags/main.py took 0.212 seconds
[2026-05-14T20:14:43.470+0000] {processor.py:161} INFO - Started process (PID=4443) to work on /opt/airflow/dags/main.py
[2026-05-14T20:14:43.474+0000] {processor.py:830} INFO - Processing file /opt/airflow/dags/main.py for tasks to queue
[2026-05-14T20:14:43.486+0000] {logging_mixin.py:188} INFO - [2026-05-14T20:14:43.479+0000] {dagbag.py:545} INFO - Filling up the DagBag from /opt/airflow/dags/main.py
[2026-05-14T20:14:43.605+0000] {processor.py:840} INFO - DAG(s) 'produce_json' retrieved from /opt/airflow/dags/main.py
[2026-05-14T20:14:43.639+0000] {logging_mixin.py:188} INFO - [2026-05-14T20:14:43.638+0000] {dag.py:3096} INFO - Sync 1 DAGs
[2026-05-14T20:14:43.658+0000] {logging_mixin.py:188} INFO - [2026-05-14T20:14:43.658+0000] {dag.py:3954} INFO - Setting next_dagrun for produce_json to None, run_after=None
[2026-05-14T20:14:43.695+0000] {processor.py:183} INFO - Processing /opt/airflow/dags/main.py took 0.267 seconds
[2026-05-14T20:15:13.895+0000] {processor.py:161} INFO - Started process (PID=4451) to work on /opt/airflow/dags/main.py
[2026-05-14T20:15:13.897+0000] {processor.py:830} INFO - Processing file /opt/airflow/dags/main.py for tasks to queue
[2026-05-14T20:15:13.902+0000] {logging_mixin.py:188} INFO - [2026-05-14T20:15:13.901+0000] {dagbag.py:545} INFO - Filling up the DagBag from /opt/airflow/dags/main.py
[2026-05-14T20:15:14.008+0000] {processor.py:840} INFO - DAG(s) 'produce_json' retrieved from /opt/airflow/dags/main.py
[2026-05-14T20:15:14.045+0000] {logging_mixin.py:188} INFO - [2026-05-14T20:15:14.044+0000] {dag.py:3096} INFO - Sync 1 DAGs
[2026-05-14T20:15:14.064+0000] {logging_mixin.py:188} INFO - [2026-05-14T20:15:14.064+0000] {dag.py:3954} INFO - Setting next_dagrun for produce_json to None, run_after=None
[2026-05-14T20:15:14.102+0000] {processor.py:183} INFO - Processing /opt/airflow/dags/main.py took 0.218 seconds
[2026-05-14T20:15:44.722+0000] {processor.py:161} INFO - Started process (PID=4458) to work on /opt/airflow/dags/main.py
[2026-05-14T20:15:44.735+0000] {processor.py:830} INFO - Processing file /opt/airflow/dags/main.py for tasks to queue
[2026-05-14T20:15:44.740+0000] {logging_mixin.py:188} INFO - [2026-05-14T20:15:44.739+0000] {dagbag.py:545} INFO - Filling up the DagBag from /opt/airflow/dags/main.py
[2026-05-14T20:15:45.030+0000] {processor.py:840} INFO - DAG(s) 'produce_json' retrieved from /opt/airflow/dags/main.py
[2026-05-14T20:15:45.136+0000] {logging_mixin.py:188} INFO - [2026-05-14T20:15:45.135+0000] {dag.py:3096} INFO - Sync 1 DAGs
[2026-05-14T20:15:45.210+0000] {logging_mixin.py:188} INFO - [2026-05-14T20:15:45.205+0000] {dag.py:3954} INFO - Setting next_dagrun for produce_json to None, run_after=None
[2026-05-14T20:15:45.330+0000] {processor.py:183} INFO - Processing /opt/airflow/dags/main.py took 0.626 seconds
[2026-05-14T20:16:15.843+0000] {processor.py:161} INFO - Started process (PID=4465) to work on /opt/airflow/dags/main.py
[2026-05-14T20:16:15.848+0000] {processor.py:830} INFO - Processing file /opt/airflow/dags/main.py for tasks to queue
[2026-05-14T20:16:15.853+0000] {logging_mixin.py:188} INFO - [2026-05-14T20:16:15.852+0000] {dagbag.py:545} INFO - Filling up the DagBag from /opt/airflow/dags/main.py
[2026-05-14T20:16:15.953+0000] {processor.py:840} INFO - DAG(s) 'produce_json' retrieved from /opt/airflow/dags/main.py
[2026-05-14T20:16:15.991+0000] {logging_mixin.py:188} INFO - [2026-05-14T20:16:15.990+0000] {dag.py:3096} INFO - Sync 1 DAGs
[2026-05-14T20:16:16.020+0000] {logging_mixin.py:188} INFO - [2026-05-14T20:16:16.020+0000] {dag.py:3954} INFO - Setting next_dagrun for produce_json to None, run_after=None
[2026-05-14T20:16:16.058+0000] {processor.py:183} INFO - Processing /opt/airflow/dags/main.py took 0.236 seconds
[2026-05-14T20:16:46.254+0000] {processor.py:161} INFO - Started process (PID=4472) to work on /opt/airflow/dags/main.py
[2026-05-14T20:16:46.256+0000] {processor.py:830} INFO - Processing file /opt/airflow/dags/main.py for tasks to queue
[2026-05-14T20:16:46.260+0000] {logging_mixin.py:188} INFO - [2026-05-14T20:16:46.259+0000] {dagbag.py:545} INFO - Filling up the DagBag from /opt/airflow/dags/main.py
[2026-05-14T20:16:46.367+0000] {processor.py:840} INFO - DAG(s) 'produce_json' retrieved from /opt/airflow/dags/main.py
[2026-05-14T20:16:46.405+0000] {logging_mixin.py:188} INFO - [2026-05-14T20:16:46.404+0000] {dag.py:3096} INFO - Sync 1 DAGs
[2026-05-14T20:16:46.424+0000] {logging_mixin.py:188} INFO - [2026-05-14T20:16:46.424+0000] {dag.py:3954} INFO - Setting next_dagrun for produce_json to None, run_after=None
[2026-05-14T20:16:46.460+0000] {processor.py:183} INFO - Processing /opt/airflow/dags/main.py took 0.219 seconds
[2026-05-14T20:17:16.919+0000] {processor.py:161} INFO - Started process (PID=4479) to work on /opt/airflow/dags/main.py
[2026-05-14T20:17:16.924+0000] {processor.py:830} INFO - Processing file /opt/airflow/dags/main.py for tasks to queue
[2026-05-14T20:17:16.932+0000] {logging_mixin.py:188} INFO - [2026-05-14T20:17:16.931+0000] {dagbag.py:545} INFO - Filling up the DagBag from /opt/airflow/dags/main.py
[2026-05-14T20:17:17.011+0000] {processor.py:840} INFO - DAG(s) 'produce_json' retrieved from /opt/airflow/dags/main.py
[2026-05-14T20:17:17.042+0000] {logging_mixin.py:188} INFO - [2026-05-14T20:17:17.042+0000] {dag.py:3096} INFO - Sync 1 DAGs
[2026-05-14T20:17:17.062+0000] {logging_mixin.py:188} INFO - [2026-05-14T20:17:17.061+0000] {dag.py:3954} INFO - Setting next_dagrun for produce_json to None, run_after=None
[2026-05-14T20:17:17.097+0000] {processor.py:183} INFO - Processing /opt/airflow/dags/main.py took 0.193 seconds
[2026-05-14T20:17:47.425+0000] {processor.py:161} INFO - Started process (PID=4486) to work on /opt/airflow/dags/main.py
[2026-05-14T20:17:47.429+0000] {processor.py:830} INFO - Processing file /opt/airflow/dags/main.py for tasks to queue
[2026-05-14T20:17:47.433+0000] {logging_mixin.py:188} INFO - [2026-05-14T20:17:47.432+0000] {dagbag.py:545} INFO - Filling up the DagBag from /opt/airflow/dags/main.py
[2026-05-14T20:17:47.517+0000] {processor.py:840} INFO - DAG(s) 'produce_json' retrieved from /opt/airflow/dags/main.py
[2026-05-14T20:17:47.557+0000] {logging_mixin.py:188} INFO - [2026-05-14T20:17:47.556+0000] {dag.py:3096} INFO - Sync 1 DAGs
[2026-05-14T20:17:47.581+0000] {logging_mixin.py:188} INFO - [2026-05-14T20:17:47.580+0000] {dag.py:3954} INFO - Setting next_dagrun for produce_json to None, run_after=None
[2026-05-14T20:17:47.632+0000] {processor.py:183} INFO - Processing /opt/airflow/dags/main.py took 0.221 seconds
[2026-05-14T20:18:17.919+0000] {processor.py:161} INFO - Started process (PID=4493) to work on /opt/airflow/dags/main.py
[2026-05-14T20:18:17.921+0000] {processor.py:830} INFO - Processing file /opt/airflow/dags/main.py for tasks to queue
[2026-05-14T20:18:17.924+0000] {logging_mixin.py:188} INFO - [2026-05-14T20:18:17.924+0000] {dagbag.py:545} INFO - Filling up the DagBag from /opt/airflow/dags/main.py
[2026-05-14T20:18:18.024+0000] {processor.py:840} INFO - DAG(s) 'produce_json' retrieved from /opt/airflow/dags/main.py
[2026-05-14T20:18:18.060+0000] {logging_mixin.py:188} INFO - [2026-05-14T20:18:18.060+0000] {dag.py:3096} INFO - Sync 1 DAGs
[2026-05-14T20:18:18.078+0000] {logging_mixin.py:188} INFO - [2026-05-14T20:18:18.078+0000] {dag.py:3954} INFO - Setting next_dagrun for produce_json to None, run_after=None
[2026-05-14T20:18:18.114+0000] {processor.py:183} INFO - Processing /opt/airflow/dags/main.py took 0.206 seconds
[2026-05-14T20:18:48.448+0000] {processor.py:161} INFO - Started process (PID=4500) to work on /opt/airflow/dags/main.py
[2026-05-14T20:18:48.451+0000] {processor.py:830} INFO - Processing file /opt/airflow/dags/main.py for tasks to queue
[2026-05-14T20:18:48.454+0000] {logging_mixin.py:188} INFO - [2026-05-14T20:18:48.454+0000] {dagbag.py:545} INFO - Filling up the DagBag from /opt/airflow/dags/main.py
[2026-05-14T20:18:48.557+0000] {processor.py:840} INFO - DAG(s) 'produce_json' retrieved from /opt/airflow/dags/main.py
[2026-05-14T20:18:48.613+0000] {logging_mixin.py:188} INFO - [2026-05-14T20:18:48.612+0000] {dag.py:3096} INFO - Sync 1 DAGs
[2026-05-14T20:18:48.687+0000] {logging_mixin.py:188} INFO - [2026-05-14T20:18:48.686+0000] {dag.py:3954} INFO - Setting next_dagrun for produce_json to None, run_after=None
[2026-05-14T20:18:48.760+0000] {processor.py:183} INFO - Processing /opt/airflow/dags/main.py took 0.327 seconds
[2026-05-14T20:19:18.928+0000] {processor.py:161} INFO - Started process (PID=4507) to work on /opt/airflow/dags/main.py
[2026-05-14T20:19:18.930+0000] {processor.py:830} INFO - Processing file /opt/airflow/dags/main.py for tasks to queue
[2026-05-14T20:19:18.938+0000] {logging_mixin.py:188} INFO - [2026-05-14T20:19:18.937+0000] {dagbag.py:545} INFO - Filling up the DagBag from /opt/airflow/dags/main.py
[2026-05-14T20:19:19.050+0000] {processor.py:840} INFO - DAG(s) 'produce_json' retrieved from /opt/airflow/dags/main.py
[2026-05-14T20:19:19.086+0000] {logging_mixin.py:188} INFO - [2026-05-14T20:19:19.086+0000] {dag.py:3096} INFO - Sync 1 DAGs
[2026-05-14T20:19:19.110+0000] {logging_mixin.py:188} INFO - [2026-05-14T20:19:19.110+0000] {dag.py:3954} INFO - Setting next_dagrun for produce_json to None, run_after=None
[2026-05-14T20:19:19.143+0000] {processor.py:183} INFO - Processing /opt/airflow/dags/main.py took 0.230 seconds
[2026-05-14T20:19:49.774+0000] {processor.py:161} INFO - Started process (PID=4514) to work on /opt/airflow/dags/main.py
[2026-05-14T20:19:49.777+0000] {processor.py:830} INFO - Processing file /opt/airflow/dags/main.py for tasks to queue
[2026-05-14T20:19:49.782+0000] {logging_mixin.py:188} INFO - [2026-05-14T20:19:49.781+0000] {dagbag.py:545} INFO - Filling up the DagBag from /opt/airflow/dags/main.py
[2026-05-14T20:19:49.891+0000] {processor.py:840} INFO - DAG(s) 'produce_json' retrieved from /opt/airflow/dags/main.py
[2026-05-14T20:19:49.954+0000] {logging_mixin.py:188} INFO - [2026-05-14T20:19:49.953+0000] {dag.py:3096} INFO - Sync 1 DAGs
[2026-05-14T20:19:49.995+0000] {logging_mixin.py:188} INFO - [2026-05-14T20:19:49.994+0000] {dag.py:3954} INFO - Setting next_dagrun for produce_json to None, run_after=None
[2026-05-14T20:19:50.054+0000] {processor.py:183} INFO - Processing /opt/airflow/dags/main.py took 0.292 seconds
[2026-05-14T20:20:20.193+0000] {processor.py:161} INFO - Started process (PID=4522) to work on /opt/airflow/dags/main.py
[2026-05-14T20:20:20.195+0000] {processor.py:830} INFO - Processing file /opt/airflow/dags/main.py for tasks to queue
[2026-05-14T20:20:20.200+0000] {logging_mixin.py:188} INFO - [2026-05-14T20:20:20.199+0000] {dagbag.py:545} INFO - Filling up the DagBag from /opt/airflow/dags/main.py
[2026-05-14T20:20:20.304+0000] {processor.py:840} INFO - DAG(s) 'produce_json' retrieved from /opt/airflow/dags/main.py
[2026-05-14T20:20:20.341+0000] {logging_mixin.py:188} INFO - [2026-05-14T20:20:20.341+0000] {dag.py:3096} INFO - Sync 1 DAGs
[2026-05-14T20:20:20.360+0000] {logging_mixin.py:188} INFO - [2026-05-14T20:20:20.360+0000] {dag.py:3954} INFO - Setting next_dagrun for produce_json to None, run_after=None
[2026-05-14T20:20:20.395+0000] {processor.py:183} INFO - Processing /opt/airflow/dags/main.py took 0.213 seconds
[2026-05-14T20:20:50.579+0000] {processor.py:161} INFO - Started process (PID=4529) to work on /opt/airflow/dags/main.py
[2026-05-14T20:20:50.581+0000] {processor.py:830} INFO - Processing file /opt/airflow/dags/main.py for tasks to queue
[2026-05-14T20:20:50.585+0000] {logging_mixin.py:188} INFO - [2026-05-14T20:20:50.584+0000] {dagbag.py:545} INFO - Filling up the DagBag from /opt/airflow/dags/main.py
[2026-05-14T20:20:50.701+0000] {processor.py:840} INFO - DAG(s) 'produce_json' retrieved from /opt/airflow/dags/main.py
[2026-05-14T20:20:50.743+0000] {logging_mixin.py:188} INFO - [2026-05-14T20:20:50.743+0000] {dag.py:3096} INFO - Sync 1 DAGs
[2026-05-14T20:20:50.764+0000] {logging_mixin.py:188} INFO - [2026-05-14T20:20:50.764+0000] {dag.py:3954} INFO - Setting next_dagrun for produce_json to None, run_after=None
[2026-05-14T20:20:50.800+0000] {processor.py:183} INFO - Processing /opt/airflow/dags/main.py took 0.234 seconds
[2026-05-14T20:21:21.118+0000] {processor.py:161} INFO - Started process (PID=4536) to work on /opt/airflow/dags/main.py
[2026-05-14T20:21:21.122+0000] {processor.py:830} INFO - Processing file /opt/airflow/dags/main.py for tasks to queue
[2026-05-14T20:21:21.126+0000] {logging_mixin.py:188} INFO - [2026-05-14T20:21:21.125+0000] {dagbag.py:545} INFO - Filling up the DagBag from /opt/airflow/dags/main.py
[2026-05-14T20:21:21.234+0000] {processor.py:840} INFO - DAG(s) 'produce_json' retrieved from /opt/airflow/dags/main.py
[2026-05-14T20:21:21.275+0000] {logging_mixin.py:188} INFO - [2026-05-14T20:21:21.274+0000] {dag.py:3096} INFO - Sync 1 DAGs
[2026-05-14T20:21:21.294+0000] {logging_mixin.py:188} INFO - [2026-05-14T20:21:21.293+0000] {dag.py:3954} INFO - Setting next_dagrun for produce_json to None, run_after=None
[2026-05-14T20:21:21.324+0000] {processor.py:183} INFO - Processing /opt/airflow/dags/main.py took 0.221 seconds
[2026-05-14T20:21:51.594+0000] {processor.py:161} INFO - Started process (PID=4543) to work on /opt/airflow/dags/main.py
[2026-05-14T20:21:51.599+0000] {processor.py:830} INFO - Processing file /opt/airflow/dags/main.py for tasks to queue
[2026-05-14T20:21:51.603+0000] {logging_mixin.py:188} INFO - [2026-05-14T20:21:51.602+0000] {dagbag.py:545} INFO - Filling up the DagBag from /opt/airflow/dags/main.py
[2026-05-14T20:21:51.705+0000] {processor.py:840} INFO - DAG(s) 'produce_json' retrieved from /opt/airflow/dags/main.py
[2026-05-14T20:21:51.746+0000] {logging_mixin.py:188} INFO - [2026-05-14T20:21:51.746+0000] {dag.py:3096} INFO - Sync 1 DAGs
[2026-05-14T20:21:51.775+0000] {logging_mixin.py:188} INFO - [2026-05-14T20:21:51.774+0000] {dag.py:3954} INFO - Setting next_dagrun for produce_json to None, run_after=None
[2026-05-14T20:21:51.819+0000] {processor.py:183} INFO - Processing /opt/airflow/dags/main.py took 0.239 seconds
[2026-05-14T20:22:22.178+0000] {processor.py:161} INFO - Started process (PID=4550) to work on /opt/airflow/dags/main.py
[2026-05-14T20:22:22.182+0000] {processor.py:830} INFO - Processing file /opt/airflow/dags/main.py for tasks to queue
[2026-05-14T20:22:22.185+0000] {logging_mixin.py:188} INFO - [2026-05-14T20:22:22.184+0000] {dagbag.py:545} INFO - Filling up the DagBag from /opt/airflow/dags/main.py
[2026-05-14T20:22:22.291+0000] {processor.py:840} INFO - DAG(s) 'produce_json' retrieved from /opt/airflow/dags/main.py
[2026-05-14T20:22:22.341+0000] {logging_mixin.py:188} INFO - [2026-05-14T20:22:22.341+0000] {dag.py:3096} INFO - Sync 1 DAGs
[2026-05-14T20:22:22.363+0000] {logging_mixin.py:188} INFO - [2026-05-14T20:22:22.363+0000] {dag.py:3954} INFO - Setting next_dagrun for produce_json to None, run_after=None
[2026-05-14T20:22:22.396+0000] {processor.py:183} INFO - Processing /opt/airflow/dags/main.py took 0.243 seconds
[2026-05-14T20:22:52.601+0000] {processor.py:161} INFO - Started process (PID=4557) to work on /opt/airflow/dags/main.py
[2026-05-14T20:22:52.603+0000] {processor.py:830} INFO - Processing file /opt/airflow/dags/main.py for tasks to queue
[2026-05-14T20:22:52.608+0000] {logging_mixin.py:188} INFO - [2026-05-14T20:22:52.607+0000] {dagbag.py:545} INFO - Filling up the DagBag from /opt/airflow/dags/main.py
[2026-05-14T20:22:52.709+0000] {processor.py:840} INFO - DAG(s) 'produce_json' retrieved from /opt/airflow/dags/main.py
[2026-05-14T20:22:52.745+0000] {logging_mixin.py:188} INFO - [2026-05-14T20:22:52.745+0000] {dag.py:3096} INFO - Sync 1 DAGs
[2026-05-14T20:22:52.764+0000] {logging_mixin.py:188} INFO - [2026-05-14T20:22:52.764+0000] {dag.py:3954} INFO - Setting next_dagrun for produce_json to None, run_after=None
[2026-05-14T20:22:52.801+0000] {processor.py:183} INFO - Processing /opt/airflow/dags/main.py took 0.216 seconds
[2026-05-14T20:23:23.247+0000] {processor.py:161} INFO - Started process (PID=4565) to work on /opt/airflow/dags/main.py
[2026-05-14T20:23:23.249+0000] {processor.py:830} INFO - Processing file /opt/airflow/dags/main.py for tasks to queue
[2026-05-14T20:23:23.254+0000] {logging_mixin.py:188} INFO - [2026-05-14T20:23:23.253+0000] {dagbag.py:545} INFO - Filling up the DagBag from /opt/airflow/dags/main.py
[2026-05-14T20:23:23.345+0000] {processor.py:840} INFO - DAG(s) 'produce_json' retrieved from /opt/airflow/dags/main.py
[2026-05-14T20:23:23.396+0000] {logging_mixin.py:188} INFO - [2026-05-14T20:23:23.395+0000] {dag.py:3096} INFO - Sync 1 DAGs
[2026-05-14T20:23:23.416+0000] {logging_mixin.py:188} INFO - [2026-05-14T20:23:23.416+0000] {dag.py:3954} INFO - Setting next_dagrun for produce_json to None, run_after=None
[2026-05-14T20:23:23.462+0000] {processor.py:183} INFO - Processing /opt/airflow/dags/main.py took 0.226 seconds
[2026-05-14T20:23:53.709+0000] {processor.py:161} INFO - Started process (PID=4572) to work on /opt/airflow/dags/main.py
[2026-05-14T20:23:53.712+0000] {processor.py:830} INFO - Processing file /opt/airflow/dags/main.py for tasks to queue
[2026-05-14T20:23:53.719+0000] {logging_mixin.py:188} INFO - [2026-05-14T20:23:53.718+0000] {dagbag.py:545} INFO - Filling up the DagBag from /opt/airflow/dags/main.py
[2026-05-14T20:23:53.832+0000] {processor.py:840} INFO - DAG(s) 'produce_json' retrieved from /opt/airflow/dags/main.py
[2026-05-14T20:23:53.868+0000] {logging_mixin.py:188} INFO - [2026-05-14T20:23:53.868+0000] {dag.py:3096} INFO - Sync 1 DAGs
[2026-05-14T20:23:53.889+0000] {logging_mixin.py:188} INFO - [2026-05-14T20:23:53.889+0000] {dag.py:3954} INFO - Setting next_dagrun for produce_json to None, run_after=None
[2026-05-14T20:23:53.923+0000] {processor.py:183} INFO - Processing /opt/airflow/dags/main.py took 0.229 seconds
[2026-05-14T20:24:24.382+0000] {processor.py:161} INFO - Started process (PID=4579) to work on /opt/airflow/dags/main.py
[2026-05-14T20:24:24.385+0000] {processor.py:830} INFO - Processing file /opt/airflow/dags/main.py for tasks to queue
[2026-05-14T20:24:24.388+0000] {logging_mixin.py:188} INFO - [2026-05-14T20:24:24.387+0000] {dagbag.py:545} INFO - Filling up the DagBag from /opt/airflow/dags/main.py
[2026-05-14T20:24:24.481+0000] {processor.py:840} INFO - DAG(s) 'produce_json' retrieved from /opt/airflow/dags/main.py
[2026-05-14T20:24:24.522+0000] {logging_mixin.py:188} INFO - [2026-05-14T20:24:24.522+0000] {dag.py:3096} INFO - Sync 1 DAGs
[2026-05-14T20:24:24.542+0000] {logging_mixin.py:188} INFO - [2026-05-14T20:24:24.541+0000] {dag.py:3954} INFO - Setting next_dagrun for produce_json to None, run_after=None
[2026-05-14T20:24:24.584+0000] {processor.py:183} INFO - Processing /opt/airflow/dags/main.py took 0.213 seconds
[2026-05-14T20:24:55.078+0000] {processor.py:161} INFO - Started process (PID=4586) to work on /opt/airflow/dags/main.py
[2026-05-14T20:24:55.080+0000] {processor.py:830} INFO - Processing file /opt/airflow/dags/main.py for tasks to queue
[2026-05-14T20:24:55.083+0000] {logging_mixin.py:188} INFO - [2026-05-14T20:24:55.083+0000] {dagbag.py:545} INFO - Filling up the DagBag from /opt/airflow/dags/main.py
[2026-05-14T20:24:55.190+0000] {processor.py:840} INFO - DAG(s) 'produce_json' retrieved from /opt/airflow/dags/main.py
[2026-05-14T20:24:55.224+0000] {logging_mixin.py:188} INFO - [2026-05-14T20:24:55.224+0000] {dag.py:3096} INFO - Sync 1 DAGs
[2026-05-14T20:24:55.243+0000] {logging_mixin.py:188} INFO - [2026-05-14T20:24:55.243+0000] {dag.py:3954} INFO - Setting next_dagrun for produce_json to None, run_after=None
[2026-05-14T20:24:55.289+0000] {processor.py:183} INFO - Processing /opt/airflow/dags/main.py took 0.220 seconds
[2026-05-14T20:25:25.395+0000] {processor.py:161} INFO - Started process (PID=4593) to work on /opt/airflow/dags/main.py
[2026-05-14T20:25:25.397+0000] {processor.py:830} INFO - Processing file /opt/airflow/dags/main.py for tasks to queue
[2026-05-14T20:25:25.401+0000] {logging_mixin.py:188} INFO - [2026-05-14T20:25:25.400+0000] {dagbag.py:545} INFO - Filling up the DagBag from /opt/airflow/dags/main.py
[2026-05-14T20:25:25.558+0000] {processor.py:840} INFO - DAG(s) 'produce_json' retrieved from /opt/airflow/dags/main.py
[2026-05-14T20:25:25.613+0000] {logging_mixin.py:188} INFO - [2026-05-14T20:25:25.613+0000] {dag.py:3096} INFO - Sync 1 DAGs
[2026-05-14T20:25:25.631+0000] {logging_mixin.py:188} INFO - [2026-05-14T20:25:25.631+0000] {dag.py:3954} INFO - Setting next_dagrun for produce_json to None, run_after=None
[2026-05-14T20:25:25.690+0000] {processor.py:183} INFO - Processing /opt/airflow/dags/main.py took 0.319 seconds
[2026-05-14T20:25:56.039+0000] {processor.py:161} INFO - Started process (PID=4600) to work on /opt/airflow/dags/main.py
[2026-05-14T20:25:56.042+0000] {processor.py:830} INFO - Processing file /opt/airflow/dags/main.py for tasks to queue
[2026-05-14T20:25:56.046+0000] {logging_mixin.py:188} INFO - [2026-05-14T20:25:56.045+0000] {dagbag.py:545} INFO - Filling up the DagBag from /opt/airflow/dags/main.py
[2026-05-14T20:25:56.218+0000] {processor.py:840} INFO - DAG(s) 'produce_json' retrieved from /opt/airflow/dags/main.py
[2026-05-14T20:25:56.275+0000] {logging_mixin.py:188} INFO - [2026-05-14T20:25:56.274+0000] {dag.py:3096} INFO - Sync 1 DAGs
[2026-05-14T20:25:56.310+0000] {logging_mixin.py:188} INFO - [2026-05-14T20:25:56.309+0000] {dag.py:3954} INFO - Setting next_dagrun for produce_json to None, run_after=None
[2026-05-14T20:25:56.360+0000] {processor.py:183} INFO - Processing /opt/airflow/dags/main.py took 0.332 seconds
[2026-05-14T20:26:26.541+0000] {processor.py:161} INFO - Started process (PID=4607) to work on /opt/airflow/dags/main.py
[2026-05-14T20:26:26.543+0000] {processor.py:830} INFO - Processing file /opt/airflow/dags/main.py for tasks to queue
[2026-05-14T20:26:26.547+0000] {logging_mixin.py:188} INFO - [2026-05-14T20:26:26.546+0000] {dagbag.py:545} INFO - Filling up the DagBag from /opt/airflow/dags/main.py
[2026-05-14T20:26:26.643+0000] {processor.py:840} INFO - DAG(s) 'produce_json' retrieved from /opt/airflow/dags/main.py
[2026-05-14T20:26:26.679+0000] {logging_mixin.py:188} INFO - [2026-05-14T20:26:26.679+0000] {dag.py:3096} INFO - Sync 1 DAGs
[2026-05-14T20:26:26.703+0000] {logging_mixin.py:188} INFO - [2026-05-14T20:26:26.702+0000] {dag.py:3954} INFO - Setting next_dagrun for produce_json to None, run_after=None
[2026-05-14T20:26:26.750+0000] {processor.py:183} INFO - Processing /opt/airflow/dags/main.py took 0.225 seconds
[2026-05-14T20:26:56.954+0000] {processor.py:161} INFO - Started process (PID=4614) to work on /opt/airflow/dags/main.py
[2026-05-14T20:26:56.957+0000] {processor.py:830} INFO - Processing file /opt/airflow/dags/main.py for tasks to queue
[2026-05-14T20:26:56.961+0000] {logging_mixin.py:188} INFO - [2026-05-14T20:26:56.960+0000] {dagbag.py:545} INFO - Filling up the DagBag from /opt/airflow/dags/main.py
[2026-05-14T20:26:57.066+0000] {processor.py:840} INFO - DAG(s) 'produce_json' retrieved from /opt/airflow/dags/main.py
[2026-05-14T20:26:57.117+0000] {logging_mixin.py:188} INFO - [2026-05-14T20:26:57.116+0000] {dag.py:3096} INFO - Sync 1 DAGs
[2026-05-14T20:26:57.139+0000] {logging_mixin.py:188} INFO - [2026-05-14T20:26:57.138+0000] {dag.py:3954} INFO - Setting next_dagrun for produce_json to None, run_after=None
[2026-05-14T20:26:57.194+0000] {processor.py:183} INFO - Processing /opt/airflow/dags/main.py took 0.253 seconds
[2026-05-14T20:27:27.559+0000] {processor.py:161} INFO - Started process (PID=4621) to work on /opt/airflow/dags/main.py
[2026-05-14T20:27:27.561+0000] {processor.py:830} INFO - Processing file /opt/airflow/dags/main.py for tasks to queue
[2026-05-14T20:27:27.564+0000] {logging_mixin.py:188} INFO - [2026-05-14T20:27:27.564+0000] {dagbag.py:545} INFO - Filling up the DagBag from /opt/airflow/dags/main.py
[2026-05-14T20:27:27.647+0000] {processor.py:840} INFO - DAG(s) 'produce_json' retrieved from /opt/airflow/dags/main.py
[2026-05-14T20:27:27.722+0000] {logging_mixin.py:188} INFO - [2026-05-14T20:27:27.722+0000] {dag.py:3096} INFO - Sync 1 DAGs
[2026-05-14T20:27:27.739+0000] {logging_mixin.py:188} INFO - [2026-05-14T20:27:27.739+0000] {dag.py:3954} INFO - Setting next_dagrun for produce_json to None, run_after=None
[2026-05-14T20:27:27.775+0000] {processor.py:183} INFO - Processing /opt/airflow/dags/main.py took 0.226 seconds
[2026-05-14T20:27:58.019+0000] {processor.py:161} INFO - Started process (PID=4628) to work on /opt/airflow/dags/main.py
[2026-05-14T20:27:58.022+0000] {processor.py:830} INFO - Processing file /opt/airflow/dags/main.py for tasks to queue
[2026-05-14T20:27:58.026+0000] {logging_mixin.py:188} INFO - [2026-05-14T20:27:58.026+0000] {dagbag.py:545} INFO - Filling up the DagBag from /opt/airflow/dags/main.py
[2026-05-14T20:27:58.137+0000] {processor.py:840} INFO - DAG(s) 'produce_json' retrieved from /opt/airflow/dags/main.py
[2026-05-14T20:27:58.178+0000] {logging_mixin.py:188} INFO - [2026-05-14T20:27:58.177+0000] {dag.py:3096} INFO - Sync 1 DAGs
[2026-05-14T20:27:58.204+0000] {logging_mixin.py:188} INFO - [2026-05-14T20:27:58.203+0000] {dag.py:3954} INFO - Setting next_dagrun for produce_json to None, run_after=None
[2026-05-14T20:27:58.247+0000] {processor.py:183} INFO - Processing /opt/airflow/dags/main.py took 0.239 seconds
[2026-05-14T20:28:28.647+0000] {processor.py:161} INFO - Started process (PID=4636) to work on /opt/airflow/dags/main.py
[2026-05-14T20:28:28.650+0000] {processor.py:830} INFO - Processing file /opt/airflow/dags/main.py for tasks to queue
[2026-05-14T20:28:28.656+0000] {logging_mixin.py:188} INFO - [2026-05-14T20:28:28.655+0000] {dagbag.py:545} INFO - Filling up the DagBag from /opt/airflow/dags/main.py
[2026-05-14T20:28:28.762+0000] {processor.py:840} INFO - DAG(s) 'produce_json' retrieved from /opt/airflow/dags/main.py
[2026-05-14T20:28:28.814+0000] {logging_mixin.py:188} INFO - [2026-05-14T20:28:28.814+0000] {dag.py:3096} INFO - Sync 1 DAGs
[2026-05-14T20:28:28.867+0000] {logging_mixin.py:188} INFO - [2026-05-14T20:28:28.866+0000] {dag.py:3954} INFO - Setting next_dagrun for produce_json to None, run_after=None
[2026-05-14T20:28:28.930+0000] {processor.py:183} INFO - Processing /opt/airflow/dags/main.py took 0.297 seconds
[2026-05-14T20:28:59.199+0000] {processor.py:161} INFO - Started process (PID=4642) to work on /opt/airflow/dags/main.py
[2026-05-14T20:28:59.205+0000] {processor.py:830} INFO - Processing file /opt/airflow/dags/main.py for tasks to queue
[2026-05-14T20:28:59.209+0000] {logging_mixin.py:188} INFO - [2026-05-14T20:28:59.208+0000] {dagbag.py:545} INFO - Filling up the DagBag from /opt/airflow/dags/main.py
[2026-05-14T20:28:59.320+0000] {processor.py:840} INFO - DAG(s) 'produce_json' retrieved from /opt/airflow/dags/main.py
[2026-05-14T20:28:59.362+0000] {logging_mixin.py:188} INFO - [2026-05-14T20:28:59.362+0000] {dag.py:3096} INFO - Sync 1 DAGs
[2026-05-14T20:28:59.381+0000] {logging_mixin.py:188} INFO - [2026-05-14T20:28:59.380+0000] {dag.py:3954} INFO - Setting next_dagrun for produce_json to None, run_after=None
[2026-05-14T20:28:59.408+0000] {processor.py:183} INFO - Processing /opt/airflow/dags/main.py took 0.232 seconds
[2026-05-14T20:29:29.773+0000] {processor.py:161} INFO - Started process (PID=4649) to work on /opt/airflow/dags/main.py
[2026-05-14T20:29:29.775+0000] {processor.py:830} INFO - Processing file /opt/airflow/dags/main.py for tasks to queue
[2026-05-14T20:29:29.778+0000] {logging_mixin.py:188} INFO - [2026-05-14T20:29:29.778+0000] {dagbag.py:545} INFO - Filling up the DagBag from /opt/airflow/dags/main.py
[2026-05-14T20:29:29.893+0000] {processor.py:840} INFO - DAG(s) 'produce_json' retrieved from /opt/airflow/dags/main.py
[2026-05-14T20:29:29.932+0000] {logging_mixin.py:188} INFO - [2026-05-14T20:29:29.931+0000] {dag.py:3096} INFO - Sync 1 DAGs
[2026-05-14T20:29:29.950+0000] {logging_mixin.py:188} INFO - [2026-05-14T20:29:29.950+0000] {dag.py:3954} INFO - Setting next_dagrun for produce_json to None, run_after=None
[2026-05-14T20:29:29.987+0000] {processor.py:183} INFO - Processing /opt/airflow/dags/main.py took 0.227 seconds
[2026-05-14T20:30:00.474+0000] {processor.py:161} INFO - Started process (PID=4656) to work on /opt/airflow/dags/main.py
[2026-05-14T20:30:00.476+0000] {processor.py:830} INFO - Processing file /opt/airflow/dags/main.py for tasks to queue
[2026-05-14T20:30:00.480+0000] {logging_mixin.py:188} INFO - [2026-05-14T20:30:00.479+0000] {dagbag.py:545} INFO - Filling up the DagBag from /opt/airflow/dags/main.py
[2026-05-14T20:30:00.581+0000] {processor.py:840} INFO - DAG(s) 'produce_json' retrieved from /opt/airflow/dags/main.py
[2026-05-14T20:30:00.616+0000] {logging_mixin.py:188} INFO - [2026-05-14T20:30:00.615+0000] {dag.py:3096} INFO - Sync 1 DAGs
[2026-05-14T20:30:00.636+0000] {logging_mixin.py:188} INFO - [2026-05-14T20:30:00.636+0000] {dag.py:3954} INFO - Setting next_dagrun for produce_json to None, run_after=None
[2026-05-14T20:30:00.675+0000] {processor.py:183} INFO - Processing /opt/airflow/dags/main.py took 0.212 seconds
[2026-05-14T20:30:30.962+0000] {processor.py:161} INFO - Started process (PID=4663) to work on /opt/airflow/dags/main.py
[2026-05-14T20:30:30.964+0000] {processor.py:830} INFO - Processing file /opt/airflow/dags/main.py for tasks to queue
[2026-05-14T20:30:30.967+0000] {logging_mixin.py:188} INFO - [2026-05-14T20:30:30.967+0000] {dagbag.py:545} INFO - Filling up the DagBag from /opt/airflow/dags/main.py
[2026-05-14T20:30:31.054+0000] {processor.py:840} INFO - DAG(s) 'produce_json' retrieved from /opt/airflow/dags/main.py
[2026-05-14T20:30:31.092+0000] {logging_mixin.py:188} INFO - [2026-05-14T20:30:31.092+0000] {dag.py:3096} INFO - Sync 1 DAGs
[2026-05-14T20:30:31.125+0000] {logging_mixin.py:188} INFO - [2026-05-14T20:30:31.124+0000] {dag.py:3954} INFO - Setting next_dagrun for produce_json to None, run_after=None
[2026-05-14T20:30:31.159+0000] {processor.py:183} INFO - Processing /opt/airflow/dags/main.py took 0.210 seconds
[2026-05-14T20:31:01.530+0000] {processor.py:161} INFO - Started process (PID=4670) to work on /opt/airflow/dags/main.py
[2026-05-14T20:31:01.533+0000] {processor.py:830} INFO - Processing file /opt/airflow/dags/main.py for tasks to queue
[2026-05-14T20:31:01.537+0000] {logging_mixin.py:188} INFO - [2026-05-14T20:31:01.536+0000] {dagbag.py:545} INFO - Filling up the DagBag from /opt/airflow/dags/main.py
[2026-05-14T20:31:01.651+0000] {processor.py:840} INFO - DAG(s) 'produce_json' retrieved from /opt/airflow/dags/main.py
[2026-05-14T20:31:01.689+0000] {logging_mixin.py:188} INFO - [2026-05-14T20:31:01.689+0000] {dag.py:3096} INFO - Sync 1 DAGs
[2026-05-14T20:31:01.711+0000] {logging_mixin.py:188} INFO - [2026-05-14T20:31:01.710+0000] {dag.py:3954} INFO - Setting next_dagrun for produce_json to None, run_after=None
[2026-05-14T20:31:01.744+0000] {processor.py:183} INFO - Processing /opt/airflow/dags/main.py took 0.224 seconds
[2026-05-14T20:31:32.055+0000] {processor.py:161} INFO - Started process (PID=4677) to work on /opt/airflow/dags/main.py
[2026-05-14T20:31:32.057+0000] {processor.py:830} INFO - Processing file /opt/airflow/dags/main.py for tasks to queue
[2026-05-14T20:31:32.061+0000] {logging_mixin.py:188} INFO - [2026-05-14T20:31:32.060+0000] {dagbag.py:545} INFO - Filling up the DagBag from /opt/airflow/dags/main.py
[2026-05-14T20:31:32.180+0000] {processor.py:840} INFO - DAG(s) 'produce_json' retrieved from /opt/airflow/dags/main.py
[2026-05-14T20:31:32.226+0000] {logging_mixin.py:188} INFO - [2026-05-14T20:31:32.226+0000] {dag.py:3096} INFO - Sync 1 DAGs
[2026-05-14T20:31:32.249+0000] {logging_mixin.py:188} INFO - [2026-05-14T20:31:32.248+0000] {dag.py:3954} INFO - Setting next_dagrun for produce_json to None, run_after=None
[2026-05-14T20:31:32.292+0000] {processor.py:183} INFO - Processing /opt/airflow/dags/main.py took 0.249 seconds
[2026-05-14T20:32:02.648+0000] {processor.py:161} INFO - Started process (PID=4684) to work on /opt/airflow/dags/main.py
[2026-05-14T20:32:02.650+0000] {processor.py:830} INFO - Processing file /opt/airflow/dags/main.py for tasks to queue
[2026-05-14T20:32:02.656+0000] {logging_mixin.py:188} INFO - [2026-05-14T20:32:02.655+0000] {dagbag.py:545} INFO - Filling up the DagBag from /opt/airflow/dags/main.py
[2026-05-14T20:32:02.748+0000] {processor.py:840} INFO - DAG(s) 'produce_json' retrieved from /opt/airflow/dags/main.py
[2026-05-14T20:32:02.785+0000] {logging_mixin.py:188} INFO - [2026-05-14T20:32:02.784+0000] {dag.py:3096} INFO - Sync 1 DAGs
[2026-05-14T20:32:02.808+0000] {logging_mixin.py:188} INFO - [2026-05-14T20:32:02.808+0000] {dag.py:3954} INFO - Setting next_dagrun for produce_json to None, run_after=None
[2026-05-14T20:32:02.866+0000] {processor.py:183} INFO - Processing /opt/airflow/dags/main.py took 0.227 seconds
[2026-05-14T20:32:33.212+0000] {processor.py:161} INFO - Started process (PID=4691) to work on /opt/airflow/dags/main.py
[2026-05-14T20:32:33.215+0000] {processor.py:830} INFO - Processing file /opt/airflow/dags/main.py for tasks to queue
[2026-05-14T20:32:33.219+0000] {logging_mixin.py:188} INFO - [2026-05-14T20:32:33.219+0000] {dagbag.py:545} INFO - Filling up the DagBag from /opt/airflow/dags/main.py
[2026-05-14T20:32:33.319+0000] {processor.py:840} INFO - DAG(s) 'produce_json' retrieved from /opt/airflow/dags/main.py
[2026-05-14T20:32:33.352+0000] {logging_mixin.py:188} INFO - [2026-05-14T20:32:33.352+0000] {dag.py:3096} INFO - Sync 1 DAGs
[2026-05-14T20:32:33.372+0000] {logging_mixin.py:188} INFO - [2026-05-14T20:32:33.371+0000] {dag.py:3954} INFO - Setting next_dagrun for produce_json to None, run_after=None
[2026-05-14T20:32:33.407+0000] {processor.py:183} INFO - Processing /opt/airflow/dags/main.py took 0.216 seconds
[2026-05-14T20:33:03.800+0000] {processor.py:161} INFO - Started process (PID=4698) to work on /opt/airflow/dags/main.py
[2026-05-14T20:33:03.802+0000] {processor.py:830} INFO - Processing file /opt/airflow/dags/main.py for tasks to queue
[2026-05-14T20:33:03.805+0000] {logging_mixin.py:188} INFO - [2026-05-14T20:33:03.805+0000] {dagbag.py:545} INFO - Filling up the DagBag from /opt/airflow/dags/main.py
[2026-05-14T20:33:03.900+0000] {processor.py:840} INFO - DAG(s) 'produce_json' retrieved from /opt/airflow/dags/main.py
[2026-05-14T20:33:03.934+0000] {logging_mixin.py:188} INFO - [2026-05-14T20:33:03.934+0000] {dag.py:3096} INFO - Sync 1 DAGs
[2026-05-14T20:33:03.953+0000] {logging_mixin.py:188} INFO - [2026-05-14T20:33:03.952+0000] {dag.py:3954} INFO - Setting next_dagrun for produce_json to None, run_after=None
[2026-05-14T20:33:03.991+0000] {processor.py:183} INFO - Processing /opt/airflow/dags/main.py took 0.202 seconds
[2026-05-14T20:33:34.243+0000] {processor.py:161} INFO - Started process (PID=4705) to work on /opt/airflow/dags/main.py
[2026-05-14T20:33:34.246+0000] {processor.py:830} INFO - Processing file /opt/airflow/dags/main.py for tasks to queue
[2026-05-14T20:33:34.249+0000] {logging_mixin.py:188} INFO - [2026-05-14T20:33:34.248+0000] {dagbag.py:545} INFO - Filling up the DagBag from /opt/airflow/dags/main.py
[2026-05-14T20:33:34.327+0000] {processor.py:840} INFO - DAG(s) 'produce_json' retrieved from /opt/airflow/dags/main.py
[2026-05-14T20:33:34.362+0000] {logging_mixin.py:188} INFO - [2026-05-14T20:33:34.361+0000] {dag.py:3096} INFO - Sync 1 DAGs
[2026-05-14T20:33:34.381+0000] {logging_mixin.py:188} INFO - [2026-05-14T20:33:34.381+0000] {dag.py:3954} INFO - Setting next_dagrun for produce_json to None, run_after=None
[2026-05-14T20:33:34.424+0000] {processor.py:183} INFO - Processing /opt/airflow/dags/main.py took 0.195 seconds
[2026-05-14T20:34:04.821+0000] {processor.py:161} INFO - Started process (PID=4712) to work on /opt/airflow/dags/main.py
[2026-05-14T20:34:04.823+0000] {processor.py:830} INFO - Processing file /opt/airflow/dags/main.py for tasks to queue
[2026-05-14T20:34:04.827+0000] {logging_mixin.py:188} INFO - [2026-05-14T20:34:04.827+0000] {dagbag.py:545} INFO - Filling up the DagBag from /opt/airflow/dags/main.py
[2026-05-14T20:34:04.935+0000] {processor.py:840} INFO - DAG(s) 'produce_json' retrieved from /opt/airflow/dags/main.py
[2026-05-14T20:34:04.979+0000] {logging_mixin.py:188} INFO - [2026-05-14T20:34:04.979+0000] {dag.py:3096} INFO - Sync 1 DAGs
[2026-05-14T20:34:04.998+0000] {logging_mixin.py:188} INFO - [2026-05-14T20:34:04.997+0000] {dag.py:3954} INFO - Setting next_dagrun for produce_json to None, run_after=None
[2026-05-14T20:34:05.033+0000] {processor.py:183} INFO - Processing /opt/airflow/dags/main.py took 0.226 seconds
[2026-05-14T20:34:35.312+0000] {processor.py:161} INFO - Started process (PID=4719) to work on /opt/airflow/dags/main.py
[2026-05-14T20:34:35.315+0000] {processor.py:830} INFO - Processing file /opt/airflow/dags/main.py for tasks to queue
[2026-05-14T20:34:35.319+0000] {logging_mixin.py:188} INFO - [2026-05-14T20:34:35.318+0000] {dagbag.py:545} INFO - Filling up the DagBag from /opt/airflow/dags/main.py
[2026-05-14T20:34:35.447+0000] {processor.py:840} INFO - DAG(s) 'produce_json' retrieved from /opt/airflow/dags/main.py
[2026-05-14T20:34:35.541+0000] {logging_mixin.py:188} INFO - [2026-05-14T20:34:35.540+0000] {dag.py:3096} INFO - Sync 1 DAGs
[2026-05-14T20:34:35.585+0000] {logging_mixin.py:188} INFO - [2026-05-14T20:34:35.585+0000] {dag.py:3954} INFO - Setting next_dagrun for produce_json to None, run_after=None
[2026-05-14T20:34:35.663+0000] {processor.py:183} INFO - Processing /opt/airflow/dags/main.py took 0.361 seconds
[2026-05-14T20:35:06.132+0000] {processor.py:161} INFO - Started process (PID=4726) to work on /opt/airflow/dags/main.py
[2026-05-14T20:35:06.134+0000] {processor.py:830} INFO - Processing file /opt/airflow/dags/main.py for tasks to queue
[2026-05-14T20:35:06.140+0000] {logging_mixin.py:188} INFO - [2026-05-14T20:35:06.140+0000] {dagbag.py:545} INFO - Filling up the DagBag from /opt/airflow/dags/main.py
[2026-05-14T20:35:06.231+0000] {processor.py:840} INFO - DAG(s) 'produce_json' retrieved from /opt/airflow/dags/main.py
[2026-05-14T20:35:06.272+0000] {logging_mixin.py:188} INFO - [2026-05-14T20:35:06.271+0000] {dag.py:3096} INFO - Sync 1 DAGs
[2026-05-14T20:35:06.291+0000] {logging_mixin.py:188} INFO - [2026-05-14T20:35:06.291+0000] {dag.py:3954} INFO - Setting next_dagrun for produce_json to None, run_after=None
[2026-05-14T20:35:06.328+0000] {processor.py:183} INFO - Processing /opt/airflow/dags/main.py took 0.205 seconds
[2026-05-14T20:35:36.656+0000] {processor.py:161} INFO - Started process (PID=4733) to work on /opt/airflow/dags/main.py
[2026-05-14T20:35:36.663+0000] {processor.py:830} INFO - Processing file /opt/airflow/dags/main.py for tasks to queue
[2026-05-14T20:35:36.671+0000] {logging_mixin.py:188} INFO - [2026-05-14T20:35:36.670+0000] {dagbag.py:545} INFO - Filling up the DagBag from /opt/airflow/dags/main.py
[2026-05-14T20:35:36.916+0000] {processor.py:840} INFO - DAG(s) 'produce_json' retrieved from /opt/airflow/dags/main.py
[2026-05-14T20:35:36.964+0000] {logging_mixin.py:188} INFO - [2026-05-14T20:35:36.958+0000] {dag.py:3096} INFO - Sync 1 DAGs
[2026-05-14T20:35:37.016+0000] {logging_mixin.py:188} INFO - [2026-05-14T20:35:37.015+0000] {dag.py:3954} INFO - Setting next_dagrun for produce_json to None, run_after=None
[2026-05-14T20:35:37.108+0000] {processor.py:183} INFO - Processing /opt/airflow/dags/main.py took 0.479 seconds
[2026-05-14T20:36:07.220+0000] {processor.py:161} INFO - Started process (PID=4740) to work on /opt/airflow/dags/main.py
[2026-05-14T20:36:07.222+0000] {processor.py:830} INFO - Processing file /opt/airflow/dags/main.py for tasks to queue
[2026-05-14T20:36:07.225+0000] {logging_mixin.py:188} INFO - [2026-05-14T20:36:07.225+0000] {dagbag.py:545} INFO - Filling up the DagBag from /opt/airflow/dags/main.py
[2026-05-14T20:36:07.306+0000] {processor.py:840} INFO - DAG(s) 'produce_json' retrieved from /opt/airflow/dags/main.py
[2026-05-14T20:36:07.342+0000] {logging_mixin.py:188} INFO - [2026-05-14T20:36:07.342+0000] {dag.py:3096} INFO - Sync 1 DAGs
[2026-05-14T20:36:07.362+0000] {logging_mixin.py:188} INFO - [2026-05-14T20:36:07.362+0000] {dag.py:3954} INFO - Setting next_dagrun for produce_json to None, run_after=None
[2026-05-14T20:36:07.399+0000] {processor.py:183} INFO - Processing /opt/airflow/dags/main.py took 0.193 seconds
[2026-05-14T20:36:37.736+0000] {processor.py:161} INFO - Started process (PID=4747) to work on /opt/airflow/dags/main.py
[2026-05-14T20:36:37.740+0000] {processor.py:830} INFO - Processing file /opt/airflow/dags/main.py for tasks to queue
[2026-05-14T20:36:37.748+0000] {logging_mixin.py:188} INFO - [2026-05-14T20:36:37.747+0000] {dagbag.py:545} INFO - Filling up the DagBag from /opt/airflow/dags/main.py
[2026-05-14T20:36:37.934+0000] {processor.py:840} INFO - DAG(s) 'produce_json' retrieved from /opt/airflow/dags/main.py
[2026-05-14T20:36:38.016+0000] {logging_mixin.py:188} INFO - [2026-05-14T20:36:38.016+0000] {dag.py:3096} INFO - Sync 1 DAGs
[2026-05-14T20:36:38.058+0000] {logging_mixin.py:188} INFO - [2026-05-14T20:36:38.057+0000] {dag.py:3954} INFO - Setting next_dagrun for produce_json to None, run_after=None
[2026-05-14T20:36:38.114+0000] {processor.py:183} INFO - Processing /opt/airflow/dags/main.py took 0.404 seconds
[2026-05-14T20:37:08.425+0000] {processor.py:161} INFO - Started process (PID=4754) to work on /opt/airflow/dags/main.py
[2026-05-14T20:37:08.427+0000] {processor.py:830} INFO - Processing file /opt/airflow/dags/main.py for tasks to queue
[2026-05-14T20:37:08.431+0000] {logging_mixin.py:188} INFO - [2026-05-14T20:37:08.430+0000] {dagbag.py:545} INFO - Filling up the DagBag from /opt/airflow/dags/main.py
[2026-05-14T20:37:08.515+0000] {processor.py:840} INFO - DAG(s) 'produce_json' retrieved from /opt/airflow/dags/main.py
[2026-05-14T20:37:08.557+0000] {logging_mixin.py:188} INFO - [2026-05-14T20:37:08.557+0000] {dag.py:3096} INFO - Sync 1 DAGs
[2026-05-14T20:37:08.584+0000] {logging_mixin.py:188} INFO - [2026-05-14T20:37:08.583+0000] {dag.py:3954} INFO - Setting next_dagrun for produce_json to None, run_after=None
[2026-05-14T20:37:08.633+0000] {processor.py:183} INFO - Processing /opt/airflow/dags/main.py took 0.220 seconds
[2026-05-14T20:37:39.037+0000] {processor.py:161} INFO - Started process (PID=4760) to work on /opt/airflow/dags/main.py
[2026-05-14T20:37:39.039+0000] {processor.py:830} INFO - Processing file /opt/airflow/dags/main.py for tasks to queue
[2026-05-14T20:37:39.043+0000] {logging_mixin.py:188} INFO - [2026-05-14T20:37:39.042+0000] {dagbag.py:545} INFO - Filling up the DagBag from /opt/airflow/dags/main.py
[2026-05-14T20:37:39.140+0000] {processor.py:840} INFO - DAG(s) 'produce_json' retrieved from /opt/airflow/dags/main.py
[2026-05-14T20:37:39.176+0000] {logging_mixin.py:188} INFO - [2026-05-14T20:37:39.175+0000] {dag.py:3096} INFO - Sync 1 DAGs
[2026-05-14T20:37:39.197+0000] {logging_mixin.py:188} INFO - [2026-05-14T20:37:39.197+0000] {dag.py:3954} INFO - Setting next_dagrun for produce_json to None, run_after=None
[2026-05-14T20:37:39.241+0000] {processor.py:183} INFO - Processing /opt/airflow/dags/main.py took 0.214 seconds
[2026-05-14T20:38:09.536+0000] {processor.py:161} INFO - Started process (PID=4767) to work on /opt/airflow/dags/main.py
[2026-05-14T20:38:09.538+0000] {processor.py:830} INFO - Processing file /opt/airflow/dags/main.py for tasks to queue
[2026-05-14T20:38:09.543+0000] {logging_mixin.py:188} INFO - [2026-05-14T20:38:09.542+0000] {dagbag.py:545} INFO - Filling up the DagBag from /opt/airflow/dags/main.py
[2026-05-14T20:38:09.680+0000] {processor.py:840} INFO - DAG(s) 'produce_json' retrieved from /opt/airflow/dags/main.py
[2026-05-14T20:38:09.735+0000] {logging_mixin.py:188} INFO - [2026-05-14T20:38:09.730+0000] {dag.py:3096} INFO - Sync 1 DAGs
[2026-05-14T20:38:09.763+0000] {logging_mixin.py:188} INFO - [2026-05-14T20:38:09.763+0000] {dag.py:3954} INFO - Setting next_dagrun for produce_json to None, run_after=None
[2026-05-14T20:38:09.811+0000] {processor.py:183} INFO - Processing /opt/airflow/dags/main.py took 0.287 seconds
[2026-05-14T20:38:40.034+0000] {processor.py:161} INFO - Started process (PID=4774) to work on /opt/airflow/dags/main.py
[2026-05-14T20:38:40.036+0000] {processor.py:830} INFO - Processing file /opt/airflow/dags/main.py for tasks to queue
[2026-05-14T20:38:40.040+0000] {logging_mixin.py:188} INFO - [2026-05-14T20:38:40.039+0000] {dagbag.py:545} INFO - Filling up the DagBag from /opt/airflow/dags/main.py
[2026-05-14T20:38:40.182+0000] {processor.py:840} INFO - DAG(s) 'produce_json' retrieved from /opt/airflow/dags/main.py
[2026-05-14T20:38:40.255+0000] {logging_mixin.py:188} INFO - [2026-05-14T20:38:40.254+0000] {dag.py:3096} INFO - Sync 1 DAGs
[2026-05-14T20:38:40.299+0000] {logging_mixin.py:188} INFO - [2026-05-14T20:38:40.298+0000] {dag.py:3954} INFO - Setting next_dagrun for produce_json to None, run_after=None
[2026-05-14T20:38:40.333+0000] {processor.py:183} INFO - Processing /opt/airflow/dags/main.py took 0.310 seconds
[2026-05-14T20:39:10.815+0000] {processor.py:161} INFO - Started process (PID=4781) to work on /opt/airflow/dags/main.py
[2026-05-14T20:39:10.817+0000] {processor.py:830} INFO - Processing file /opt/airflow/dags/main.py for tasks to queue
[2026-05-14T20:39:10.820+0000] {logging_mixin.py:188} INFO - [2026-05-14T20:39:10.820+0000] {dagbag.py:545} INFO - Filling up the DagBag from /opt/airflow/dags/main.py
[2026-05-14T20:39:10.905+0000] {processor.py:840} INFO - DAG(s) 'produce_json' retrieved from /opt/airflow/dags/main.py
[2026-05-14T20:39:10.937+0000] {logging_mixin.py:188} INFO - [2026-05-14T20:39:10.937+0000] {dag.py:3096} INFO - Sync 1 DAGs
[2026-05-14T20:39:10.957+0000] {logging_mixin.py:188} INFO - [2026-05-14T20:39:10.957+0000] {dag.py:3954} INFO - Setting next_dagrun for produce_json to None, run_after=None
[2026-05-14T20:39:10.991+0000] {processor.py:183} INFO - Processing /opt/airflow/dags/main.py took 0.190 seconds
[2026-05-14T20:39:41.375+0000] {processor.py:161} INFO - Started process (PID=4788) to work on /opt/airflow/dags/main.py
[2026-05-14T20:39:41.391+0000] {processor.py:830} INFO - Processing file /opt/airflow/dags/main.py for tasks to queue
[2026-05-14T20:39:41.401+0000] {logging_mixin.py:188} INFO - [2026-05-14T20:39:41.400+0000] {dagbag.py:545} INFO - Filling up the DagBag from /opt/airflow/dags/main.py
[2026-05-14T20:39:41.746+0000] {processor.py:840} INFO - DAG(s) 'produce_json' retrieved from /opt/airflow/dags/main.py
[2026-05-14T20:39:41.804+0000] {logging_mixin.py:188} INFO - [2026-05-14T20:39:41.803+0000] {dag.py:3096} INFO - Sync 1 DAGs
[2026-05-14T20:39:41.827+0000] {logging_mixin.py:188} INFO - [2026-05-14T20:39:41.826+0000] {dag.py:3954} INFO - Setting next_dagrun for produce_json to None, run_after=None
[2026-05-14T20:39:41.880+0000] {processor.py:183} INFO - Processing /opt/airflow/dags/main.py took 0.525 seconds
[2026-05-14T20:40:13.107+0000] {processor.py:161} INFO - Started process (PID=4795) to work on /opt/airflow/dags/main.py
[2026-05-14T20:40:13.111+0000] {processor.py:830} INFO - Processing file /opt/airflow/dags/main.py for tasks to queue
[2026-05-14T20:40:13.124+0000] {logging_mixin.py:188} INFO - [2026-05-14T20:40:13.123+0000] {dagbag.py:545} INFO - Filling up the DagBag from /opt/airflow/dags/main.py
[2026-05-14T20:40:13.436+0000] {processor.py:840} INFO - DAG(s) 'produce_json' retrieved from /opt/airflow/dags/main.py
[2026-05-14T20:40:13.515+0000] {logging_mixin.py:188} INFO - [2026-05-14T20:40:13.514+0000] {dag.py:3096} INFO - Sync 1 DAGs
[2026-05-14T20:40:13.596+0000] {logging_mixin.py:188} INFO - [2026-05-14T20:40:13.595+0000] {dag.py:3954} INFO - Setting next_dagrun for produce_json to None, run_after=None
[2026-05-14T20:40:13.711+0000] {processor.py:183} INFO - Processing /opt/airflow/dags/main.py took 0.643 seconds
[2026-05-14T20:40:44.561+0000] {processor.py:161} INFO - Started process (PID=4801) to work on /opt/airflow/dags/main.py
[2026-05-14T20:40:44.563+0000] {processor.py:830} INFO - Processing file /opt/airflow/dags/main.py for tasks to queue
[2026-05-14T20:40:44.566+0000] {logging_mixin.py:188} INFO - [2026-05-14T20:40:44.566+0000] {dagbag.py:545} INFO - Filling up the DagBag from /opt/airflow/dags/main.py
[2026-05-14T20:40:44.902+0000] {processor.py:840} INFO - DAG(s) 'produce_json' retrieved from /opt/airflow/dags/main.py
[2026-05-14T20:40:44.985+0000] {logging_mixin.py:188} INFO - [2026-05-14T20:40:44.985+0000] {dag.py:3096} INFO - Sync 1 DAGs
[2026-05-14T20:40:45.035+0000] {logging_mixin.py:188} INFO - [2026-05-14T20:40:45.034+0000] {dag.py:3954} INFO - Setting next_dagrun for produce_json to None, run_after=None
[2026-05-14T20:40:45.094+0000] {processor.py:183} INFO - Processing /opt/airflow/dags/main.py took 0.549 seconds
[2026-05-14T20:41:15.940+0000] {processor.py:161} INFO - Started process (PID=4808) to work on /opt/airflow/dags/main.py
[2026-05-14T20:41:15.943+0000] {processor.py:830} INFO - Processing file /opt/airflow/dags/main.py for tasks to queue
[2026-05-14T20:41:15.947+0000] {logging_mixin.py:188} INFO - [2026-05-14T20:41:15.947+0000] {dagbag.py:545} INFO - Filling up the DagBag from /opt/airflow/dags/main.py
[2026-05-14T20:41:16.079+0000] {processor.py:840} INFO - DAG(s) 'produce_json' retrieved from /opt/airflow/dags/main.py
[2026-05-14T20:41:16.136+0000] {logging_mixin.py:188} INFO - [2026-05-14T20:41:16.136+0000] {dag.py:3096} INFO - Sync 1 DAGs
[2026-05-14T20:41:16.182+0000] {logging_mixin.py:188} INFO - [2026-05-14T20:41:16.182+0000] {dag.py:3954} INFO - Setting next_dagrun for produce_json to None, run_after=None
[2026-05-14T20:41:16.240+0000] {processor.py:183} INFO - Processing /opt/airflow/dags/main.py took 0.323 seconds
[2026-05-14T20:41:46.686+0000] {processor.py:161} INFO - Started process (PID=4815) to work on /opt/airflow/dags/main.py
[2026-05-14T20:41:46.694+0000] {processor.py:830} INFO - Processing file /opt/airflow/dags/main.py for tasks to queue
[2026-05-14T20:41:46.699+0000] {logging_mixin.py:188} INFO - [2026-05-14T20:41:46.698+0000] {dagbag.py:545} INFO - Filling up the DagBag from /opt/airflow/dags/main.py
[2026-05-14T20:41:46.860+0000] {processor.py:840} INFO - DAG(s) 'produce_json' retrieved from /opt/airflow/dags/main.py
[2026-05-14T20:41:46.915+0000] {logging_mixin.py:188} INFO - [2026-05-14T20:41:46.915+0000] {dag.py:3096} INFO - Sync 1 DAGs
[2026-05-14T20:41:46.952+0000] {logging_mixin.py:188} INFO - [2026-05-14T20:41:46.951+0000] {dag.py:3954} INFO - Setting next_dagrun for produce_json to None, run_after=None
[2026-05-14T20:41:47.012+0000] {processor.py:183} INFO - Processing /opt/airflow/dags/main.py took 0.340 seconds
[2026-05-14T20:42:17.107+0000] {processor.py:161} INFO - Started process (PID=4829) to work on /opt/airflow/dags/main.py
[2026-05-14T20:42:17.109+0000] {processor.py:830} INFO - Processing file /opt/airflow/dags/main.py for tasks to queue
[2026-05-14T20:42:17.112+0000] {logging_mixin.py:188} INFO - [2026-05-14T20:42:17.111+0000] {dagbag.py:545} INFO - Filling up the DagBag from /opt/airflow/dags/main.py
[2026-05-14T20:42:17.200+0000] {processor.py:840} INFO - DAG(s) 'produce_json' retrieved from /opt/airflow/dags/main.py
[2026-05-14T20:42:17.237+0000] {logging_mixin.py:188} INFO - [2026-05-14T20:42:17.237+0000] {dag.py:3096} INFO - Sync 1 DAGs
[2026-05-14T20:42:17.258+0000] {logging_mixin.py:188} INFO - [2026-05-14T20:42:17.258+0000] {dag.py:3954} INFO - Setting next_dagrun for produce_json to None, run_after=None
[2026-05-14T20:42:17.293+0000] {processor.py:183} INFO - Processing /opt/airflow/dags/main.py took 0.197 seconds
[2026-05-14T20:42:47.612+0000] {processor.py:161} INFO - Started process (PID=4836) to work on /opt/airflow/dags/main.py
[2026-05-14T20:42:47.614+0000] {processor.py:830} INFO - Processing file /opt/airflow/dags/main.py for tasks to queue
[2026-05-14T20:42:47.617+0000] {logging_mixin.py:188} INFO - [2026-05-14T20:42:47.617+0000] {dagbag.py:545} INFO - Filling up the DagBag from /opt/airflow/dags/main.py
[2026-05-14T20:42:47.699+0000] {processor.py:840} INFO - DAG(s) 'produce_json' retrieved from /opt/airflow/dags/main.py
[2026-05-14T20:42:47.734+0000] {logging_mixin.py:188} INFO - [2026-05-14T20:42:47.733+0000] {dag.py:3096} INFO - Sync 1 DAGs
[2026-05-14T20:42:47.753+0000] {logging_mixin.py:188} INFO - [2026-05-14T20:42:47.752+0000] {dag.py:3954} INFO - Setting next_dagrun for produce_json to None, run_after=None
[2026-05-14T20:42:47.791+0000] {processor.py:183} INFO - Processing /opt/airflow/dags/main.py took 0.189 seconds
[2026-05-14T20:43:18.163+0000] {processor.py:161} INFO - Started process (PID=4843) to work on /opt/airflow/dags/main.py
[2026-05-14T20:43:18.167+0000] {processor.py:830} INFO - Processing file /opt/airflow/dags/main.py for tasks to queue
[2026-05-14T20:43:18.174+0000] {logging_mixin.py:188} INFO - [2026-05-14T20:43:18.173+0000] {dagbag.py:545} INFO - Filling up the DagBag from /opt/airflow/dags/main.py
[2026-05-14T20:43:18.319+0000] {processor.py:840} INFO - DAG(s) 'produce_json' retrieved from /opt/airflow/dags/main.py
[2026-05-14T20:43:18.374+0000] {logging_mixin.py:188} INFO - [2026-05-14T20:43:18.373+0000] {dag.py:3096} INFO - Sync 1 DAGs
[2026-05-14T20:43:18.447+0000] {logging_mixin.py:188} INFO - [2026-05-14T20:43:18.439+0000] {dag.py:3954} INFO - Setting next_dagrun for produce_json to None, run_after=None
[2026-05-14T20:43:18.532+0000] {processor.py:183} INFO - Processing /opt/airflow/dags/main.py took 0.385 seconds
[2026-05-14T20:43:48.996+0000] {processor.py:161} INFO - Started process (PID=4850) to work on /opt/airflow/dags/main.py
[2026-05-14T20:43:48.998+0000] {processor.py:830} INFO - Processing file /opt/airflow/dags/main.py for tasks to queue
[2026-05-14T20:43:49.001+0000] {logging_mixin.py:188} INFO - [2026-05-14T20:43:49.001+0000] {dagbag.py:545} INFO - Filling up the DagBag from /opt/airflow/dags/main.py
[2026-05-14T20:43:49.121+0000] {processor.py:840} INFO - DAG(s) 'produce_json' retrieved from /opt/airflow/dags/main.py
[2026-05-14T20:43:49.168+0000] {logging_mixin.py:188} INFO - [2026-05-14T20:43:49.168+0000] {dag.py:3096} INFO - Sync 1 DAGs
[2026-05-14T20:43:49.196+0000] {logging_mixin.py:188} INFO - [2026-05-14T20:43:49.195+0000] {dag.py:3954} INFO - Setting next_dagrun for produce_json to None, run_after=None
[2026-05-14T20:43:49.251+0000] {processor.py:183} INFO - Processing /opt/airflow/dags/main.py took 0.271 seconds
[2026-05-14T20:44:19.378+0000] {processor.py:161} INFO - Started process (PID=4858) to work on /opt/airflow/dags/main.py
[2026-05-14T20:44:19.381+0000] {processor.py:830} INFO - Processing file /opt/airflow/dags/main.py for tasks to queue
[2026-05-14T20:44:19.384+0000] {logging_mixin.py:188} INFO - [2026-05-14T20:44:19.383+0000] {dagbag.py:545} INFO - Filling up the DagBag from /opt/airflow/dags/main.py
[2026-05-14T20:44:19.484+0000] {processor.py:840} INFO - DAG(s) 'produce_json' retrieved from /opt/airflow/dags/main.py
[2026-05-14T20:44:19.527+0000] {logging_mixin.py:188} INFO - [2026-05-14T20:44:19.526+0000] {dag.py:3096} INFO - Sync 1 DAGs
[2026-05-14T20:44:19.547+0000] {logging_mixin.py:188} INFO - [2026-05-14T20:44:19.546+0000] {dag.py:3954} INFO - Setting next_dagrun for produce_json to None, run_after=None
[2026-05-14T20:44:19.610+0000] {processor.py:183} INFO - Processing /opt/airflow/dags/main.py took 0.246 seconds
[2026-05-14T20:44:50.171+0000] {processor.py:161} INFO - Started process (PID=4865) to work on /opt/airflow/dags/main.py
[2026-05-14T20:44:50.173+0000] {processor.py:830} INFO - Processing file /opt/airflow/dags/main.py for tasks to queue
[2026-05-14T20:44:50.185+0000] {logging_mixin.py:188} INFO - [2026-05-14T20:44:50.184+0000] {dagbag.py:545} INFO - Filling up the DagBag from /opt/airflow/dags/main.py
[2026-05-14T20:44:50.370+0000] {processor.py:840} INFO - DAG(s) 'produce_json' retrieved from /opt/airflow/dags/main.py
[2026-05-14T20:44:50.433+0000] {logging_mixin.py:188} INFO - [2026-05-14T20:44:50.433+0000] {dag.py:3096} INFO - Sync 1 DAGs
[2026-05-14T20:44:50.484+0000] {logging_mixin.py:188} INFO - [2026-05-14T20:44:50.483+0000] {dag.py:3954} INFO - Setting next_dagrun for produce_json to None, run_after=None
[2026-05-14T20:44:50.568+0000] {processor.py:183} INFO - Processing /opt/airflow/dags/main.py took 0.411 seconds
[2026-05-14T20:45:21.305+0000] {processor.py:161} INFO - Started process (PID=4872) to work on /opt/airflow/dags/main.py
[2026-05-14T20:45:21.307+0000] {processor.py:830} INFO - Processing file /opt/airflow/dags/main.py for tasks to queue
[2026-05-14T20:45:21.311+0000] {logging_mixin.py:188} INFO - [2026-05-14T20:45:21.310+0000] {dagbag.py:545} INFO - Filling up the DagBag from /opt/airflow/dags/main.py
[2026-05-14T20:45:21.395+0000] {processor.py:840} INFO - DAG(s) 'produce_json' retrieved from /opt/airflow/dags/main.py
[2026-05-14T20:45:21.433+0000] {logging_mixin.py:188} INFO - [2026-05-14T20:45:21.433+0000] {dag.py:3096} INFO - Sync 1 DAGs
[2026-05-14T20:45:21.454+0000] {logging_mixin.py:188} INFO - [2026-05-14T20:45:21.453+0000] {dag.py:3954} INFO - Setting next_dagrun for produce_json to None, run_after=None
[2026-05-14T20:45:21.493+0000] {processor.py:183} INFO - Processing /opt/airflow/dags/main.py took 0.206 seconds
[2026-05-14T20:45:51.981+0000] {processor.py:161} INFO - Started process (PID=4879) to work on /opt/airflow/dags/main.py
[2026-05-14T20:45:51.983+0000] {processor.py:830} INFO - Processing file /opt/airflow/dags/main.py for tasks to queue
[2026-05-14T20:45:51.990+0000] {logging_mixin.py:188} INFO - [2026-05-14T20:45:51.989+0000] {dagbag.py:545} INFO - Filling up the DagBag from /opt/airflow/dags/main.py
[2026-05-14T20:45:52.081+0000] {processor.py:840} INFO - DAG(s) 'produce_json' retrieved from /opt/airflow/dags/main.py
[2026-05-14T20:45:52.122+0000] {logging_mixin.py:188} INFO - [2026-05-14T20:45:52.121+0000] {dag.py:3096} INFO - Sync 1 DAGs
[2026-05-14T20:45:52.141+0000] {logging_mixin.py:188} INFO - [2026-05-14T20:45:52.141+0000] {dag.py:3954} INFO - Setting next_dagrun for produce_json to None, run_after=None
[2026-05-14T20:45:52.175+0000] {processor.py:183} INFO - Processing /opt/airflow/dags/main.py took 0.208 seconds
[2026-05-14T20:46:22.689+0000] {processor.py:161} INFO - Started process (PID=4886) to work on /opt/airflow/dags/main.py
[2026-05-14T20:46:22.693+0000] {processor.py:830} INFO - Processing file /opt/airflow/dags/main.py for tasks to queue
[2026-05-14T20:46:22.697+0000] {logging_mixin.py:188} INFO - [2026-05-14T20:46:22.696+0000] {dagbag.py:545} INFO - Filling up the DagBag from /opt/airflow/dags/main.py
[2026-05-14T20:46:22.813+0000] {processor.py:840} INFO - DAG(s) 'produce_json' retrieved from /opt/airflow/dags/main.py
[2026-05-14T20:46:22.850+0000] {logging_mixin.py:188} INFO - [2026-05-14T20:46:22.850+0000] {dag.py:3096} INFO - Sync 1 DAGs
[2026-05-14T20:46:22.870+0000] {logging_mixin.py:188} INFO - [2026-05-14T20:46:22.870+0000] {dag.py:3954} INFO - Setting next_dagrun for produce_json to None, run_after=None
[2026-05-14T20:46:22.906+0000] {processor.py:183} INFO - Processing /opt/airflow/dags/main.py took 0.232 seconds
[2026-05-14T20:46:53.168+0000] {processor.py:161} INFO - Started process (PID=4893) to work on /opt/airflow/dags/main.py
[2026-05-14T20:46:53.171+0000] {processor.py:830} INFO - Processing file /opt/airflow/dags/main.py for tasks to queue
[2026-05-14T20:46:53.175+0000] {logging_mixin.py:188} INFO - [2026-05-14T20:46:53.174+0000] {dagbag.py:545} INFO - Filling up the DagBag from /opt/airflow/dags/main.py
[2026-05-14T20:46:53.290+0000] {processor.py:840} INFO - DAG(s) 'produce_json' retrieved from /opt/airflow/dags/main.py
[2026-05-14T20:46:53.328+0000] {logging_mixin.py:188} INFO - [2026-05-14T20:46:53.327+0000] {dag.py:3096} INFO - Sync 1 DAGs
[2026-05-14T20:46:53.347+0000] {logging_mixin.py:188} INFO - [2026-05-14T20:46:53.347+0000] {dag.py:3954} INFO - Setting next_dagrun for produce_json to None, run_after=None
[2026-05-14T20:46:53.390+0000] {processor.py:183} INFO - Processing /opt/airflow/dags/main.py took 0.236 seconds
[2026-05-14T20:47:23.961+0000] {processor.py:161} INFO - Started process (PID=4901) to work on /opt/airflow/dags/main.py
[2026-05-14T20:47:23.963+0000] {processor.py:830} INFO - Processing file /opt/airflow/dags/main.py for tasks to queue
[2026-05-14T20:47:23.968+0000] {logging_mixin.py:188} INFO - [2026-05-14T20:47:23.968+0000] {dagbag.py:545} INFO - Filling up the DagBag from /opt/airflow/dags/main.py
[2026-05-14T20:47:24.095+0000] {processor.py:840} INFO - DAG(s) 'produce_json' retrieved from /opt/airflow/dags/main.py
[2026-05-14T20:47:24.135+0000] {logging_mixin.py:188} INFO - [2026-05-14T20:47:24.134+0000] {dag.py:3096} INFO - Sync 1 DAGs
[2026-05-14T20:47:24.158+0000] {logging_mixin.py:188} INFO - [2026-05-14T20:47:24.158+0000] {dag.py:3954} INFO - Setting next_dagrun for produce_json to None, run_after=None
[2026-05-14T20:47:24.203+0000] {processor.py:183} INFO - Processing /opt/airflow/dags/main.py took 0.257 seconds
[2026-05-14T20:47:54.882+0000] {processor.py:161} INFO - Started process (PID=4908) to work on /opt/airflow/dags/main.py
[2026-05-14T20:47:54.887+0000] {processor.py:830} INFO - Processing file /opt/airflow/dags/main.py for tasks to queue
[2026-05-14T20:47:54.893+0000] {logging_mixin.py:188} INFO - [2026-05-14T20:47:54.892+0000] {dagbag.py:545} INFO - Filling up the DagBag from /opt/airflow/dags/main.py
[2026-05-14T20:47:54.990+0000] {processor.py:840} INFO - DAG(s) 'produce_json' retrieved from /opt/airflow/dags/main.py
[2026-05-14T20:47:55.039+0000] {logging_mixin.py:188} INFO - [2026-05-14T20:47:55.039+0000] {dag.py:3096} INFO - Sync 1 DAGs
[2026-05-14T20:47:55.084+0000] {logging_mixin.py:188} INFO - [2026-05-14T20:47:55.082+0000] {dag.py:3954} INFO - Setting next_dagrun for produce_json to None, run_after=None
[2026-05-14T20:47:55.165+0000] {processor.py:183} INFO - Processing /opt/airflow/dags/main.py took 0.301 seconds
[2026-05-14T20:48:25.373+0000] {processor.py:161} INFO - Started process (PID=4915) to work on /opt/airflow/dags/main.py
[2026-05-14T20:48:25.376+0000] {processor.py:830} INFO - Processing file /opt/airflow/dags/main.py for tasks to queue
[2026-05-14T20:48:25.382+0000] {logging_mixin.py:188} INFO - [2026-05-14T20:48:25.381+0000] {dagbag.py:545} INFO - Filling up the DagBag from /opt/airflow/dags/main.py
[2026-05-14T20:48:25.482+0000] {processor.py:840} INFO - DAG(s) 'produce_json' retrieved from /opt/airflow/dags/main.py
[2026-05-14T20:48:25.532+0000] {logging_mixin.py:188} INFO - [2026-05-14T20:48:25.532+0000] {dag.py:3096} INFO - Sync 1 DAGs
[2026-05-14T20:48:25.562+0000] {logging_mixin.py:188} INFO - [2026-05-14T20:48:25.561+0000] {dag.py:3954} INFO - Setting next_dagrun for produce_json to None, run_after=None
[2026-05-14T20:48:25.610+0000] {processor.py:183} INFO - Processing /opt/airflow/dags/main.py took 0.257 seconds
[2026-05-14T20:48:56.159+0000] {processor.py:161} INFO - Started process (PID=4922) to work on /opt/airflow/dags/main.py
[2026-05-14T20:48:56.162+0000] {processor.py:830} INFO - Processing file /opt/airflow/dags/main.py for tasks to queue
[2026-05-14T20:48:56.167+0000] {logging_mixin.py:188} INFO - [2026-05-14T20:48:56.166+0000] {dagbag.py:545} INFO - Filling up the DagBag from /opt/airflow/dags/main.py
[2026-05-14T20:48:56.289+0000] {processor.py:840} INFO - DAG(s) 'produce_json' retrieved from /opt/airflow/dags/main.py
[2026-05-14T20:48:56.371+0000] {logging_mixin.py:188} INFO - [2026-05-14T20:48:56.370+0000] {dag.py:3096} INFO - Sync 1 DAGs
[2026-05-14T20:48:56.407+0000] {logging_mixin.py:188} INFO - [2026-05-14T20:48:56.406+0000] {dag.py:3954} INFO - Setting next_dagrun for produce_json to None, run_after=None
[2026-05-14T20:48:56.489+0000] {processor.py:183} INFO - Processing /opt/airflow/dags/main.py took 0.344 seconds
[2026-05-14T20:49:26.682+0000] {processor.py:161} INFO - Started process (PID=4929) to work on /opt/airflow/dags/main.py
[2026-05-14T20:49:26.687+0000] {processor.py:830} INFO - Processing file /opt/airflow/dags/main.py for tasks to queue
[2026-05-14T20:49:26.693+0000] {logging_mixin.py:188} INFO - [2026-05-14T20:49:26.692+0000] {dagbag.py:545} INFO - Filling up the DagBag from /opt/airflow/dags/main.py
[2026-05-14T20:49:26.826+0000] {processor.py:840} INFO - DAG(s) 'produce_json' retrieved from /opt/airflow/dags/main.py
[2026-05-14T20:49:26.884+0000] {logging_mixin.py:188} INFO - [2026-05-14T20:49:26.883+0000] {dag.py:3096} INFO - Sync 1 DAGs
[2026-05-14T20:49:26.907+0000] {logging_mixin.py:188} INFO - [2026-05-14T20:49:26.907+0000] {dag.py:3954} INFO - Setting next_dagrun for produce_json to None, run_after=None
[2026-05-14T20:49:26.944+0000] {processor.py:183} INFO - Processing /opt/airflow/dags/main.py took 0.284 seconds
[2026-05-14T20:49:57.285+0000] {processor.py:161} INFO - Started process (PID=4936) to work on /opt/airflow/dags/main.py
[2026-05-14T20:49:57.287+0000] {processor.py:830} INFO - Processing file /opt/airflow/dags/main.py for tasks to queue
[2026-05-14T20:49:57.290+0000] {logging_mixin.py:188} INFO - [2026-05-14T20:49:57.290+0000] {dagbag.py:545} INFO - Filling up the DagBag from /opt/airflow/dags/main.py
[2026-05-14T20:49:57.413+0000] {processor.py:840} INFO - DAG(s) 'produce_json' retrieved from /opt/airflow/dags/main.py
[2026-05-14T20:49:57.457+0000] {logging_mixin.py:188} INFO - [2026-05-14T20:49:57.456+0000] {dag.py:3096} INFO - Sync 1 DAGs
[2026-05-14T20:49:57.474+0000] {logging_mixin.py:188} INFO - [2026-05-14T20:49:57.474+0000] {dag.py:3954} INFO - Setting next_dagrun for produce_json to None, run_after=None
[2026-05-14T20:49:57.506+0000] {processor.py:183} INFO - Processing /opt/airflow/dags/main.py took 0.234 seconds
[2026-05-14T20:50:27.865+0000] {processor.py:161} INFO - Started process (PID=4943) to work on /opt/airflow/dags/main.py
[2026-05-14T20:50:27.867+0000] {processor.py:830} INFO - Processing file /opt/airflow/dags/main.py for tasks to queue
[2026-05-14T20:50:27.871+0000] {logging_mixin.py:188} INFO - [2026-05-14T20:50:27.870+0000] {dagbag.py:545} INFO - Filling up the DagBag from /opt/airflow/dags/main.py
[2026-05-14T20:50:27.993+0000] {processor.py:840} INFO - DAG(s) 'produce_json' retrieved from /opt/airflow/dags/main.py
[2026-05-14T20:50:28.043+0000] {logging_mixin.py:188} INFO - [2026-05-14T20:50:28.042+0000] {dag.py:3096} INFO - Sync 1 DAGs
[2026-05-14T20:50:28.077+0000] {logging_mixin.py:188} INFO - [2026-05-14T20:50:28.076+0000] {dag.py:3954} INFO - Setting next_dagrun for produce_json to None, run_after=None
[2026-05-14T20:50:28.183+0000] {processor.py:183} INFO - Processing /opt/airflow/dags/main.py took 0.335 seconds
[2026-05-14T20:50:59.224+0000] {processor.py:161} INFO - Started process (PID=4950) to work on /opt/airflow/dags/main.py
[2026-05-14T20:50:59.230+0000] {processor.py:830} INFO - Processing file /opt/airflow/dags/main.py for tasks to queue
[2026-05-14T20:50:59.235+0000] {logging_mixin.py:188} INFO - [2026-05-14T20:50:59.234+0000] {dagbag.py:545} INFO - Filling up the DagBag from /opt/airflow/dags/main.py
[2026-05-14T20:50:59.596+0000] {processor.py:840} INFO - DAG(s) 'produce_json' retrieved from /opt/airflow/dags/main.py
[2026-05-14T20:50:59.650+0000] {logging_mixin.py:188} INFO - [2026-05-14T20:50:59.650+0000] {dag.py:3096} INFO - Sync 1 DAGs
[2026-05-14T20:50:59.701+0000] {logging_mixin.py:188} INFO - [2026-05-14T20:50:59.700+0000] {dag.py:3954} INFO - Setting next_dagrun for produce_json to None, run_after=None
[2026-05-14T20:50:59.756+0000] {processor.py:183} INFO - Processing /opt/airflow/dags/main.py took 0.548 seconds
[2026-05-14T20:51:30.352+0000] {processor.py:161} INFO - Started process (PID=4957) to work on /opt/airflow/dags/main.py
[2026-05-14T20:51:30.356+0000] {processor.py:830} INFO - Processing file /opt/airflow/dags/main.py for tasks to queue
[2026-05-14T20:51:30.361+0000] {logging_mixin.py:188} INFO - [2026-05-14T20:51:30.360+0000] {dagbag.py:545} INFO - Filling up the DagBag from /opt/airflow/dags/main.py
[2026-05-14T20:51:30.530+0000] {processor.py:840} INFO - DAG(s) 'produce_json' retrieved from /opt/airflow/dags/main.py
[2026-05-14T20:51:30.578+0000] {logging_mixin.py:188} INFO - [2026-05-14T20:51:30.578+0000] {dag.py:3096} INFO - Sync 1 DAGs
[2026-05-14T20:51:30.598+0000] {logging_mixin.py:188} INFO - [2026-05-14T20:51:30.598+0000] {dag.py:3954} INFO - Setting next_dagrun for produce_json to None, run_after=None
[2026-05-14T20:51:30.629+0000] {processor.py:183} INFO - Processing /opt/airflow/dags/main.py took 0.314 seconds
[2026-05-14T20:52:00.937+0000] {processor.py:161} INFO - Started process (PID=4964) to work on /opt/airflow/dags/main.py
[2026-05-14T20:52:00.939+0000] {processor.py:830} INFO - Processing file /opt/airflow/dags/main.py for tasks to queue
[2026-05-14T20:52:00.942+0000] {logging_mixin.py:188} INFO - [2026-05-14T20:52:00.942+0000] {dagbag.py:545} INFO - Filling up the DagBag from /opt/airflow/dags/main.py
[2026-05-14T20:52:01.083+0000] {processor.py:840} INFO - DAG(s) 'produce_json' retrieved from /opt/airflow/dags/main.py
[2026-05-14T20:52:01.150+0000] {logging_mixin.py:188} INFO - [2026-05-14T20:52:01.149+0000] {dag.py:3096} INFO - Sync 1 DAGs
[2026-05-14T20:52:01.201+0000] {logging_mixin.py:188} INFO - [2026-05-14T20:52:01.201+0000] {dag.py:3954} INFO - Setting next_dagrun for produce_json to None, run_after=None
[2026-05-14T20:52:01.274+0000] {processor.py:183} INFO - Processing /opt/airflow/dags/main.py took 0.350 seconds
[2026-05-14T20:52:31.588+0000] {processor.py:161} INFO - Started process (PID=4971) to work on /opt/airflow/dags/main.py
[2026-05-14T20:52:31.606+0000] {processor.py:830} INFO - Processing file /opt/airflow/dags/main.py for tasks to queue
[2026-05-14T20:52:31.625+0000] {logging_mixin.py:188} INFO - [2026-05-14T20:52:31.621+0000] {dagbag.py:545} INFO - Filling up the DagBag from /opt/airflow/dags/main.py
[2026-05-14T20:52:32.108+0000] {processor.py:840} INFO - DAG(s) 'produce_json' retrieved from /opt/airflow/dags/main.py
[2026-05-14T20:52:32.335+0000] {logging_mixin.py:188} INFO - [2026-05-14T20:52:32.334+0000] {dag.py:3096} INFO - Sync 1 DAGs
[2026-05-14T20:52:32.435+0000] {logging_mixin.py:188} INFO - [2026-05-14T20:52:32.434+0000] {dag.py:3954} INFO - Setting next_dagrun for produce_json to None, run_after=None
[2026-05-14T20:52:32.533+0000] {processor.py:183} INFO - Processing /opt/airflow/dags/main.py took 0.997 seconds
[2026-05-14T20:53:03.223+0000] {processor.py:161} INFO - Started process (PID=4978) to work on /opt/airflow/dags/main.py
[2026-05-14T20:53:03.226+0000] {processor.py:830} INFO - Processing file /opt/airflow/dags/main.py for tasks to queue
[2026-05-14T20:53:03.230+0000] {logging_mixin.py:188} INFO - [2026-05-14T20:53:03.230+0000] {dagbag.py:545} INFO - Filling up the DagBag from /opt/airflow/dags/main.py
[2026-05-14T20:53:03.362+0000] {processor.py:840} INFO - DAG(s) 'produce_json' retrieved from /opt/airflow/dags/main.py
[2026-05-14T20:53:03.435+0000] {logging_mixin.py:188} INFO - [2026-05-14T20:53:03.434+0000] {dag.py:3096} INFO - Sync 1 DAGs
[2026-05-14T20:53:03.473+0000] {logging_mixin.py:188} INFO - [2026-05-14T20:53:03.469+0000] {dag.py:3954} INFO - Setting next_dagrun for produce_json to None, run_after=None
[2026-05-14T20:53:03.556+0000] {processor.py:183} INFO - Processing /opt/airflow/dags/main.py took 0.353 seconds
[2026-05-14T20:53:33.927+0000] {processor.py:161} INFO - Started process (PID=4985) to work on /opt/airflow/dags/main.py
[2026-05-14T20:53:33.930+0000] {processor.py:830} INFO - Processing file /opt/airflow/dags/main.py for tasks to queue
[2026-05-14T20:53:33.935+0000] {logging_mixin.py:188} INFO - [2026-05-14T20:53:33.934+0000] {dagbag.py:545} INFO - Filling up the DagBag from /opt/airflow/dags/main.py
[2026-05-14T20:53:34.038+0000] {processor.py:840} INFO - DAG(s) 'produce_json' retrieved from /opt/airflow/dags/main.py
[2026-05-14T20:53:34.074+0000] {logging_mixin.py:188} INFO - [2026-05-14T20:53:34.073+0000] {dag.py:3096} INFO - Sync 1 DAGs
[2026-05-14T20:53:34.094+0000] {logging_mixin.py:188} INFO - [2026-05-14T20:53:34.094+0000] {dag.py:3954} INFO - Setting next_dagrun for produce_json to None, run_after=None
[2026-05-14T20:53:34.140+0000] {processor.py:183} INFO - Processing /opt/airflow/dags/main.py took 0.230 seconds
[2026-05-14T20:54:04.851+0000] {processor.py:161} INFO - Started process (PID=4992) to work on /opt/airflow/dags/main.py
[2026-05-14T20:54:04.862+0000] {processor.py:830} INFO - Processing file /opt/airflow/dags/main.py for tasks to queue
[2026-05-14T20:54:04.870+0000] {logging_mixin.py:188} INFO - [2026-05-14T20:54:04.869+0000] {dagbag.py:545} INFO - Filling up the DagBag from /opt/airflow/dags/main.py
[2026-05-14T20:54:05.032+0000] {processor.py:840} INFO - DAG(s) 'produce_json' retrieved from /opt/airflow/dags/main.py
[2026-05-14T20:54:05.081+0000] {logging_mixin.py:188} INFO - [2026-05-14T20:54:05.081+0000] {dag.py:3096} INFO - Sync 1 DAGs
[2026-05-14T20:54:05.110+0000] {logging_mixin.py:188} INFO - [2026-05-14T20:54:05.110+0000] {dag.py:3954} INFO - Setting next_dagrun for produce_json to None, run_after=None
[2026-05-14T20:54:05.154+0000] {processor.py:183} INFO - Processing /opt/airflow/dags/main.py took 0.338 seconds
[2026-05-14T20:54:35.771+0000] {processor.py:161} INFO - Started process (PID=4998) to work on /opt/airflow/dags/main.py
[2026-05-14T20:54:35.774+0000] {processor.py:830} INFO - Processing file /opt/airflow/dags/main.py for tasks to queue
[2026-05-14T20:54:35.780+0000] {logging_mixin.py:188} INFO - [2026-05-14T20:54:35.779+0000] {dagbag.py:545} INFO - Filling up the DagBag from /opt/airflow/dags/main.py
[2026-05-14T20:54:35.903+0000] {processor.py:840} INFO - DAG(s) 'produce_json' retrieved from /opt/airflow/dags/main.py
[2026-05-14T20:54:35.972+0000] {logging_mixin.py:188} INFO - [2026-05-14T20:54:35.970+0000] {dag.py:3096} INFO - Sync 1 DAGs
[2026-05-14T20:54:35.998+0000] {logging_mixin.py:188} INFO - [2026-05-14T20:54:35.998+0000] {dag.py:3954} INFO - Setting next_dagrun for produce_json to None, run_after=None
[2026-05-14T20:54:36.043+0000] {processor.py:183} INFO - Processing /opt/airflow/dags/main.py took 0.290 seconds
[2026-05-14T20:55:06.706+0000] {processor.py:161} INFO - Started process (PID=5005) to work on /opt/airflow/dags/main.py
[2026-05-14T20:55:06.708+0000] {processor.py:830} INFO - Processing file /opt/airflow/dags/main.py for tasks to queue
[2026-05-14T20:55:06.713+0000] {logging_mixin.py:188} INFO - [2026-05-14T20:55:06.712+0000] {dagbag.py:545} INFO - Filling up the DagBag from /opt/airflow/dags/main.py
[2026-05-14T20:55:06.802+0000] {processor.py:840} INFO - DAG(s) 'produce_json' retrieved from /opt/airflow/dags/main.py
[2026-05-14T20:55:06.837+0000] {logging_mixin.py:188} INFO - [2026-05-14T20:55:06.836+0000] {dag.py:3096} INFO - Sync 1 DAGs
[2026-05-14T20:55:06.854+0000] {logging_mixin.py:188} INFO - [2026-05-14T20:55:06.854+0000] {dag.py:3954} INFO - Setting next_dagrun for produce_json to None, run_after=None
[2026-05-14T20:55:06.893+0000] {processor.py:183} INFO - Processing /opt/airflow/dags/main.py took 0.201 seconds
[2026-05-14T20:55:37.121+0000] {processor.py:161} INFO - Started process (PID=5012) to work on /opt/airflow/dags/main.py
[2026-05-14T20:55:37.123+0000] {processor.py:830} INFO - Processing file /opt/airflow/dags/main.py for tasks to queue
[2026-05-14T20:55:37.133+0000] {logging_mixin.py:188} INFO - [2026-05-14T20:55:37.132+0000] {dagbag.py:545} INFO - Filling up the DagBag from /opt/airflow/dags/main.py
[2026-05-14T20:55:37.230+0000] {processor.py:840} INFO - DAG(s) 'produce_json' retrieved from /opt/airflow/dags/main.py
[2026-05-14T20:55:37.264+0000] {logging_mixin.py:188} INFO - [2026-05-14T20:55:37.264+0000] {dag.py:3096} INFO - Sync 1 DAGs
[2026-05-14T20:55:37.283+0000] {logging_mixin.py:188} INFO - [2026-05-14T20:55:37.283+0000] {dag.py:3954} INFO - Setting next_dagrun for produce_json to None, run_after=None
[2026-05-14T20:55:37.320+0000] {processor.py:183} INFO - Processing /opt/airflow/dags/main.py took 0.215 seconds
[2026-05-14T20:56:07.633+0000] {processor.py:161} INFO - Started process (PID=5020) to work on /opt/airflow/dags/main.py
[2026-05-14T20:56:07.635+0000] {processor.py:830} INFO - Processing file /opt/airflow/dags/main.py for tasks to queue
[2026-05-14T20:56:07.641+0000] {logging_mixin.py:188} INFO - [2026-05-14T20:56:07.640+0000] {dagbag.py:545} INFO - Filling up the DagBag from /opt/airflow/dags/main.py
[2026-05-14T20:56:07.755+0000] {processor.py:840} INFO - DAG(s) 'produce_json' retrieved from /opt/airflow/dags/main.py
[2026-05-14T20:56:07.793+0000] {logging_mixin.py:188} INFO - [2026-05-14T20:56:07.793+0000] {dag.py:3096} INFO - Sync 1 DAGs
[2026-05-14T20:56:07.811+0000] {logging_mixin.py:188} INFO - [2026-05-14T20:56:07.811+0000] {dag.py:3954} INFO - Setting next_dagrun for produce_json to None, run_after=None
[2026-05-14T20:56:07.841+0000] {processor.py:183} INFO - Processing /opt/airflow/dags/main.py took 0.224 seconds
[2026-05-14T20:56:38.111+0000] {processor.py:161} INFO - Started process (PID=5026) to work on /opt/airflow/dags/main.py
[2026-05-14T20:56:38.113+0000] {processor.py:830} INFO - Processing file /opt/airflow/dags/main.py for tasks to queue
[2026-05-14T20:56:38.118+0000] {logging_mixin.py:188} INFO - [2026-05-14T20:56:38.118+0000] {dagbag.py:545} INFO - Filling up the DagBag from /opt/airflow/dags/main.py
[2026-05-14T20:56:38.231+0000] {processor.py:840} INFO - DAG(s) 'produce_json' retrieved from /opt/airflow/dags/main.py
[2026-05-14T20:56:38.270+0000] {logging_mixin.py:188} INFO - [2026-05-14T20:56:38.270+0000] {dag.py:3096} INFO - Sync 1 DAGs
[2026-05-14T20:56:38.293+0000] {logging_mixin.py:188} INFO - [2026-05-14T20:56:38.292+0000] {dag.py:3954} INFO - Setting next_dagrun for produce_json to None, run_after=None
[2026-05-14T20:56:38.325+0000] {processor.py:183} INFO - Processing /opt/airflow/dags/main.py took 0.238 seconds
[2026-05-14T20:57:08.620+0000] {processor.py:161} INFO - Started process (PID=5033) to work on /opt/airflow/dags/main.py
[2026-05-14T20:57:08.622+0000] {processor.py:830} INFO - Processing file /opt/airflow/dags/main.py for tasks to queue
[2026-05-14T20:57:08.626+0000] {logging_mixin.py:188} INFO - [2026-05-14T20:57:08.625+0000] {dagbag.py:545} INFO - Filling up the DagBag from /opt/airflow/dags/main.py
[2026-05-14T20:57:08.734+0000] {processor.py:840} INFO - DAG(s) 'produce_json' retrieved from /opt/airflow/dags/main.py
[2026-05-14T20:57:08.771+0000] {logging_mixin.py:188} INFO - [2026-05-14T20:57:08.771+0000] {dag.py:3096} INFO - Sync 1 DAGs
[2026-05-14T20:57:08.801+0000] {logging_mixin.py:188} INFO - [2026-05-14T20:57:08.800+0000] {dag.py:3954} INFO - Setting next_dagrun for produce_json to None, run_after=None
[2026-05-14T20:57:08.840+0000] {processor.py:183} INFO - Processing /opt/airflow/dags/main.py took 0.235 seconds
[2026-05-14T20:57:39.092+0000] {processor.py:161} INFO - Started process (PID=5040) to work on /opt/airflow/dags/main.py
[2026-05-14T20:57:39.094+0000] {processor.py:830} INFO - Processing file /opt/airflow/dags/main.py for tasks to queue
[2026-05-14T20:57:39.097+0000] {logging_mixin.py:188} INFO - [2026-05-14T20:57:39.096+0000] {dagbag.py:545} INFO - Filling up the DagBag from /opt/airflow/dags/main.py
[2026-05-14T20:57:39.179+0000] {processor.py:840} INFO - DAG(s) 'produce_json' retrieved from /opt/airflow/dags/main.py
[2026-05-14T20:57:39.222+0000] {logging_mixin.py:188} INFO - [2026-05-14T20:57:39.221+0000] {dag.py:3096} INFO - Sync 1 DAGs
[2026-05-14T20:57:39.243+0000] {logging_mixin.py:188} INFO - [2026-05-14T20:57:39.242+0000] {dag.py:3954} INFO - Setting next_dagrun for produce_json to None, run_after=None
[2026-05-14T20:57:39.277+0000] {processor.py:183} INFO - Processing /opt/airflow/dags/main.py took 0.196 seconds
[2026-05-14T20:58:09.632+0000] {processor.py:161} INFO - Started process (PID=5047) to work on /opt/airflow/dags/main.py
[2026-05-14T20:58:09.634+0000] {processor.py:830} INFO - Processing file /opt/airflow/dags/main.py for tasks to queue
[2026-05-14T20:58:09.638+0000] {logging_mixin.py:188} INFO - [2026-05-14T20:58:09.638+0000] {dagbag.py:545} INFO - Filling up the DagBag from /opt/airflow/dags/main.py
[2026-05-14T20:58:09.738+0000] {processor.py:840} INFO - DAG(s) 'produce_json' retrieved from /opt/airflow/dags/main.py
[2026-05-14T20:58:09.779+0000] {logging_mixin.py:188} INFO - [2026-05-14T20:58:09.778+0000] {dag.py:3096} INFO - Sync 1 DAGs
[2026-05-14T20:58:09.798+0000] {logging_mixin.py:188} INFO - [2026-05-14T20:58:09.798+0000] {dag.py:3954} INFO - Setting next_dagrun for produce_json to None, run_after=None
[2026-05-14T20:58:09.834+0000] {processor.py:183} INFO - Processing /opt/airflow/dags/main.py took 0.215 seconds
[2026-05-14T20:58:40.039+0000] {processor.py:161} INFO - Started process (PID=5054) to work on /opt/airflow/dags/main.py
[2026-05-14T20:58:40.042+0000] {processor.py:830} INFO - Processing file /opt/airflow/dags/main.py for tasks to queue
[2026-05-14T20:58:40.047+0000] {logging_mixin.py:188} INFO - [2026-05-14T20:58:40.046+0000] {dagbag.py:545} INFO - Filling up the DagBag from /opt/airflow/dags/main.py
[2026-05-14T20:58:40.166+0000] {processor.py:840} INFO - DAG(s) 'produce_json' retrieved from /opt/airflow/dags/main.py
[2026-05-14T20:58:40.203+0000] {logging_mixin.py:188} INFO - [2026-05-14T20:58:40.202+0000] {dag.py:3096} INFO - Sync 1 DAGs
[2026-05-14T20:58:40.222+0000] {logging_mixin.py:188} INFO - [2026-05-14T20:58:40.222+0000] {dag.py:3954} INFO - Setting next_dagrun for produce_json to None, run_after=None
[2026-05-14T20:58:40.258+0000] {processor.py:183} INFO - Processing /opt/airflow/dags/main.py took 0.237 seconds
[2026-05-14T20:59:10.629+0000] {processor.py:161} INFO - Started process (PID=5061) to work on /opt/airflow/dags/main.py
[2026-05-14T20:59:10.631+0000] {processor.py:830} INFO - Processing file /opt/airflow/dags/main.py for tasks to queue
[2026-05-14T20:59:10.634+0000] {logging_mixin.py:188} INFO - [2026-05-14T20:59:10.633+0000] {dagbag.py:545} INFO - Filling up the DagBag from /opt/airflow/dags/main.py
[2026-05-14T20:59:10.720+0000] {processor.py:840} INFO - DAG(s) 'produce_json' retrieved from /opt/airflow/dags/main.py
[2026-05-14T20:59:10.758+0000] {logging_mixin.py:188} INFO - [2026-05-14T20:59:10.758+0000] {dag.py:3096} INFO - Sync 1 DAGs
[2026-05-14T20:59:10.778+0000] {logging_mixin.py:188} INFO - [2026-05-14T20:59:10.777+0000] {dag.py:3954} INFO - Setting next_dagrun for produce_json to None, run_after=None
[2026-05-14T20:59:10.818+0000] {processor.py:183} INFO - Processing /opt/airflow/dags/main.py took 0.207 seconds
[2026-05-14T20:59:41.118+0000] {processor.py:161} INFO - Started process (PID=5068) to work on /opt/airflow/dags/main.py
[2026-05-14T20:59:41.120+0000] {processor.py:830} INFO - Processing file /opt/airflow/dags/main.py for tasks to queue
[2026-05-14T20:59:41.124+0000] {logging_mixin.py:188} INFO - [2026-05-14T20:59:41.124+0000] {dagbag.py:545} INFO - Filling up the DagBag from /opt/airflow/dags/main.py
[2026-05-14T20:59:41.299+0000] {processor.py:840} INFO - DAG(s) 'produce_json' retrieved from /opt/airflow/dags/main.py
[2026-05-14T20:59:41.346+0000] {logging_mixin.py:188} INFO - [2026-05-14T20:59:41.345+0000] {dag.py:3096} INFO - Sync 1 DAGs
[2026-05-14T20:59:41.371+0000] {logging_mixin.py:188} INFO - [2026-05-14T20:59:41.371+0000] {dag.py:3954} INFO - Setting next_dagrun for produce_json to None, run_after=None
[2026-05-14T20:59:41.425+0000] {processor.py:183} INFO - Processing /opt/airflow/dags/main.py took 0.322 seconds
[2026-05-14T21:00:11.843+0000] {processor.py:161} INFO - Started process (PID=5075) to work on /opt/airflow/dags/main.py
[2026-05-14T21:00:11.845+0000] {processor.py:830} INFO - Processing file /opt/airflow/dags/main.py for tasks to queue
[2026-05-14T21:00:11.848+0000] {logging_mixin.py:188} INFO - [2026-05-14T21:00:11.848+0000] {dagbag.py:545} INFO - Filling up the DagBag from /opt/airflow/dags/main.py
[2026-05-14T21:00:11.949+0000] {processor.py:840} INFO - DAG(s) 'produce_json' retrieved from /opt/airflow/dags/main.py
[2026-05-14T21:00:11.986+0000] {logging_mixin.py:188} INFO - [2026-05-14T21:00:11.985+0000] {dag.py:3096} INFO - Sync 1 DAGs
[2026-05-14T21:00:12.009+0000] {logging_mixin.py:188} INFO - [2026-05-14T21:00:12.009+0000] {dag.py:3954} INFO - Setting next_dagrun for produce_json to None, run_after=None
[2026-05-14T21:00:12.043+0000] {processor.py:183} INFO - Processing /opt/airflow/dags/main.py took 0.210 seconds
[2026-05-14T21:00:42.323+0000] {processor.py:161} INFO - Started process (PID=5082) to work on /opt/airflow/dags/main.py
[2026-05-14T21:00:42.327+0000] {processor.py:830} INFO - Processing file /opt/airflow/dags/main.py for tasks to queue
[2026-05-14T21:00:42.336+0000] {logging_mixin.py:188} INFO - [2026-05-14T21:00:42.335+0000] {dagbag.py:545} INFO - Filling up the DagBag from /opt/airflow/dags/main.py
[2026-05-14T21:00:42.549+0000] {processor.py:840} INFO - DAG(s) 'produce_json' retrieved from /opt/airflow/dags/main.py
[2026-05-14T21:00:42.587+0000] {logging_mixin.py:188} INFO - [2026-05-14T21:00:42.587+0000] {dag.py:3096} INFO - Sync 1 DAGs
[2026-05-14T21:00:42.605+0000] {logging_mixin.py:188} INFO - [2026-05-14T21:00:42.605+0000] {dag.py:3954} INFO - Setting next_dagrun for produce_json to None, run_after=None
[2026-05-14T21:00:42.669+0000] {processor.py:183} INFO - Processing /opt/airflow/dags/main.py took 0.371 seconds
[2026-05-14T21:01:12.975+0000] {processor.py:161} INFO - Started process (PID=5089) to work on /opt/airflow/dags/main.py
[2026-05-14T21:01:12.977+0000] {processor.py:830} INFO - Processing file /opt/airflow/dags/main.py for tasks to queue
[2026-05-14T21:01:12.981+0000] {logging_mixin.py:188} INFO - [2026-05-14T21:01:12.980+0000] {dagbag.py:545} INFO - Filling up the DagBag from /opt/airflow/dags/main.py
[2026-05-14T21:01:13.097+0000] {processor.py:840} INFO - DAG(s) 'produce_json' retrieved from /opt/airflow/dags/main.py
[2026-05-14T21:01:13.159+0000] {logging_mixin.py:188} INFO - [2026-05-14T21:01:13.158+0000] {dag.py:3096} INFO - Sync 1 DAGs
[2026-05-14T21:01:13.192+0000] {logging_mixin.py:188} INFO - [2026-05-14T21:01:13.191+0000] {dag.py:3954} INFO - Setting next_dagrun for produce_json to None, run_after=None
[2026-05-14T21:01:13.247+0000] {processor.py:183} INFO - Processing /opt/airflow/dags/main.py took 0.282 seconds
[2026-05-14T21:01:43.675+0000] {processor.py:161} INFO - Started process (PID=5096) to work on /opt/airflow/dags/main.py
[2026-05-14T21:01:43.678+0000] {processor.py:830} INFO - Processing file /opt/airflow/dags/main.py for tasks to queue
[2026-05-14T21:01:43.683+0000] {logging_mixin.py:188} INFO - [2026-05-14T21:01:43.682+0000] {dagbag.py:545} INFO - Filling up the DagBag from /opt/airflow/dags/main.py
[2026-05-14T21:01:43.768+0000] {processor.py:840} INFO - DAG(s) 'produce_json' retrieved from /opt/airflow/dags/main.py
[2026-05-14T21:01:43.805+0000] {logging_mixin.py:188} INFO - [2026-05-14T21:01:43.804+0000] {dag.py:3096} INFO - Sync 1 DAGs
[2026-05-14T21:01:43.828+0000] {logging_mixin.py:188} INFO - [2026-05-14T21:01:43.827+0000] {dag.py:3954} INFO - Setting next_dagrun for produce_json to None, run_after=None
[2026-05-14T21:01:43.884+0000] {processor.py:183} INFO - Processing /opt/airflow/dags/main.py took 0.227 seconds
[2026-05-14T21:02:14.155+0000] {processor.py:161} INFO - Started process (PID=5103) to work on /opt/airflow/dags/main.py
[2026-05-14T21:02:14.158+0000] {processor.py:830} INFO - Processing file /opt/airflow/dags/main.py for tasks to queue
[2026-05-14T21:02:14.162+0000] {logging_mixin.py:188} INFO - [2026-05-14T21:02:14.161+0000] {dagbag.py:545} INFO - Filling up the DagBag from /opt/airflow/dags/main.py
[2026-05-14T21:02:14.247+0000] {processor.py:840} INFO - DAG(s) 'produce_json' retrieved from /opt/airflow/dags/main.py
[2026-05-14T21:02:14.281+0000] {logging_mixin.py:188} INFO - [2026-05-14T21:02:14.280+0000] {dag.py:3096} INFO - Sync 1 DAGs
[2026-05-14T21:02:14.301+0000] {logging_mixin.py:188} INFO - [2026-05-14T21:02:14.301+0000] {dag.py:3954} INFO - Setting next_dagrun for produce_json to None, run_after=None
[2026-05-14T21:02:14.337+0000] {processor.py:183} INFO - Processing /opt/airflow/dags/main.py took 0.192 seconds
[2026-05-14T21:02:44.731+0000] {processor.py:161} INFO - Started process (PID=5110) to work on /opt/airflow/dags/main.py
[2026-05-14T21:02:44.734+0000] {processor.py:830} INFO - Processing file /opt/airflow/dags/main.py for tasks to queue
[2026-05-14T21:02:44.737+0000] {logging_mixin.py:188} INFO - [2026-05-14T21:02:44.736+0000] {dagbag.py:545} INFO - Filling up the DagBag from /opt/airflow/dags/main.py
[2026-05-14T21:02:44.850+0000] {processor.py:840} INFO - DAG(s) 'produce_json' retrieved from /opt/airflow/dags/main.py
[2026-05-14T21:02:44.885+0000] {logging_mixin.py:188} INFO - [2026-05-14T21:02:44.885+0000] {dag.py:3096} INFO - Sync 1 DAGs
[2026-05-14T21:02:44.905+0000] {logging_mixin.py:188} INFO - [2026-05-14T21:02:44.905+0000] {dag.py:3954} INFO - Setting next_dagrun for produce_json to None, run_after=None
[2026-05-14T21:02:44.941+0000] {processor.py:183} INFO - Processing /opt/airflow/dags/main.py took 0.222 seconds
[2026-05-14T21:03:15.326+0000] {processor.py:161} INFO - Started process (PID=5118) to work on /opt/airflow/dags/main.py
[2026-05-14T21:03:15.328+0000] {processor.py:830} INFO - Processing file /opt/airflow/dags/main.py for tasks to queue
[2026-05-14T21:03:15.331+0000] {logging_mixin.py:188} INFO - [2026-05-14T21:03:15.331+0000] {dagbag.py:545} INFO - Filling up the DagBag from /opt/airflow/dags/main.py
[2026-05-14T21:03:15.455+0000] {processor.py:840} INFO - DAG(s) 'produce_json' retrieved from /opt/airflow/dags/main.py
[2026-05-14T21:03:15.493+0000] {logging_mixin.py:188} INFO - [2026-05-14T21:03:15.493+0000] {dag.py:3096} INFO - Sync 1 DAGs
[2026-05-14T21:03:15.514+0000] {logging_mixin.py:188} INFO - [2026-05-14T21:03:15.513+0000] {dag.py:3954} INFO - Setting next_dagrun for produce_json to None, run_after=None
[2026-05-14T21:03:15.552+0000] {processor.py:183} INFO - Processing /opt/airflow/dags/main.py took 0.239 seconds
[2026-05-14T21:03:45.806+0000] {processor.py:161} INFO - Started process (PID=5125) to work on /opt/airflow/dags/main.py
[2026-05-14T21:03:45.809+0000] {processor.py:830} INFO - Processing file /opt/airflow/dags/main.py for tasks to queue
[2026-05-14T21:03:45.816+0000] {logging_mixin.py:188} INFO - [2026-05-14T21:03:45.815+0000] {dagbag.py:545} INFO - Filling up the DagBag from /opt/airflow/dags/main.py
[2026-05-14T21:03:45.951+0000] {processor.py:840} INFO - DAG(s) 'produce_json' retrieved from /opt/airflow/dags/main.py
[2026-05-14T21:03:46.037+0000] {logging_mixin.py:188} INFO - [2026-05-14T21:03:46.037+0000] {dag.py:3096} INFO - Sync 1 DAGs
[2026-05-14T21:03:46.099+0000] {logging_mixin.py:188} INFO - [2026-05-14T21:03:46.099+0000] {dag.py:3954} INFO - Setting next_dagrun for produce_json to None, run_after=None
[2026-05-14T21:03:46.191+0000] {processor.py:183} INFO - Processing /opt/airflow/dags/main.py took 0.405 seconds
[2026-05-14T21:04:16.477+0000] {processor.py:161} INFO - Started process (PID=5132) to work on /opt/airflow/dags/main.py
[2026-05-14T21:04:16.480+0000] {processor.py:830} INFO - Processing file /opt/airflow/dags/main.py for tasks to queue
[2026-05-14T21:04:16.488+0000] {logging_mixin.py:188} INFO - [2026-05-14T21:04:16.488+0000] {dagbag.py:545} INFO - Filling up the DagBag from /opt/airflow/dags/main.py
[2026-05-14T21:04:16.591+0000] {processor.py:840} INFO - DAG(s) 'produce_json' retrieved from /opt/airflow/dags/main.py
[2026-05-14T21:04:16.630+0000] {logging_mixin.py:188} INFO - [2026-05-14T21:04:16.630+0000] {dag.py:3096} INFO - Sync 1 DAGs
[2026-05-14T21:04:16.657+0000] {logging_mixin.py:188} INFO - [2026-05-14T21:04:16.657+0000] {dag.py:3954} INFO - Setting next_dagrun for produce_json to None, run_after=None
[2026-05-14T21:04:16.712+0000] {processor.py:183} INFO - Processing /opt/airflow/dags/main.py took 0.252 seconds
[2026-05-14T21:04:47.168+0000] {processor.py:161} INFO - Started process (PID=5139) to work on /opt/airflow/dags/main.py
[2026-05-14T21:04:47.171+0000] {processor.py:830} INFO - Processing file /opt/airflow/dags/main.py for tasks to queue
[2026-05-14T21:04:47.182+0000] {logging_mixin.py:188} INFO - [2026-05-14T21:04:47.181+0000] {dagbag.py:545} INFO - Filling up the DagBag from /opt/airflow/dags/main.py
[2026-05-14T21:04:47.432+0000] {processor.py:840} INFO - DAG(s) 'produce_json' retrieved from /opt/airflow/dags/main.py
[2026-05-14T21:04:47.479+0000] {logging_mixin.py:188} INFO - [2026-05-14T21:04:47.478+0000] {dag.py:3096} INFO - Sync 1 DAGs
[2026-05-14T21:04:47.507+0000] {logging_mixin.py:188} INFO - [2026-05-14T21:04:47.506+0000] {dag.py:3954} INFO - Setting next_dagrun for produce_json to None, run_after=None
[2026-05-14T21:04:47.553+0000] {processor.py:183} INFO - Processing /opt/airflow/dags/main.py took 0.408 seconds
[2026-05-14T21:05:18.034+0000] {processor.py:161} INFO - Started process (PID=5147) to work on /opt/airflow/dags/main.py
[2026-05-14T21:05:18.037+0000] {processor.py:830} INFO - Processing file /opt/airflow/dags/main.py for tasks to queue
[2026-05-14T21:05:18.041+0000] {logging_mixin.py:188} INFO - [2026-05-14T21:05:18.041+0000] {dagbag.py:545} INFO - Filling up the DagBag from /opt/airflow/dags/main.py
[2026-05-14T21:05:18.137+0000] {processor.py:840} INFO - DAG(s) 'produce_json' retrieved from /opt/airflow/dags/main.py
[2026-05-14T21:05:18.174+0000] {logging_mixin.py:188} INFO - [2026-05-14T21:05:18.174+0000] {dag.py:3096} INFO - Sync 1 DAGs
[2026-05-14T21:05:18.199+0000] {logging_mixin.py:188} INFO - [2026-05-14T21:05:18.198+0000] {dag.py:3954} INFO - Setting next_dagrun for produce_json to None, run_after=None
[2026-05-14T21:05:18.244+0000] {processor.py:183} INFO - Processing /opt/airflow/dags/main.py took 0.225 seconds
[2026-05-14T21:05:48.421+0000] {processor.py:161} INFO - Started process (PID=5154) to work on /opt/airflow/dags/main.py
[2026-05-14T21:05:48.424+0000] {processor.py:830} INFO - Processing file /opt/airflow/dags/main.py for tasks to queue
[2026-05-14T21:05:48.428+0000] {logging_mixin.py:188} INFO - [2026-05-14T21:05:48.427+0000] {dagbag.py:545} INFO - Filling up the DagBag from /opt/airflow/dags/main.py
[2026-05-14T21:05:48.551+0000] {processor.py:840} INFO - DAG(s) 'produce_json' retrieved from /opt/airflow/dags/main.py
[2026-05-14T21:05:48.592+0000] {logging_mixin.py:188} INFO - [2026-05-14T21:05:48.591+0000] {dag.py:3096} INFO - Sync 1 DAGs
[2026-05-14T21:05:48.612+0000] {logging_mixin.py:188} INFO - [2026-05-14T21:05:48.612+0000] {dag.py:3954} INFO - Setting next_dagrun for produce_json to None, run_after=None
[2026-05-14T21:05:48.677+0000] {processor.py:183} INFO - Processing /opt/airflow/dags/main.py took 0.272 seconds
[2026-05-14T21:06:19.053+0000] {processor.py:161} INFO - Started process (PID=5161) to work on /opt/airflow/dags/main.py
[2026-05-14T21:06:19.058+0000] {processor.py:830} INFO - Processing file /opt/airflow/dags/main.py for tasks to queue
[2026-05-14T21:06:19.063+0000] {logging_mixin.py:188} INFO - [2026-05-14T21:06:19.062+0000] {dagbag.py:545} INFO - Filling up the DagBag from /opt/airflow/dags/main.py
[2026-05-14T21:06:19.194+0000] {processor.py:840} INFO - DAG(s) 'produce_json' retrieved from /opt/airflow/dags/main.py
[2026-05-14T21:06:19.245+0000] {logging_mixin.py:188} INFO - [2026-05-14T21:06:19.245+0000] {dag.py:3096} INFO - Sync 1 DAGs
[2026-05-14T21:06:19.281+0000] {logging_mixin.py:188} INFO - [2026-05-14T21:06:19.280+0000] {dag.py:3954} INFO - Setting next_dagrun for produce_json to None, run_after=None
[2026-05-14T21:06:19.341+0000] {processor.py:183} INFO - Processing /opt/airflow/dags/main.py took 0.305 seconds
[2026-05-14T21:06:49.771+0000] {processor.py:161} INFO - Started process (PID=5169) to work on /opt/airflow/dags/main.py
[2026-05-14T21:06:49.775+0000] {processor.py:830} INFO - Processing file /opt/airflow/dags/main.py for tasks to queue
[2026-05-14T21:06:49.782+0000] {logging_mixin.py:188} INFO - [2026-05-14T21:06:49.782+0000] {dagbag.py:545} INFO - Filling up the DagBag from /opt/airflow/dags/main.py
[2026-05-14T21:06:49.935+0000] {processor.py:840} INFO - DAG(s) 'produce_json' retrieved from /opt/airflow/dags/main.py
[2026-05-14T21:06:50.001+0000] {logging_mixin.py:188} INFO - [2026-05-14T21:06:50.001+0000] {dag.py:3096} INFO - Sync 1 DAGs
[2026-05-14T21:06:50.053+0000] {logging_mixin.py:188} INFO - [2026-05-14T21:06:50.053+0000] {dag.py:3954} INFO - Setting next_dagrun for produce_json to None, run_after=None
[2026-05-14T21:06:50.174+0000] {processor.py:183} INFO - Processing /opt/airflow/dags/main.py took 0.434 seconds
[2026-05-14T21:07:20.743+0000] {processor.py:161} INFO - Started process (PID=5176) to work on /opt/airflow/dags/main.py
[2026-05-14T21:07:20.751+0000] {processor.py:830} INFO - Processing file /opt/airflow/dags/main.py for tasks to queue
[2026-05-14T21:07:20.756+0000] {logging_mixin.py:188} INFO - [2026-05-14T21:07:20.755+0000] {dagbag.py:545} INFO - Filling up the DagBag from /opt/airflow/dags/main.py
[2026-05-14T21:07:20.992+0000] {processor.py:840} INFO - DAG(s) 'produce_json' retrieved from /opt/airflow/dags/main.py
[2026-05-14T21:07:21.043+0000] {logging_mixin.py:188} INFO - [2026-05-14T21:07:21.042+0000] {dag.py:3096} INFO - Sync 1 DAGs
[2026-05-14T21:07:21.083+0000] {logging_mixin.py:188} INFO - [2026-05-14T21:07:21.083+0000] {dag.py:3954} INFO - Setting next_dagrun for produce_json to None, run_after=None
[2026-05-14T21:07:21.142+0000] {processor.py:183} INFO - Processing /opt/airflow/dags/main.py took 0.415 seconds
[2026-05-14T21:07:51.620+0000] {processor.py:161} INFO - Started process (PID=5183) to work on /opt/airflow/dags/main.py
[2026-05-14T21:07:51.623+0000] {processor.py:830} INFO - Processing file /opt/airflow/dags/main.py for tasks to queue
[2026-05-14T21:07:51.629+0000] {logging_mixin.py:188} INFO - [2026-05-14T21:07:51.628+0000] {dagbag.py:545} INFO - Filling up the DagBag from /opt/airflow/dags/main.py
[2026-05-14T21:07:51.766+0000] {processor.py:840} INFO - DAG(s) 'produce_json' retrieved from /opt/airflow/dags/main.py
[2026-05-14T21:07:51.814+0000] {logging_mixin.py:188} INFO - [2026-05-14T21:07:51.814+0000] {dag.py:3096} INFO - Sync 1 DAGs
[2026-05-14T21:07:51.848+0000] {logging_mixin.py:188} INFO - [2026-05-14T21:07:51.848+0000] {dag.py:3954} INFO - Setting next_dagrun for produce_json to None, run_after=None
[2026-05-14T21:07:51.924+0000] {processor.py:183} INFO - Processing /opt/airflow/dags/main.py took 0.325 seconds
[2026-05-14T21:08:22.398+0000] {processor.py:161} INFO - Started process (PID=5189) to work on /opt/airflow/dags/main.py
[2026-05-14T21:08:22.400+0000] {processor.py:830} INFO - Processing file /opt/airflow/dags/main.py for tasks to queue
[2026-05-14T21:08:22.405+0000] {logging_mixin.py:188} INFO - [2026-05-14T21:08:22.404+0000] {dagbag.py:545} INFO - Filling up the DagBag from /opt/airflow/dags/main.py
[2026-05-14T21:08:22.532+0000] {processor.py:840} INFO - DAG(s) 'produce_json' retrieved from /opt/airflow/dags/main.py
[2026-05-14T21:08:22.628+0000] {logging_mixin.py:188} INFO - [2026-05-14T21:08:22.627+0000] {dag.py:3096} INFO - Sync 1 DAGs
[2026-05-14T21:08:22.685+0000] {logging_mixin.py:188} INFO - [2026-05-14T21:08:22.685+0000] {dag.py:3954} INFO - Setting next_dagrun for produce_json to None, run_after=None
[2026-05-14T21:08:22.801+0000] {processor.py:183} INFO - Processing /opt/airflow/dags/main.py took 0.420 seconds
[2026-05-14T21:08:53.278+0000] {processor.py:161} INFO - Started process (PID=5196) to work on /opt/airflow/dags/main.py
[2026-05-14T21:08:53.282+0000] {processor.py:830} INFO - Processing file /opt/airflow/dags/main.py for tasks to queue
[2026-05-14T21:08:53.297+0000] {logging_mixin.py:188} INFO - [2026-05-14T21:08:53.296+0000] {dagbag.py:545} INFO - Filling up the DagBag from /opt/airflow/dags/main.py
[2026-05-14T21:08:53.542+0000] {processor.py:840} INFO - DAG(s) 'produce_json' retrieved from /opt/airflow/dags/main.py
[2026-05-14T21:08:53.623+0000] {logging_mixin.py:188} INFO - [2026-05-14T21:08:53.623+0000] {dag.py:3096} INFO - Sync 1 DAGs
[2026-05-14T21:08:53.692+0000] {logging_mixin.py:188} INFO - [2026-05-14T21:08:53.692+0000] {dag.py:3954} INFO - Setting next_dagrun for produce_json to None, run_after=None
[2026-05-14T21:08:53.814+0000] {processor.py:183} INFO - Processing /opt/airflow/dags/main.py took 0.573 seconds
[2026-05-14T21:09:24.345+0000] {processor.py:161} INFO - Started process (PID=5203) to work on /opt/airflow/dags/main.py
[2026-05-14T21:09:24.347+0000] {processor.py:830} INFO - Processing file /opt/airflow/dags/main.py for tasks to queue
[2026-05-14T21:09:24.351+0000] {logging_mixin.py:188} INFO - [2026-05-14T21:09:24.351+0000] {dagbag.py:545} INFO - Filling up the DagBag from /opt/airflow/dags/main.py
[2026-05-14T21:09:24.457+0000] {processor.py:840} INFO - DAG(s) 'produce_json' retrieved from /opt/airflow/dags/main.py
[2026-05-14T21:09:24.499+0000] {logging_mixin.py:188} INFO - [2026-05-14T21:09:24.499+0000] {dag.py:3096} INFO - Sync 1 DAGs
[2026-05-14T21:09:24.521+0000] {logging_mixin.py:188} INFO - [2026-05-14T21:09:24.521+0000] {dag.py:3954} INFO - Setting next_dagrun for produce_json to None, run_after=None
[2026-05-14T21:09:24.568+0000] {processor.py:183} INFO - Processing /opt/airflow/dags/main.py took 0.233 seconds
[2026-05-14T21:09:54.785+0000] {processor.py:161} INFO - Started process (PID=5210) to work on /opt/airflow/dags/main.py
[2026-05-14T21:09:54.790+0000] {processor.py:830} INFO - Processing file /opt/airflow/dags/main.py for tasks to queue
[2026-05-14T21:09:54.793+0000] {logging_mixin.py:188} INFO - [2026-05-14T21:09:54.792+0000] {dagbag.py:545} INFO - Filling up the DagBag from /opt/airflow/dags/main.py
[2026-05-14T21:09:55.004+0000] {processor.py:840} INFO - DAG(s) 'produce_json' retrieved from /opt/airflow/dags/main.py
[2026-05-14T21:09:55.066+0000] {logging_mixin.py:188} INFO - [2026-05-14T21:09:55.065+0000] {dag.py:3096} INFO - Sync 1 DAGs
[2026-05-14T21:09:55.101+0000] {logging_mixin.py:188} INFO - [2026-05-14T21:09:55.100+0000] {dag.py:3954} INFO - Setting next_dagrun for produce_json to None, run_after=None
[2026-05-14T21:09:55.152+0000] {processor.py:183} INFO - Processing /opt/airflow/dags/main.py took 0.378 seconds
[2026-05-14T21:10:25.667+0000] {processor.py:161} INFO - Started process (PID=5217) to work on /opt/airflow/dags/main.py
[2026-05-14T21:10:25.670+0000] {processor.py:830} INFO - Processing file /opt/airflow/dags/main.py for tasks to queue
[2026-05-14T21:10:25.673+0000] {logging_mixin.py:188} INFO - [2026-05-14T21:10:25.673+0000] {dagbag.py:545} INFO - Filling up the DagBag from /opt/airflow/dags/main.py
[2026-05-14T21:10:25.779+0000] {processor.py:840} INFO - DAG(s) 'produce_json' retrieved from /opt/airflow/dags/main.py
[2026-05-14T21:10:25.821+0000] {logging_mixin.py:188} INFO - [2026-05-14T21:10:25.820+0000] {dag.py:3096} INFO - Sync 1 DAGs
[2026-05-14T21:10:25.842+0000] {logging_mixin.py:188} INFO - [2026-05-14T21:10:25.842+0000] {dag.py:3954} INFO - Setting next_dagrun for produce_json to None, run_after=None
[2026-05-14T21:10:25.880+0000] {processor.py:183} INFO - Processing /opt/airflow/dags/main.py took 0.232 seconds
[2026-05-14T21:10:56.035+0000] {processor.py:161} INFO - Started process (PID=5224) to work on /opt/airflow/dags/main.py
[2026-05-14T21:10:56.037+0000] {processor.py:830} INFO - Processing file /opt/airflow/dags/main.py for tasks to queue
[2026-05-14T21:10:56.041+0000] {logging_mixin.py:188} INFO - [2026-05-14T21:10:56.041+0000] {dagbag.py:545} INFO - Filling up the DagBag from /opt/airflow/dags/main.py
[2026-05-14T21:10:56.177+0000] {processor.py:840} INFO - DAG(s) 'produce_json' retrieved from /opt/airflow/dags/main.py
[2026-05-14T21:10:56.252+0000] {logging_mixin.py:188} INFO - [2026-05-14T21:10:56.252+0000] {dag.py:3096} INFO - Sync 1 DAGs
[2026-05-14T21:10:56.289+0000] {logging_mixin.py:188} INFO - [2026-05-14T21:10:56.289+0000] {dag.py:3954} INFO - Setting next_dagrun for produce_json to None, run_after=None
[2026-05-14T21:10:56.329+0000] {processor.py:183} INFO - Processing /opt/airflow/dags/main.py took 0.308 seconds
[2026-05-14T21:11:26.835+0000] {processor.py:161} INFO - Started process (PID=5231) to work on /opt/airflow/dags/main.py
[2026-05-14T21:11:26.837+0000] {processor.py:830} INFO - Processing file /opt/airflow/dags/main.py for tasks to queue
[2026-05-14T21:11:26.841+0000] {logging_mixin.py:188} INFO - [2026-05-14T21:11:26.840+0000] {dagbag.py:545} INFO - Filling up the DagBag from /opt/airflow/dags/main.py
[2026-05-14T21:11:26.939+0000] {processor.py:840} INFO - DAG(s) 'produce_json' retrieved from /opt/airflow/dags/main.py
[2026-05-14T21:11:26.975+0000] {logging_mixin.py:188} INFO - [2026-05-14T21:11:26.974+0000] {dag.py:3096} INFO - Sync 1 DAGs
[2026-05-14T21:11:26.996+0000] {logging_mixin.py:188} INFO - [2026-05-14T21:11:26.996+0000] {dag.py:3954} INFO - Setting next_dagrun for produce_json to None, run_after=None
[2026-05-14T21:11:27.042+0000] {processor.py:183} INFO - Processing /opt/airflow/dags/main.py took 0.223 seconds
[2026-05-14T21:11:57.273+0000] {processor.py:161} INFO - Started process (PID=5238) to work on /opt/airflow/dags/main.py
[2026-05-14T21:11:57.275+0000] {processor.py:830} INFO - Processing file /opt/airflow/dags/main.py for tasks to queue
[2026-05-14T21:11:57.278+0000] {logging_mixin.py:188} INFO - [2026-05-14T21:11:57.278+0000] {dagbag.py:545} INFO - Filling up the DagBag from /opt/airflow/dags/main.py
[2026-05-14T21:11:57.368+0000] {processor.py:840} INFO - DAG(s) 'produce_json' retrieved from /opt/airflow/dags/main.py
[2026-05-14T21:11:57.404+0000] {logging_mixin.py:188} INFO - [2026-05-14T21:11:57.404+0000] {dag.py:3096} INFO - Sync 1 DAGs
[2026-05-14T21:11:57.423+0000] {logging_mixin.py:188} INFO - [2026-05-14T21:11:57.423+0000] {dag.py:3954} INFO - Setting next_dagrun for produce_json to None, run_after=None
[2026-05-14T21:11:57.459+0000] {processor.py:183} INFO - Processing /opt/airflow/dags/main.py took 0.197 seconds
[2026-05-14T21:12:28.021+0000] {processor.py:161} INFO - Started process (PID=5245) to work on /opt/airflow/dags/main.py
[2026-05-14T21:12:28.026+0000] {processor.py:830} INFO - Processing file /opt/airflow/dags/main.py for tasks to queue
[2026-05-14T21:12:28.029+0000] {logging_mixin.py:188} INFO - [2026-05-14T21:12:28.028+0000] {dagbag.py:545} INFO - Filling up the DagBag from /opt/airflow/dags/main.py
[2026-05-14T21:12:28.131+0000] {processor.py:840} INFO - DAG(s) 'produce_json' retrieved from /opt/airflow/dags/main.py
[2026-05-14T21:12:28.167+0000] {logging_mixin.py:188} INFO - [2026-05-14T21:12:28.167+0000] {dag.py:3096} INFO - Sync 1 DAGs
[2026-05-14T21:12:28.187+0000] {logging_mixin.py:188} INFO - [2026-05-14T21:12:28.187+0000] {dag.py:3954} INFO - Setting next_dagrun for produce_json to None, run_after=None
[2026-05-14T21:12:28.230+0000] {processor.py:183} INFO - Processing /opt/airflow/dags/main.py took 0.218 seconds
[2026-05-14T21:12:58.491+0000] {processor.py:161} INFO - Started process (PID=5251) to work on /opt/airflow/dags/main.py
[2026-05-14T21:12:58.493+0000] {processor.py:830} INFO - Processing file /opt/airflow/dags/main.py for tasks to queue
[2026-05-14T21:12:58.500+0000] {logging_mixin.py:188} INFO - [2026-05-14T21:12:58.500+0000] {dagbag.py:545} INFO - Filling up the DagBag from /opt/airflow/dags/main.py
[2026-05-14T21:12:58.696+0000] {processor.py:840} INFO - DAG(s) 'produce_json' retrieved from /opt/airflow/dags/main.py
[2026-05-14T21:12:58.826+0000] {logging_mixin.py:188} INFO - [2026-05-14T21:12:58.825+0000] {dag.py:3096} INFO - Sync 1 DAGs
[2026-05-14T21:12:58.856+0000] {logging_mixin.py:188} INFO - [2026-05-14T21:12:58.856+0000] {dag.py:3954} INFO - Setting next_dagrun for produce_json to None, run_after=None
[2026-05-14T21:12:58.909+0000] {processor.py:183} INFO - Processing /opt/airflow/dags/main.py took 0.430 seconds
[2026-05-14T21:13:29.361+0000] {processor.py:161} INFO - Started process (PID=5265) to work on /opt/airflow/dags/main.py
[2026-05-14T21:13:29.364+0000] {processor.py:830} INFO - Processing file /opt/airflow/dags/main.py for tasks to queue
[2026-05-14T21:13:29.368+0000] {logging_mixin.py:188} INFO - [2026-05-14T21:13:29.368+0000] {dagbag.py:545} INFO - Filling up the DagBag from /opt/airflow/dags/main.py
[2026-05-14T21:13:29.449+0000] {processor.py:840} INFO - DAG(s) 'produce_json' retrieved from /opt/airflow/dags/main.py
[2026-05-14T21:13:29.499+0000] {logging_mixin.py:188} INFO - [2026-05-14T21:13:29.498+0000] {dag.py:3096} INFO - Sync 1 DAGs
[2026-05-14T21:13:29.536+0000] {logging_mixin.py:188} INFO - [2026-05-14T21:13:29.536+0000] {dag.py:3954} INFO - Setting next_dagrun for produce_json to None, run_after=None
[2026-05-14T21:13:29.594+0000] {processor.py:183} INFO - Processing /opt/airflow/dags/main.py took 0.243 seconds
[2026-05-14T21:14:00.024+0000] {processor.py:161} INFO - Started process (PID=5272) to work on /opt/airflow/dags/main.py
[2026-05-14T21:14:00.068+0000] {processor.py:830} INFO - Processing file /opt/airflow/dags/main.py for tasks to queue
[2026-05-14T21:14:00.088+0000] {logging_mixin.py:188} INFO - [2026-05-14T21:14:00.086+0000] {dagbag.py:545} INFO - Filling up the DagBag from /opt/airflow/dags/main.py
[2026-05-14T21:14:00.818+0000] {processor.py:840} INFO - DAG(s) 'produce_json' retrieved from /opt/airflow/dags/main.py
[2026-05-14T21:14:00.944+0000] {logging_mixin.py:188} INFO - [2026-05-14T21:14:00.944+0000] {dag.py:3096} INFO - Sync 1 DAGs
[2026-05-14T21:14:01.036+0000] {logging_mixin.py:188} INFO - [2026-05-14T21:14:01.035+0000] {dag.py:3954} INFO - Setting next_dagrun for produce_json to None, run_after=None
[2026-05-14T21:14:01.153+0000] {processor.py:183} INFO - Processing /opt/airflow/dags/main.py took 1.186 seconds
[2026-05-14T21:14:31.340+0000] {processor.py:161} INFO - Started process (PID=5279) to work on /opt/airflow/dags/main.py
[2026-05-14T21:14:31.342+0000] {processor.py:830} INFO - Processing file /opt/airflow/dags/main.py for tasks to queue
[2026-05-14T21:14:31.346+0000] {logging_mixin.py:188} INFO - [2026-05-14T21:14:31.345+0000] {dagbag.py:545} INFO - Filling up the DagBag from /opt/airflow/dags/main.py
[2026-05-14T21:14:31.458+0000] {processor.py:840} INFO - DAG(s) 'produce_json' retrieved from /opt/airflow/dags/main.py
[2026-05-14T21:14:31.498+0000] {logging_mixin.py:188} INFO - [2026-05-14T21:14:31.498+0000] {dag.py:3096} INFO - Sync 1 DAGs
[2026-05-14T21:14:31.516+0000] {logging_mixin.py:188} INFO - [2026-05-14T21:14:31.516+0000] {dag.py:3954} INFO - Setting next_dagrun for produce_json to None, run_after=None
[2026-05-14T21:14:31.555+0000] {processor.py:183} INFO - Processing /opt/airflow/dags/main.py took 0.225 seconds
[2026-05-14T21:15:02.147+0000] {processor.py:161} INFO - Started process (PID=5286) to work on /opt/airflow/dags/main.py
[2026-05-14T21:15:02.150+0000] {processor.py:830} INFO - Processing file /opt/airflow/dags/main.py for tasks to queue
[2026-05-14T21:15:02.157+0000] {logging_mixin.py:188} INFO - [2026-05-14T21:15:02.156+0000] {dagbag.py:545} INFO - Filling up the DagBag from /opt/airflow/dags/main.py
[2026-05-14T21:15:02.284+0000] {processor.py:840} INFO - DAG(s) 'produce_json' retrieved from /opt/airflow/dags/main.py
[2026-05-14T21:15:02.354+0000] {logging_mixin.py:188} INFO - [2026-05-14T21:15:02.354+0000] {dag.py:3096} INFO - Sync 1 DAGs
[2026-05-14T21:15:02.411+0000] {logging_mixin.py:188} INFO - [2026-05-14T21:15:02.409+0000] {dag.py:3954} INFO - Setting next_dagrun for produce_json to None, run_after=None
[2026-05-14T21:15:02.474+0000] {processor.py:183} INFO - Processing /opt/airflow/dags/main.py took 0.339 seconds
[2026-05-14T21:15:32.835+0000] {processor.py:161} INFO - Started process (PID=5293) to work on /opt/airflow/dags/main.py
[2026-05-14T21:15:32.838+0000] {processor.py:830} INFO - Processing file /opt/airflow/dags/main.py for tasks to queue
[2026-05-14T21:15:32.843+0000] {logging_mixin.py:188} INFO - [2026-05-14T21:15:32.842+0000] {dagbag.py:545} INFO - Filling up the DagBag from /opt/airflow/dags/main.py
[2026-05-14T21:15:33.278+0000] {processor.py:840} INFO - DAG(s) 'produce_json' retrieved from /opt/airflow/dags/main.py
[2026-05-14T21:15:33.389+0000] {logging_mixin.py:188} INFO - [2026-05-14T21:15:33.388+0000] {dag.py:3096} INFO - Sync 1 DAGs
[2026-05-14T21:15:33.428+0000] {logging_mixin.py:188} INFO - [2026-05-14T21:15:33.428+0000] {dag.py:3954} INFO - Setting next_dagrun for produce_json to None, run_after=None
[2026-05-14T21:15:33.467+0000] {processor.py:183} INFO - Processing /opt/airflow/dags/main.py took 0.659 seconds
[2026-05-14T21:16:03.860+0000] {processor.py:161} INFO - Started process (PID=5300) to work on /opt/airflow/dags/main.py
[2026-05-14T21:16:03.863+0000] {processor.py:830} INFO - Processing file /opt/airflow/dags/main.py for tasks to queue
[2026-05-14T21:16:03.869+0000] {logging_mixin.py:188} INFO - [2026-05-14T21:16:03.868+0000] {dagbag.py:545} INFO - Filling up the DagBag from /opt/airflow/dags/main.py
[2026-05-14T21:16:04.081+0000] {processor.py:840} INFO - DAG(s) 'produce_json' retrieved from /opt/airflow/dags/main.py
[2026-05-14T21:16:04.117+0000] {logging_mixin.py:188} INFO - [2026-05-14T21:16:04.117+0000] {dag.py:3096} INFO - Sync 1 DAGs
[2026-05-14T21:16:04.135+0000] {logging_mixin.py:188} INFO - [2026-05-14T21:16:04.135+0000] {dag.py:3954} INFO - Setting next_dagrun for produce_json to None, run_after=None
[2026-05-14T21:16:04.184+0000] {processor.py:183} INFO - Processing /opt/airflow/dags/main.py took 0.340 seconds
[2026-05-14T21:16:34.651+0000] {processor.py:161} INFO - Started process (PID=5307) to work on /opt/airflow/dags/main.py
[2026-05-14T21:16:34.653+0000] {processor.py:830} INFO - Processing file /opt/airflow/dags/main.py for tasks to queue
[2026-05-14T21:16:34.659+0000] {logging_mixin.py:188} INFO - [2026-05-14T21:16:34.658+0000] {dagbag.py:545} INFO - Filling up the DagBag from /opt/airflow/dags/main.py
[2026-05-14T21:16:34.766+0000] {processor.py:840} INFO - DAG(s) 'produce_json' retrieved from /opt/airflow/dags/main.py
[2026-05-14T21:16:34.802+0000] {logging_mixin.py:188} INFO - [2026-05-14T21:16:34.801+0000] {dag.py:3096} INFO - Sync 1 DAGs
[2026-05-14T21:16:34.820+0000] {logging_mixin.py:188} INFO - [2026-05-14T21:16:34.820+0000] {dag.py:3954} INFO - Setting next_dagrun for produce_json to None, run_after=None
[2026-05-14T21:16:34.869+0000] {processor.py:183} INFO - Processing /opt/airflow/dags/main.py took 0.230 seconds
[2026-05-14T21:17:05.358+0000] {processor.py:161} INFO - Started process (PID=5314) to work on /opt/airflow/dags/main.py
[2026-05-14T21:17:05.360+0000] {processor.py:830} INFO - Processing file /opt/airflow/dags/main.py for tasks to queue
[2026-05-14T21:17:05.364+0000] {logging_mixin.py:188} INFO - [2026-05-14T21:17:05.364+0000] {dagbag.py:545} INFO - Filling up the DagBag from /opt/airflow/dags/main.py
[2026-05-14T21:17:05.445+0000] {processor.py:840} INFO - DAG(s) 'produce_json' retrieved from /opt/airflow/dags/main.py
[2026-05-14T21:17:05.483+0000] {logging_mixin.py:188} INFO - [2026-05-14T21:17:05.483+0000] {dag.py:3096} INFO - Sync 1 DAGs
[2026-05-14T21:17:05.504+0000] {logging_mixin.py:188} INFO - [2026-05-14T21:17:05.504+0000] {dag.py:3954} INFO - Setting next_dagrun for produce_json to None, run_after=None
[2026-05-14T21:17:05.544+0000] {processor.py:183} INFO - Processing /opt/airflow/dags/main.py took 0.196 seconds
[2026-05-14T21:17:35.737+0000] {processor.py:161} INFO - Started process (PID=5321) to work on /opt/airflow/dags/main.py
[2026-05-14T21:17:35.739+0000] {processor.py:830} INFO - Processing file /opt/airflow/dags/main.py for tasks to queue
[2026-05-14T21:17:35.743+0000] {logging_mixin.py:188} INFO - [2026-05-14T21:17:35.742+0000] {dagbag.py:545} INFO - Filling up the DagBag from /opt/airflow/dags/main.py
[2026-05-14T21:17:35.873+0000] {processor.py:840} INFO - DAG(s) 'produce_json' retrieved from /opt/airflow/dags/main.py
[2026-05-14T21:17:35.929+0000] {logging_mixin.py:188} INFO - [2026-05-14T21:17:35.928+0000] {dag.py:3096} INFO - Sync 1 DAGs
[2026-05-14T21:17:35.954+0000] {logging_mixin.py:188} INFO - [2026-05-14T21:17:35.954+0000] {dag.py:3954} INFO - Setting next_dagrun for produce_json to None, run_after=None
[2026-05-14T21:17:35.994+0000] {processor.py:183} INFO - Processing /opt/airflow/dags/main.py took 0.271 seconds
[2026-05-14T21:18:06.320+0000] {processor.py:161} INFO - Started process (PID=5328) to work on /opt/airflow/dags/main.py
[2026-05-14T21:18:06.322+0000] {processor.py:830} INFO - Processing file /opt/airflow/dags/main.py for tasks to queue
[2026-05-14T21:18:06.326+0000] {logging_mixin.py:188} INFO - [2026-05-14T21:18:06.325+0000] {dagbag.py:545} INFO - Filling up the DagBag from /opt/airflow/dags/main.py
[2026-05-14T21:18:06.429+0000] {processor.py:840} INFO - DAG(s) 'produce_json' retrieved from /opt/airflow/dags/main.py
[2026-05-14T21:18:06.467+0000] {logging_mixin.py:188} INFO - [2026-05-14T21:18:06.467+0000] {dag.py:3096} INFO - Sync 1 DAGs
[2026-05-14T21:18:06.489+0000] {logging_mixin.py:188} INFO - [2026-05-14T21:18:06.489+0000] {dag.py:3954} INFO - Setting next_dagrun for produce_json to None, run_after=None
[2026-05-14T21:18:06.555+0000] {processor.py:183} INFO - Processing /opt/airflow/dags/main.py took 0.246 seconds
[2026-05-14T21:18:36.700+0000] {processor.py:161} INFO - Started process (PID=5336) to work on /opt/airflow/dags/main.py
[2026-05-14T21:18:36.703+0000] {processor.py:830} INFO - Processing file /opt/airflow/dags/main.py for tasks to queue
[2026-05-14T21:18:36.708+0000] {logging_mixin.py:188} INFO - [2026-05-14T21:18:36.708+0000] {dagbag.py:545} INFO - Filling up the DagBag from /opt/airflow/dags/main.py
[2026-05-14T21:18:36.871+0000] {processor.py:840} INFO - DAG(s) 'produce_json' retrieved from /opt/airflow/dags/main.py
[2026-05-14T21:18:36.918+0000] {logging_mixin.py:188} INFO - [2026-05-14T21:18:36.917+0000] {dag.py:3096} INFO - Sync 1 DAGs
[2026-05-14T21:18:36.942+0000] {logging_mixin.py:188} INFO - [2026-05-14T21:18:36.942+0000] {dag.py:3954} INFO - Setting next_dagrun for produce_json to None, run_after=None
[2026-05-14T21:18:36.990+0000] {processor.py:183} INFO - Processing /opt/airflow/dags/main.py took 0.304 seconds
[2026-05-14T21:19:07.360+0000] {processor.py:161} INFO - Started process (PID=5343) to work on /opt/airflow/dags/main.py
[2026-05-14T21:19:07.362+0000] {processor.py:830} INFO - Processing file /opt/airflow/dags/main.py for tasks to queue
[2026-05-14T21:19:07.366+0000] {logging_mixin.py:188} INFO - [2026-05-14T21:19:07.365+0000] {dagbag.py:545} INFO - Filling up the DagBag from /opt/airflow/dags/main.py
[2026-05-14T21:19:07.474+0000] {processor.py:840} INFO - DAG(s) 'produce_json' retrieved from /opt/airflow/dags/main.py
[2026-05-14T21:19:07.523+0000] {logging_mixin.py:188} INFO - [2026-05-14T21:19:07.522+0000] {dag.py:3096} INFO - Sync 1 DAGs
[2026-05-14T21:19:07.551+0000] {logging_mixin.py:188} INFO - [2026-05-14T21:19:07.550+0000] {dag.py:3954} INFO - Setting next_dagrun for produce_json to None, run_after=None
[2026-05-14T21:19:07.592+0000] {processor.py:183} INFO - Processing /opt/airflow/dags/main.py took 0.245 seconds
[2026-05-14T21:19:38.287+0000] {processor.py:161} INFO - Started process (PID=5350) to work on /opt/airflow/dags/main.py
[2026-05-14T21:19:38.292+0000] {processor.py:830} INFO - Processing file /opt/airflow/dags/main.py for tasks to queue
[2026-05-14T21:19:38.299+0000] {logging_mixin.py:188} INFO - [2026-05-14T21:19:38.298+0000] {dagbag.py:545} INFO - Filling up the DagBag from /opt/airflow/dags/main.py
[2026-05-14T21:19:38.475+0000] {processor.py:840} INFO - DAG(s) 'produce_json' retrieved from /opt/airflow/dags/main.py
[2026-05-14T21:19:38.530+0000] {logging_mixin.py:188} INFO - [2026-05-14T21:19:38.529+0000] {dag.py:3096} INFO - Sync 1 DAGs
[2026-05-14T21:19:38.583+0000] {logging_mixin.py:188} INFO - [2026-05-14T21:19:38.582+0000] {dag.py:3954} INFO - Setting next_dagrun for produce_json to None, run_after=None
[2026-05-14T21:19:38.643+0000] {processor.py:183} INFO - Processing /opt/airflow/dags/main.py took 0.378 seconds
[2026-05-14T21:20:09.456+0000] {processor.py:161} INFO - Started process (PID=5357) to work on /opt/airflow/dags/main.py
[2026-05-14T21:20:09.458+0000] {processor.py:830} INFO - Processing file /opt/airflow/dags/main.py for tasks to queue
[2026-05-14T21:20:09.465+0000] {logging_mixin.py:188} INFO - [2026-05-14T21:20:09.465+0000] {dagbag.py:545} INFO - Filling up the DagBag from /opt/airflow/dags/main.py
[2026-05-14T21:20:09.544+0000] {processor.py:840} INFO - DAG(s) 'produce_json' retrieved from /opt/airflow/dags/main.py
[2026-05-14T21:20:09.589+0000] {logging_mixin.py:188} INFO - [2026-05-14T21:20:09.589+0000] {dag.py:3096} INFO - Sync 1 DAGs
[2026-05-14T21:20:09.616+0000] {logging_mixin.py:188} INFO - [2026-05-14T21:20:09.615+0000] {dag.py:3954} INFO - Setting next_dagrun for produce_json to None, run_after=None
[2026-05-14T21:20:09.670+0000] {processor.py:183} INFO - Processing /opt/airflow/dags/main.py took 0.232 seconds
[2026-05-14T21:20:40.080+0000] {processor.py:161} INFO - Started process (PID=5364) to work on /opt/airflow/dags/main.py
[2026-05-14T21:20:40.086+0000] {processor.py:830} INFO - Processing file /opt/airflow/dags/main.py for tasks to queue
[2026-05-14T21:20:40.091+0000] {logging_mixin.py:188} INFO - [2026-05-14T21:20:40.090+0000] {dagbag.py:545} INFO - Filling up the DagBag from /opt/airflow/dags/main.py
[2026-05-14T21:20:40.225+0000] {processor.py:840} INFO - DAG(s) 'produce_json' retrieved from /opt/airflow/dags/main.py
[2026-05-14T21:20:40.270+0000] {logging_mixin.py:188} INFO - [2026-05-14T21:20:40.269+0000] {dag.py:3096} INFO - Sync 1 DAGs
[2026-05-14T21:20:40.292+0000] {logging_mixin.py:188} INFO - [2026-05-14T21:20:40.292+0000] {dag.py:3954} INFO - Setting next_dagrun for produce_json to None, run_after=None
[2026-05-14T21:20:40.346+0000] {processor.py:183} INFO - Processing /opt/airflow/dags/main.py took 0.288 seconds
[2026-05-14T21:21:10.577+0000] {processor.py:161} INFO - Started process (PID=5371) to work on /opt/airflow/dags/main.py
[2026-05-14T21:21:10.579+0000] {processor.py:830} INFO - Processing file /opt/airflow/dags/main.py for tasks to queue
[2026-05-14T21:21:10.584+0000] {logging_mixin.py:188} INFO - [2026-05-14T21:21:10.583+0000] {dagbag.py:545} INFO - Filling up the DagBag from /opt/airflow/dags/main.py
[2026-05-14T21:21:10.666+0000] {processor.py:840} INFO - DAG(s) 'produce_json' retrieved from /opt/airflow/dags/main.py
[2026-05-14T21:21:10.699+0000] {logging_mixin.py:188} INFO - [2026-05-14T21:21:10.699+0000] {dag.py:3096} INFO - Sync 1 DAGs
[2026-05-14T21:21:10.721+0000] {logging_mixin.py:188} INFO - [2026-05-14T21:21:10.721+0000] {dag.py:3954} INFO - Setting next_dagrun for produce_json to None, run_after=None
[2026-05-14T21:21:10.756+0000] {processor.py:183} INFO - Processing /opt/airflow/dags/main.py took 0.194 seconds
[2026-05-14T21:21:41.139+0000] {processor.py:161} INFO - Started process (PID=5378) to work on /opt/airflow/dags/main.py
[2026-05-14T21:21:41.143+0000] {processor.py:830} INFO - Processing file /opt/airflow/dags/main.py for tasks to queue
[2026-05-14T21:21:41.147+0000] {logging_mixin.py:188} INFO - [2026-05-14T21:21:41.146+0000] {dagbag.py:545} INFO - Filling up the DagBag from /opt/airflow/dags/main.py
[2026-05-14T21:21:41.240+0000] {processor.py:840} INFO - DAG(s) 'produce_json' retrieved from /opt/airflow/dags/main.py
[2026-05-14T21:21:41.279+0000] {logging_mixin.py:188} INFO - [2026-05-14T21:21:41.279+0000] {dag.py:3096} INFO - Sync 1 DAGs
[2026-05-14T21:21:41.321+0000] {logging_mixin.py:188} INFO - [2026-05-14T21:21:41.321+0000] {dag.py:3954} INFO - Setting next_dagrun for produce_json to None, run_after=None
[2026-05-14T21:21:41.389+0000] {processor.py:183} INFO - Processing /opt/airflow/dags/main.py took 0.260 seconds
[2026-05-14T21:22:12.023+0000] {processor.py:161} INFO - Started process (PID=5385) to work on /opt/airflow/dags/main.py
[2026-05-14T21:22:12.025+0000] {processor.py:830} INFO - Processing file /opt/airflow/dags/main.py for tasks to queue
[2026-05-14T21:22:12.029+0000] {logging_mixin.py:188} INFO - [2026-05-14T21:22:12.028+0000] {dagbag.py:545} INFO - Filling up the DagBag from /opt/airflow/dags/main.py
[2026-05-14T21:22:12.174+0000] {processor.py:840} INFO - DAG(s) 'produce_json' retrieved from /opt/airflow/dags/main.py
[2026-05-14T21:22:12.250+0000] {logging_mixin.py:188} INFO - [2026-05-14T21:22:12.249+0000] {dag.py:3096} INFO - Sync 1 DAGs
[2026-05-14T21:22:12.272+0000] {logging_mixin.py:188} INFO - [2026-05-14T21:22:12.271+0000] {dag.py:3954} INFO - Setting next_dagrun for produce_json to None, run_after=None
[2026-05-14T21:22:12.314+0000] {processor.py:183} INFO - Processing /opt/airflow/dags/main.py took 0.302 seconds
[2026-05-14T21:22:42.451+0000] {processor.py:161} INFO - Started process (PID=5392) to work on /opt/airflow/dags/main.py
[2026-05-14T21:22:42.453+0000] {processor.py:830} INFO - Processing file /opt/airflow/dags/main.py for tasks to queue
[2026-05-14T21:22:42.457+0000] {logging_mixin.py:188} INFO - [2026-05-14T21:22:42.456+0000] {dagbag.py:545} INFO - Filling up the DagBag from /opt/airflow/dags/main.py
[2026-05-14T21:22:42.571+0000] {processor.py:840} INFO - DAG(s) 'produce_json' retrieved from /opt/airflow/dags/main.py
[2026-05-14T21:22:42.724+0000] {logging_mixin.py:188} INFO - [2026-05-14T21:22:42.723+0000] {dag.py:3096} INFO - Sync 1 DAGs
[2026-05-14T21:22:42.784+0000] {logging_mixin.py:188} INFO - [2026-05-14T21:22:42.784+0000] {dag.py:3954} INFO - Setting next_dagrun for produce_json to None, run_after=None
[2026-05-14T21:22:42.826+0000] {processor.py:183} INFO - Processing /opt/airflow/dags/main.py took 0.389 seconds
[2026-05-14T21:23:13.197+0000] {processor.py:161} INFO - Started process (PID=5399) to work on /opt/airflow/dags/main.py
[2026-05-14T21:23:13.199+0000] {processor.py:830} INFO - Processing file /opt/airflow/dags/main.py for tasks to queue
[2026-05-14T21:23:13.203+0000] {logging_mixin.py:188} INFO - [2026-05-14T21:23:13.202+0000] {dagbag.py:545} INFO - Filling up the DagBag from /opt/airflow/dags/main.py
[2026-05-14T21:23:13.435+0000] {processor.py:840} INFO - DAG(s) 'produce_json' retrieved from /opt/airflow/dags/main.py
[2026-05-14T21:23:13.549+0000] {logging_mixin.py:188} INFO - [2026-05-14T21:23:13.548+0000] {dag.py:3096} INFO - Sync 1 DAGs
[2026-05-14T21:23:13.594+0000] {logging_mixin.py:188} INFO - [2026-05-14T21:23:13.594+0000] {dag.py:3954} INFO - Setting next_dagrun for produce_json to None, run_after=None
[2026-05-14T21:23:13.668+0000] {processor.py:183} INFO - Processing /opt/airflow/dags/main.py took 0.486 seconds
[2026-05-14T21:23:44.359+0000] {processor.py:161} INFO - Started process (PID=5406) to work on /opt/airflow/dags/main.py
[2026-05-14T21:23:44.362+0000] {processor.py:830} INFO - Processing file /opt/airflow/dags/main.py for tasks to queue
[2026-05-14T21:23:44.365+0000] {logging_mixin.py:188} INFO - [2026-05-14T21:23:44.365+0000] {dagbag.py:545} INFO - Filling up the DagBag from /opt/airflow/dags/main.py
[2026-05-14T21:23:44.484+0000] {processor.py:840} INFO - DAG(s) 'produce_json' retrieved from /opt/airflow/dags/main.py
[2026-05-14T21:23:44.553+0000] {logging_mixin.py:188} INFO - [2026-05-14T21:23:44.552+0000] {dag.py:3096} INFO - Sync 1 DAGs
[2026-05-14T21:23:44.587+0000] {logging_mixin.py:188} INFO - [2026-05-14T21:23:44.586+0000] {dag.py:3954} INFO - Setting next_dagrun for produce_json to None, run_after=None
[2026-05-14T21:23:44.636+0000] {processor.py:183} INFO - Processing /opt/airflow/dags/main.py took 0.303 seconds
[2026-05-14T21:24:14.935+0000] {processor.py:161} INFO - Started process (PID=5413) to work on /opt/airflow/dags/main.py
[2026-05-14T21:24:14.937+0000] {processor.py:830} INFO - Processing file /opt/airflow/dags/main.py for tasks to queue
[2026-05-14T21:24:14.941+0000] {logging_mixin.py:188} INFO - [2026-05-14T21:24:14.940+0000] {dagbag.py:545} INFO - Filling up the DagBag from /opt/airflow/dags/main.py
[2026-05-14T21:24:15.026+0000] {processor.py:840} INFO - DAG(s) 'produce_json' retrieved from /opt/airflow/dags/main.py
[2026-05-14T21:24:15.071+0000] {logging_mixin.py:188} INFO - [2026-05-14T21:24:15.070+0000] {dag.py:3096} INFO - Sync 1 DAGs
[2026-05-14T21:24:15.098+0000] {logging_mixin.py:188} INFO - [2026-05-14T21:24:15.098+0000] {dag.py:3954} INFO - Setting next_dagrun for produce_json to None, run_after=None
[2026-05-14T21:24:15.160+0000] {processor.py:183} INFO - Processing /opt/airflow/dags/main.py took 0.235 seconds
[2026-05-14T21:24:45.327+0000] {processor.py:161} INFO - Started process (PID=5420) to work on /opt/airflow/dags/main.py
[2026-05-14T21:24:45.330+0000] {processor.py:830} INFO - Processing file /opt/airflow/dags/main.py for tasks to queue
[2026-05-14T21:24:45.339+0000] {logging_mixin.py:188} INFO - [2026-05-14T21:24:45.334+0000] {dagbag.py:545} INFO - Filling up the DagBag from /opt/airflow/dags/main.py
[2026-05-14T21:24:45.443+0000] {processor.py:840} INFO - DAG(s) 'produce_json' retrieved from /opt/airflow/dags/main.py
[2026-05-14T21:24:45.480+0000] {logging_mixin.py:188} INFO - [2026-05-14T21:24:45.479+0000] {dag.py:3096} INFO - Sync 1 DAGs
[2026-05-14T21:24:45.506+0000] {logging_mixin.py:188} INFO - [2026-05-14T21:24:45.506+0000] {dag.py:3954} INFO - Setting next_dagrun for produce_json to None, run_after=None
[2026-05-14T21:24:45.550+0000] {processor.py:183} INFO - Processing /opt/airflow/dags/main.py took 0.249 seconds
[2026-05-14T21:25:15.991+0000] {processor.py:161} INFO - Started process (PID=5427) to work on /opt/airflow/dags/main.py
[2026-05-14T21:25:15.993+0000] {processor.py:830} INFO - Processing file /opt/airflow/dags/main.py for tasks to queue
[2026-05-14T21:25:15.999+0000] {logging_mixin.py:188} INFO - [2026-05-14T21:25:15.999+0000] {dagbag.py:545} INFO - Filling up the DagBag from /opt/airflow/dags/main.py
[2026-05-14T21:25:16.159+0000] {processor.py:840} INFO - DAG(s) 'produce_json' retrieved from /opt/airflow/dags/main.py
[2026-05-14T21:25:16.232+0000] {logging_mixin.py:188} INFO - [2026-05-14T21:25:16.231+0000] {dag.py:3096} INFO - Sync 1 DAGs
[2026-05-14T21:25:16.269+0000] {logging_mixin.py:188} INFO - [2026-05-14T21:25:16.268+0000] {dag.py:3954} INFO - Setting next_dagrun for produce_json to None, run_after=None
[2026-05-14T21:25:16.304+0000] {processor.py:183} INFO - Processing /opt/airflow/dags/main.py took 0.325 seconds
[2026-05-14T21:25:46.547+0000] {processor.py:161} INFO - Started process (PID=5434) to work on /opt/airflow/dags/main.py
[2026-05-14T21:25:46.552+0000] {processor.py:830} INFO - Processing file /opt/airflow/dags/main.py for tasks to queue
[2026-05-14T21:25:46.556+0000] {logging_mixin.py:188} INFO - [2026-05-14T21:25:46.556+0000] {dagbag.py:545} INFO - Filling up the DagBag from /opt/airflow/dags/main.py
[2026-05-14T21:25:46.836+0000] {processor.py:840} INFO - DAG(s) 'produce_json' retrieved from /opt/airflow/dags/main.py
[2026-05-14T21:25:46.975+0000] {logging_mixin.py:188} INFO - [2026-05-14T21:25:46.975+0000] {dag.py:3096} INFO - Sync 1 DAGs
[2026-05-14T21:25:47.042+0000] {logging_mixin.py:188} INFO - [2026-05-14T21:25:47.041+0000] {dag.py:3954} INFO - Setting next_dagrun for produce_json to None, run_after=None
[2026-05-14T21:25:47.096+0000] {processor.py:183} INFO - Processing /opt/airflow/dags/main.py took 0.573 seconds
[2026-05-14T21:26:17.685+0000] {processor.py:161} INFO - Started process (PID=5441) to work on /opt/airflow/dags/main.py
[2026-05-14T21:26:17.696+0000] {processor.py:830} INFO - Processing file /opt/airflow/dags/main.py for tasks to queue
[2026-05-14T21:26:17.711+0000] {logging_mixin.py:188} INFO - [2026-05-14T21:26:17.710+0000] {dagbag.py:545} INFO - Filling up the DagBag from /opt/airflow/dags/main.py
[2026-05-14T21:26:18.134+0000] {processor.py:840} INFO - DAG(s) 'produce_json' retrieved from /opt/airflow/dags/main.py
[2026-05-14T21:26:18.310+0000] {logging_mixin.py:188} INFO - [2026-05-14T21:26:18.309+0000] {dag.py:3096} INFO - Sync 1 DAGs
[2026-05-14T21:26:18.378+0000] {logging_mixin.py:188} INFO - [2026-05-14T21:26:18.377+0000] {dag.py:3954} INFO - Setting next_dagrun for produce_json to None, run_after=None
[2026-05-14T21:26:18.463+0000] {processor.py:183} INFO - Processing /opt/airflow/dags/main.py took 0.816 seconds
[2026-05-14T21:26:48.712+0000] {processor.py:161} INFO - Started process (PID=5449) to work on /opt/airflow/dags/main.py
[2026-05-14T21:26:48.716+0000] {processor.py:830} INFO - Processing file /opt/airflow/dags/main.py for tasks to queue
[2026-05-14T21:26:48.722+0000] {logging_mixin.py:188} INFO - [2026-05-14T21:26:48.721+0000] {dagbag.py:545} INFO - Filling up the DagBag from /opt/airflow/dags/main.py
[2026-05-14T21:26:48.887+0000] {processor.py:840} INFO - DAG(s) 'produce_json' retrieved from /opt/airflow/dags/main.py
[2026-05-14T21:26:48.958+0000] {logging_mixin.py:188} INFO - [2026-05-14T21:26:48.957+0000] {dag.py:3096} INFO - Sync 1 DAGs
[2026-05-14T21:26:48.986+0000] {logging_mixin.py:188} INFO - [2026-05-14T21:26:48.985+0000] {dag.py:3954} INFO - Setting next_dagrun for produce_json to None, run_after=None
[2026-05-14T21:26:49.026+0000] {processor.py:183} INFO - Processing /opt/airflow/dags/main.py took 0.338 seconds
[2026-05-14T21:27:19.154+0000] {processor.py:161} INFO - Started process (PID=5456) to work on /opt/airflow/dags/main.py
[2026-05-14T21:27:19.156+0000] {processor.py:830} INFO - Processing file /opt/airflow/dags/main.py for tasks to queue
[2026-05-14T21:27:19.160+0000] {logging_mixin.py:188} INFO - [2026-05-14T21:27:19.159+0000] {dagbag.py:545} INFO - Filling up the DagBag from /opt/airflow/dags/main.py
[2026-05-14T21:27:19.258+0000] {processor.py:840} INFO - DAG(s) 'produce_json' retrieved from /opt/airflow/dags/main.py
[2026-05-14T21:27:19.293+0000] {logging_mixin.py:188} INFO - [2026-05-14T21:27:19.292+0000] {dag.py:3096} INFO - Sync 1 DAGs
[2026-05-14T21:27:19.312+0000] {logging_mixin.py:188} INFO - [2026-05-14T21:27:19.311+0000] {dag.py:3954} INFO - Setting next_dagrun for produce_json to None, run_after=None
[2026-05-14T21:27:19.339+0000] {processor.py:183} INFO - Processing /opt/airflow/dags/main.py took 0.206 seconds
[2026-05-14T21:27:49.613+0000] {processor.py:161} INFO - Started process (PID=5463) to work on /opt/airflow/dags/main.py
[2026-05-14T21:27:49.618+0000] {processor.py:830} INFO - Processing file /opt/airflow/dags/main.py for tasks to queue
[2026-05-14T21:27:49.621+0000] {logging_mixin.py:188} INFO - [2026-05-14T21:27:49.621+0000] {dagbag.py:545} INFO - Filling up the DagBag from /opt/airflow/dags/main.py
[2026-05-14T21:27:49.707+0000] {processor.py:840} INFO - DAG(s) 'produce_json' retrieved from /opt/airflow/dags/main.py
[2026-05-14T21:27:49.746+0000] {logging_mixin.py:188} INFO - [2026-05-14T21:27:49.746+0000] {dag.py:3096} INFO - Sync 1 DAGs
[2026-05-14T21:27:49.771+0000] {logging_mixin.py:188} INFO - [2026-05-14T21:27:49.771+0000] {dag.py:3954} INFO - Setting next_dagrun for produce_json to None, run_after=None
[2026-05-14T21:27:49.819+0000] {processor.py:183} INFO - Processing /opt/airflow/dags/main.py took 0.226 seconds
[2026-05-14T21:28:20.168+0000] {processor.py:161} INFO - Started process (PID=5470) to work on /opt/airflow/dags/main.py
[2026-05-14T21:28:20.173+0000] {processor.py:830} INFO - Processing file /opt/airflow/dags/main.py for tasks to queue
[2026-05-14T21:28:20.177+0000] {logging_mixin.py:188} INFO - [2026-05-14T21:28:20.176+0000] {dagbag.py:545} INFO - Filling up the DagBag from /opt/airflow/dags/main.py
[2026-05-14T21:28:20.358+0000] {processor.py:840} INFO - DAG(s) 'produce_json' retrieved from /opt/airflow/dags/main.py
[2026-05-14T21:28:20.443+0000] {logging_mixin.py:188} INFO - [2026-05-14T21:28:20.442+0000] {dag.py:3096} INFO - Sync 1 DAGs
[2026-05-14T21:28:20.493+0000] {logging_mixin.py:188} INFO - [2026-05-14T21:28:20.492+0000] {dag.py:3954} INFO - Setting next_dagrun for produce_json to None, run_after=None
[2026-05-14T21:28:20.531+0000] {processor.py:183} INFO - Processing /opt/airflow/dags/main.py took 0.386 seconds
[2026-05-14T21:28:50.783+0000] {processor.py:161} INFO - Started process (PID=5477) to work on /opt/airflow/dags/main.py
[2026-05-14T21:28:50.787+0000] {processor.py:830} INFO - Processing file /opt/airflow/dags/main.py for tasks to queue
[2026-05-14T21:28:50.794+0000] {logging_mixin.py:188} INFO - [2026-05-14T21:28:50.793+0000] {dagbag.py:545} INFO - Filling up the DagBag from /opt/airflow/dags/main.py
[2026-05-14T21:28:50.937+0000] {processor.py:840} INFO - DAG(s) 'produce_json' retrieved from /opt/airflow/dags/main.py
[2026-05-14T21:28:50.985+0000] {logging_mixin.py:188} INFO - [2026-05-14T21:28:50.984+0000] {dag.py:3096} INFO - Sync 1 DAGs
[2026-05-14T21:28:51.022+0000] {logging_mixin.py:188} INFO - [2026-05-14T21:28:51.021+0000] {dag.py:3954} INFO - Setting next_dagrun for produce_json to None, run_after=None
[2026-05-14T21:28:51.083+0000] {processor.py:183} INFO - Processing /opt/airflow/dags/main.py took 0.318 seconds
[2026-05-14T21:29:21.461+0000] {processor.py:161} INFO - Started process (PID=5484) to work on /opt/airflow/dags/main.py
[2026-05-14T21:29:21.473+0000] {processor.py:830} INFO - Processing file /opt/airflow/dags/main.py for tasks to queue
[2026-05-14T21:29:21.484+0000] {logging_mixin.py:188} INFO - [2026-05-14T21:29:21.483+0000] {dagbag.py:545} INFO - Filling up the DagBag from /opt/airflow/dags/main.py
[2026-05-14T21:29:21.611+0000] {processor.py:840} INFO - DAG(s) 'produce_json' retrieved from /opt/airflow/dags/main.py
[2026-05-14T21:29:21.665+0000] {logging_mixin.py:188} INFO - [2026-05-14T21:29:21.664+0000] {dag.py:3096} INFO - Sync 1 DAGs
[2026-05-14T21:29:21.685+0000] {logging_mixin.py:188} INFO - [2026-05-14T21:29:21.685+0000] {dag.py:3954} INFO - Setting next_dagrun for produce_json to None, run_after=None
[2026-05-14T21:29:21.723+0000] {processor.py:183} INFO - Processing /opt/airflow/dags/main.py took 0.272 seconds
[2026-05-14T21:29:52.688+0000] {processor.py:161} INFO - Started process (PID=5491) to work on /opt/airflow/dags/main.py
[2026-05-14T21:29:52.693+0000] {processor.py:830} INFO - Processing file /opt/airflow/dags/main.py for tasks to queue
[2026-05-14T21:29:52.706+0000] {logging_mixin.py:188} INFO - [2026-05-14T21:29:52.705+0000] {dagbag.py:545} INFO - Filling up the DagBag from /opt/airflow/dags/main.py
[2026-05-14T21:29:53.071+0000] {processor.py:840} INFO - DAG(s) 'produce_json' retrieved from /opt/airflow/dags/main.py
[2026-05-14T21:29:53.205+0000] {logging_mixin.py:188} INFO - [2026-05-14T21:29:53.204+0000] {dag.py:3096} INFO - Sync 1 DAGs
[2026-05-14T21:29:53.274+0000] {logging_mixin.py:188} INFO - [2026-05-14T21:29:53.273+0000] {dag.py:3954} INFO - Setting next_dagrun for produce_json to None, run_after=None
[2026-05-14T21:29:53.371+0000] {processor.py:183} INFO - Processing /opt/airflow/dags/main.py took 0.732 seconds
[2026-05-14T21:30:24.161+0000] {processor.py:161} INFO - Started process (PID=5498) to work on /opt/airflow/dags/main.py
[2026-05-14T21:30:24.163+0000] {processor.py:830} INFO - Processing file /opt/airflow/dags/main.py for tasks to queue
[2026-05-14T21:30:24.168+0000] {logging_mixin.py:188} INFO - [2026-05-14T21:30:24.167+0000] {dagbag.py:545} INFO - Filling up the DagBag from /opt/airflow/dags/main.py
[2026-05-14T21:30:24.297+0000] {processor.py:840} INFO - DAG(s) 'produce_json' retrieved from /opt/airflow/dags/main.py
[2026-05-14T21:30:24.354+0000] {logging_mixin.py:188} INFO - [2026-05-14T21:30:24.353+0000] {dag.py:3096} INFO - Sync 1 DAGs
[2026-05-14T21:30:24.386+0000] {logging_mixin.py:188} INFO - [2026-05-14T21:30:24.385+0000] {dag.py:3954} INFO - Setting next_dagrun for produce_json to None, run_after=None
[2026-05-14T21:30:24.435+0000] {processor.py:183} INFO - Processing /opt/airflow/dags/main.py took 0.289 seconds
[2026-05-14T21:30:54.934+0000] {processor.py:161} INFO - Started process (PID=5505) to work on /opt/airflow/dags/main.py
[2026-05-14T21:30:54.936+0000] {processor.py:830} INFO - Processing file /opt/airflow/dags/main.py for tasks to queue
[2026-05-14T21:30:54.940+0000] {logging_mixin.py:188} INFO - [2026-05-14T21:30:54.939+0000] {dagbag.py:545} INFO - Filling up the DagBag from /opt/airflow/dags/main.py
[2026-05-14T21:30:55.058+0000] {processor.py:840} INFO - DAG(s) 'produce_json' retrieved from /opt/airflow/dags/main.py
[2026-05-14T21:30:55.115+0000] {logging_mixin.py:188} INFO - [2026-05-14T21:30:55.115+0000] {dag.py:3096} INFO - Sync 1 DAGs
[2026-05-14T21:30:55.143+0000] {logging_mixin.py:188} INFO - [2026-05-14T21:30:55.142+0000] {dag.py:3954} INFO - Setting next_dagrun for produce_json to None, run_after=None
[2026-05-14T21:30:55.191+0000] {processor.py:183} INFO - Processing /opt/airflow/dags/main.py took 0.272 seconds
[2026-05-14T21:31:25.721+0000] {processor.py:161} INFO - Started process (PID=5512) to work on /opt/airflow/dags/main.py
[2026-05-14T21:31:25.725+0000] {processor.py:830} INFO - Processing file /opt/airflow/dags/main.py for tasks to queue
[2026-05-14T21:31:25.729+0000] {logging_mixin.py:188} INFO - [2026-05-14T21:31:25.728+0000] {dagbag.py:545} INFO - Filling up the DagBag from /opt/airflow/dags/main.py
[2026-05-14T21:31:25.831+0000] {processor.py:840} INFO - DAG(s) 'produce_json' retrieved from /opt/airflow/dags/main.py
[2026-05-14T21:31:25.876+0000] {logging_mixin.py:188} INFO - [2026-05-14T21:31:25.875+0000] {dag.py:3096} INFO - Sync 1 DAGs
[2026-05-14T21:31:25.908+0000] {logging_mixin.py:188} INFO - [2026-05-14T21:31:25.907+0000] {dag.py:3954} INFO - Setting next_dagrun for produce_json to None, run_after=None
[2026-05-14T21:31:26.006+0000] {processor.py:183} INFO - Processing /opt/airflow/dags/main.py took 0.304 seconds
[2026-05-14T21:31:56.519+0000] {processor.py:161} INFO - Started process (PID=5519) to work on /opt/airflow/dags/main.py
[2026-05-14T21:31:56.522+0000] {processor.py:830} INFO - Processing file /opt/airflow/dags/main.py for tasks to queue
[2026-05-14T21:31:56.529+0000] {logging_mixin.py:188} INFO - [2026-05-14T21:31:56.526+0000] {dagbag.py:545} INFO - Filling up the DagBag from /opt/airflow/dags/main.py
[2026-05-14T21:31:56.641+0000] {processor.py:840} INFO - DAG(s) 'produce_json' retrieved from /opt/airflow/dags/main.py
[2026-05-14T21:31:56.683+0000] {logging_mixin.py:188} INFO - [2026-05-14T21:31:56.683+0000] {dag.py:3096} INFO - Sync 1 DAGs
[2026-05-14T21:31:56.703+0000] {logging_mixin.py:188} INFO - [2026-05-14T21:31:56.703+0000] {dag.py:3954} INFO - Setting next_dagrun for produce_json to None, run_after=None
[2026-05-14T21:31:56.740+0000] {processor.py:183} INFO - Processing /opt/airflow/dags/main.py took 0.240 seconds
[2026-05-14T21:32:26.912+0000] {processor.py:161} INFO - Started process (PID=5526) to work on /opt/airflow/dags/main.py
[2026-05-14T21:32:26.915+0000] {processor.py:830} INFO - Processing file /opt/airflow/dags/main.py for tasks to queue
[2026-05-14T21:32:26.919+0000] {logging_mixin.py:188} INFO - [2026-05-14T21:32:26.918+0000] {dagbag.py:545} INFO - Filling up the DagBag from /opt/airflow/dags/main.py
[2026-05-14T21:32:27.475+0000] {processor.py:840} INFO - DAG(s) 'produce_json' retrieved from /opt/airflow/dags/main.py
[2026-05-14T21:32:27.512+0000] {logging_mixin.py:188} INFO - [2026-05-14T21:32:27.512+0000] {dag.py:3096} INFO - Sync 1 DAGs
[2026-05-14T21:32:27.533+0000] {logging_mixin.py:188} INFO - [2026-05-14T21:32:27.532+0000] {dag.py:3954} INFO - Setting next_dagrun for produce_json to None, run_after=None
[2026-05-14T21:32:27.719+0000] {processor.py:183} INFO - Processing /opt/airflow/dags/main.py took 0.821 seconds
[2026-05-14T21:32:57.875+0000] {processor.py:161} INFO - Started process (PID=5533) to work on /opt/airflow/dags/main.py
[2026-05-14T21:32:57.877+0000] {processor.py:830} INFO - Processing file /opt/airflow/dags/main.py for tasks to queue
[2026-05-14T21:32:57.881+0000] {logging_mixin.py:188} INFO - [2026-05-14T21:32:57.880+0000] {dagbag.py:545} INFO - Filling up the DagBag from /opt/airflow/dags/main.py
[2026-05-14T21:32:57.982+0000] {processor.py:840} INFO - DAG(s) 'produce_json' retrieved from /opt/airflow/dags/main.py
[2026-05-14T21:32:58.025+0000] {logging_mixin.py:188} INFO - [2026-05-14T21:32:58.024+0000] {dag.py:3096} INFO - Sync 1 DAGs
[2026-05-14T21:32:58.045+0000] {logging_mixin.py:188} INFO - [2026-05-14T21:32:58.044+0000] {dag.py:3954} INFO - Setting next_dagrun for produce_json to None, run_after=None
[2026-05-14T21:32:58.081+0000] {processor.py:183} INFO - Processing /opt/airflow/dags/main.py took 0.218 seconds
[2026-05-14T21:33:28.590+0000] {processor.py:161} INFO - Started process (PID=5540) to work on /opt/airflow/dags/main.py
[2026-05-14T21:33:28.598+0000] {processor.py:830} INFO - Processing file /opt/airflow/dags/main.py for tasks to queue
[2026-05-14T21:33:28.613+0000] {logging_mixin.py:188} INFO - [2026-05-14T21:33:28.612+0000] {dagbag.py:545} INFO - Filling up the DagBag from /opt/airflow/dags/main.py
[2026-05-14T21:33:28.767+0000] {processor.py:840} INFO - DAG(s) 'produce_json' retrieved from /opt/airflow/dags/main.py
[2026-05-14T21:33:28.822+0000] {logging_mixin.py:188} INFO - [2026-05-14T21:33:28.822+0000] {dag.py:3096} INFO - Sync 1 DAGs
[2026-05-14T21:33:28.856+0000] {logging_mixin.py:188} INFO - [2026-05-14T21:33:28.856+0000] {dag.py:3954} INFO - Setting next_dagrun for produce_json to None, run_after=None
[2026-05-14T21:33:28.906+0000] {processor.py:183} INFO - Processing /opt/airflow/dags/main.py took 0.348 seconds
[2026-05-14T21:33:59.294+0000] {processor.py:161} INFO - Started process (PID=5547) to work on /opt/airflow/dags/main.py
[2026-05-14T21:33:59.296+0000] {processor.py:830} INFO - Processing file /opt/airflow/dags/main.py for tasks to queue
[2026-05-14T21:33:59.300+0000] {logging_mixin.py:188} INFO - [2026-05-14T21:33:59.299+0000] {dagbag.py:545} INFO - Filling up the DagBag from /opt/airflow/dags/main.py
[2026-05-14T21:33:59.439+0000] {processor.py:840} INFO - DAG(s) 'produce_json' retrieved from /opt/airflow/dags/main.py
[2026-05-14T21:33:59.509+0000] {logging_mixin.py:188} INFO - [2026-05-14T21:33:59.508+0000] {dag.py:3096} INFO - Sync 1 DAGs
[2026-05-14T21:33:59.530+0000] {logging_mixin.py:188} INFO - [2026-05-14T21:33:59.529+0000] {dag.py:3954} INFO - Setting next_dagrun for produce_json to None, run_after=None
[2026-05-14T21:33:59.574+0000] {processor.py:183} INFO - Processing /opt/airflow/dags/main.py took 0.295 seconds
[2026-05-14T21:34:29.752+0000] {processor.py:161} INFO - Started process (PID=5554) to work on /opt/airflow/dags/main.py
[2026-05-14T21:34:29.754+0000] {processor.py:830} INFO - Processing file /opt/airflow/dags/main.py for tasks to queue
[2026-05-14T21:34:29.761+0000] {logging_mixin.py:188} INFO - [2026-05-14T21:34:29.760+0000] {dagbag.py:545} INFO - Filling up the DagBag from /opt/airflow/dags/main.py
[2026-05-14T21:34:29.903+0000] {processor.py:840} INFO - DAG(s) 'produce_json' retrieved from /opt/airflow/dags/main.py
[2026-05-14T21:34:29.999+0000] {logging_mixin.py:188} INFO - [2026-05-14T21:34:29.998+0000] {dag.py:3096} INFO - Sync 1 DAGs
[2026-05-14T21:34:30.039+0000] {logging_mixin.py:188} INFO - [2026-05-14T21:34:30.038+0000] {dag.py:3954} INFO - Setting next_dagrun for produce_json to None, run_after=None
[2026-05-14T21:34:30.101+0000] {processor.py:183} INFO - Processing /opt/airflow/dags/main.py took 0.360 seconds
[2026-05-14T21:35:00.915+0000] {processor.py:161} INFO - Started process (PID=5561) to work on /opt/airflow/dags/main.py
[2026-05-14T21:35:00.918+0000] {processor.py:830} INFO - Processing file /opt/airflow/dags/main.py for tasks to queue
[2026-05-14T21:35:00.922+0000] {logging_mixin.py:188} INFO - [2026-05-14T21:35:00.921+0000] {dagbag.py:545} INFO - Filling up the DagBag from /opt/airflow/dags/main.py
[2026-05-14T21:35:01.024+0000] {processor.py:840} INFO - DAG(s) 'produce_json' retrieved from /opt/airflow/dags/main.py
[2026-05-14T21:35:01.061+0000] {logging_mixin.py:188} INFO - [2026-05-14T21:35:01.061+0000] {dag.py:3096} INFO - Sync 1 DAGs
[2026-05-14T21:35:01.080+0000] {logging_mixin.py:188} INFO - [2026-05-14T21:35:01.080+0000] {dag.py:3954} INFO - Setting next_dagrun for produce_json to None, run_after=None
[2026-05-14T21:35:01.113+0000] {processor.py:183} INFO - Processing /opt/airflow/dags/main.py took 0.212 seconds
[2026-05-14T21:35:31.268+0000] {processor.py:161} INFO - Started process (PID=5568) to work on /opt/airflow/dags/main.py
[2026-05-14T21:35:31.270+0000] {processor.py:830} INFO - Processing file /opt/airflow/dags/main.py for tasks to queue
[2026-05-14T21:35:31.273+0000] {logging_mixin.py:188} INFO - [2026-05-14T21:35:31.273+0000] {dagbag.py:545} INFO - Filling up the DagBag from /opt/airflow/dags/main.py
[2026-05-14T21:35:31.409+0000] {processor.py:840} INFO - DAG(s) 'produce_json' retrieved from /opt/airflow/dags/main.py
[2026-05-14T21:35:31.472+0000] {logging_mixin.py:188} INFO - [2026-05-14T21:35:31.471+0000] {dag.py:3096} INFO - Sync 1 DAGs
[2026-05-14T21:35:31.509+0000] {logging_mixin.py:188} INFO - [2026-05-14T21:35:31.509+0000] {dag.py:3954} INFO - Setting next_dagrun for produce_json to None, run_after=None
[2026-05-14T21:35:31.553+0000] {processor.py:183} INFO - Processing /opt/airflow/dags/main.py took 0.299 seconds
[2026-05-14T21:36:01.775+0000] {processor.py:161} INFO - Started process (PID=5575) to work on /opt/airflow/dags/main.py
[2026-05-14T21:36:01.778+0000] {processor.py:830} INFO - Processing file /opt/airflow/dags/main.py for tasks to queue
[2026-05-14T21:36:01.781+0000] {logging_mixin.py:188} INFO - [2026-05-14T21:36:01.781+0000] {dagbag.py:545} INFO - Filling up the DagBag from /opt/airflow/dags/main.py
[2026-05-14T21:36:01.891+0000] {processor.py:840} INFO - DAG(s) 'produce_json' retrieved from /opt/airflow/dags/main.py
[2026-05-14T21:36:01.942+0000] {logging_mixin.py:188} INFO - [2026-05-14T21:36:01.942+0000] {dag.py:3096} INFO - Sync 1 DAGs
[2026-05-14T21:36:01.971+0000] {logging_mixin.py:188} INFO - [2026-05-14T21:36:01.971+0000] {dag.py:3954} INFO - Setting next_dagrun for produce_json to None, run_after=None
[2026-05-14T21:36:02.016+0000] {processor.py:183} INFO - Processing /opt/airflow/dags/main.py took 0.257 seconds
[2026-05-14T21:36:32.533+0000] {processor.py:161} INFO - Started process (PID=5582) to work on /opt/airflow/dags/main.py
[2026-05-14T21:36:32.535+0000] {processor.py:830} INFO - Processing file /opt/airflow/dags/main.py for tasks to queue
[2026-05-14T21:36:32.538+0000] {logging_mixin.py:188} INFO - [2026-05-14T21:36:32.537+0000] {dagbag.py:545} INFO - Filling up the DagBag from /opt/airflow/dags/main.py
[2026-05-14T21:36:32.663+0000] {processor.py:840} INFO - DAG(s) 'produce_json' retrieved from /opt/airflow/dags/main.py
[2026-05-14T21:36:32.713+0000] {logging_mixin.py:188} INFO - [2026-05-14T21:36:32.713+0000] {dag.py:3096} INFO - Sync 1 DAGs
[2026-05-14T21:36:32.734+0000] {logging_mixin.py:188} INFO - [2026-05-14T21:36:32.734+0000] {dag.py:3954} INFO - Setting next_dagrun for produce_json to None, run_after=None
[2026-05-14T21:36:32.784+0000] {processor.py:183} INFO - Processing /opt/airflow/dags/main.py took 0.262 seconds
[2026-05-14T21:37:03.074+0000] {processor.py:161} INFO - Started process (PID=5589) to work on /opt/airflow/dags/main.py
[2026-05-14T21:37:03.080+0000] {processor.py:830} INFO - Processing file /opt/airflow/dags/main.py for tasks to queue
[2026-05-14T21:37:03.083+0000] {logging_mixin.py:188} INFO - [2026-05-14T21:37:03.082+0000] {dagbag.py:545} INFO - Filling up the DagBag from /opt/airflow/dags/main.py
[2026-05-14T21:37:03.190+0000] {processor.py:840} INFO - DAG(s) 'produce_json' retrieved from /opt/airflow/dags/main.py
[2026-05-14T21:37:03.242+0000] {logging_mixin.py:188} INFO - [2026-05-14T21:37:03.242+0000] {dag.py:3096} INFO - Sync 1 DAGs
[2026-05-14T21:37:03.274+0000] {logging_mixin.py:188} INFO - [2026-05-14T21:37:03.274+0000] {dag.py:3954} INFO - Setting next_dagrun for produce_json to None, run_after=None
[2026-05-14T21:37:03.322+0000] {processor.py:183} INFO - Processing /opt/airflow/dags/main.py took 0.263 seconds
[2026-05-14T21:37:33.822+0000] {processor.py:161} INFO - Started process (PID=5596) to work on /opt/airflow/dags/main.py
[2026-05-14T21:37:33.824+0000] {processor.py:830} INFO - Processing file /opt/airflow/dags/main.py for tasks to queue
[2026-05-14T21:37:33.827+0000] {logging_mixin.py:188} INFO - [2026-05-14T21:37:33.827+0000] {dagbag.py:545} INFO - Filling up the DagBag from /opt/airflow/dags/main.py
[2026-05-14T21:37:33.952+0000] {processor.py:840} INFO - DAG(s) 'produce_json' retrieved from /opt/airflow/dags/main.py
[2026-05-14T21:37:34.044+0000] {logging_mixin.py:188} INFO - [2026-05-14T21:37:34.043+0000] {dag.py:3096} INFO - Sync 1 DAGs
[2026-05-14T21:37:34.087+0000] {logging_mixin.py:188} INFO - [2026-05-14T21:37:34.086+0000] {dag.py:3954} INFO - Setting next_dagrun for produce_json to None, run_after=None
[2026-05-14T21:37:34.147+0000] {processor.py:183} INFO - Processing /opt/airflow/dags/main.py took 0.338 seconds
[2026-05-14T21:38:04.679+0000] {processor.py:161} INFO - Started process (PID=5603) to work on /opt/airflow/dags/main.py
[2026-05-14T21:38:04.713+0000] {processor.py:830} INFO - Processing file /opt/airflow/dags/main.py for tasks to queue
[2026-05-14T21:38:04.762+0000] {logging_mixin.py:188} INFO - [2026-05-14T21:38:04.761+0000] {dagbag.py:545} INFO - Filling up the DagBag from /opt/airflow/dags/main.py
[2026-05-14T21:38:05.155+0000] {processor.py:840} INFO - DAG(s) 'produce_json' retrieved from /opt/airflow/dags/main.py
[2026-05-14T21:38:05.317+0000] {logging_mixin.py:188} INFO - [2026-05-14T21:38:05.317+0000] {dag.py:3096} INFO - Sync 1 DAGs
[2026-05-14T21:38:05.435+0000] {logging_mixin.py:188} INFO - [2026-05-14T21:38:05.435+0000] {dag.py:3954} INFO - Setting next_dagrun for produce_json to None, run_after=None
[2026-05-14T21:38:05.730+0000] {processor.py:183} INFO - Processing /opt/airflow/dags/main.py took 1.084 seconds
[2026-05-14T21:38:36.247+0000] {processor.py:161} INFO - Started process (PID=5610) to work on /opt/airflow/dags/main.py
[2026-05-14T21:38:36.249+0000] {processor.py:830} INFO - Processing file /opt/airflow/dags/main.py for tasks to queue
[2026-05-14T21:38:36.254+0000] {logging_mixin.py:188} INFO - [2026-05-14T21:38:36.253+0000] {dagbag.py:545} INFO - Filling up the DagBag from /opt/airflow/dags/main.py
[2026-05-14T21:38:36.335+0000] {processor.py:840} INFO - DAG(s) 'produce_json' retrieved from /opt/airflow/dags/main.py
[2026-05-14T21:38:36.370+0000] {logging_mixin.py:188} INFO - [2026-05-14T21:38:36.369+0000] {dag.py:3096} INFO - Sync 1 DAGs
[2026-05-14T21:38:36.387+0000] {logging_mixin.py:188} INFO - [2026-05-14T21:38:36.387+0000] {dag.py:3954} INFO - Setting next_dagrun for produce_json to None, run_after=None
[2026-05-14T21:38:36.460+0000] {processor.py:183} INFO - Processing /opt/airflow/dags/main.py took 0.224 seconds
[2026-05-14T21:39:06.717+0000] {processor.py:161} INFO - Started process (PID=5617) to work on /opt/airflow/dags/main.py
[2026-05-14T21:39:06.719+0000] {processor.py:830} INFO - Processing file /opt/airflow/dags/main.py for tasks to queue
[2026-05-14T21:39:06.724+0000] {logging_mixin.py:188} INFO - [2026-05-14T21:39:06.723+0000] {dagbag.py:545} INFO - Filling up the DagBag from /opt/airflow/dags/main.py
[2026-05-14T21:39:06.859+0000] {processor.py:840} INFO - DAG(s) 'produce_json' retrieved from /opt/airflow/dags/main.py
[2026-05-14T21:39:06.903+0000] {logging_mixin.py:188} INFO - [2026-05-14T21:39:06.902+0000] {dag.py:3096} INFO - Sync 1 DAGs
[2026-05-14T21:39:06.922+0000] {logging_mixin.py:188} INFO - [2026-05-14T21:39:06.921+0000] {dag.py:3954} INFO - Setting next_dagrun for produce_json to None, run_after=None
[2026-05-14T21:39:06.987+0000] {processor.py:183} INFO - Processing /opt/airflow/dags/main.py took 0.283 seconds
[2026-05-14T21:39:37.344+0000] {processor.py:161} INFO - Started process (PID=5624) to work on /opt/airflow/dags/main.py
[2026-05-14T21:39:37.346+0000] {processor.py:830} INFO - Processing file /opt/airflow/dags/main.py for tasks to queue
[2026-05-14T21:39:37.351+0000] {logging_mixin.py:188} INFO - [2026-05-14T21:39:37.350+0000] {dagbag.py:545} INFO - Filling up the DagBag from /opt/airflow/dags/main.py
[2026-05-14T21:39:37.540+0000] {processor.py:840} INFO - DAG(s) 'produce_json' retrieved from /opt/airflow/dags/main.py
[2026-05-14T21:39:37.661+0000] {logging_mixin.py:188} INFO - [2026-05-14T21:39:37.661+0000] {dag.py:3096} INFO - Sync 1 DAGs
[2026-05-14T21:39:37.693+0000] {logging_mixin.py:188} INFO - [2026-05-14T21:39:37.692+0000] {dag.py:3954} INFO - Setting next_dagrun for produce_json to None, run_after=None
[2026-05-14T21:39:37.738+0000] {processor.py:183} INFO - Processing /opt/airflow/dags/main.py took 0.410 seconds
[2026-05-14T21:40:08.456+0000] {processor.py:161} INFO - Started process (PID=5631) to work on /opt/airflow/dags/main.py
[2026-05-14T21:40:08.458+0000] {processor.py:830} INFO - Processing file /opt/airflow/dags/main.py for tasks to queue
[2026-05-14T21:40:08.463+0000] {logging_mixin.py:188} INFO - [2026-05-14T21:40:08.462+0000] {dagbag.py:545} INFO - Filling up the DagBag from /opt/airflow/dags/main.py
[2026-05-14T21:40:08.599+0000] {processor.py:840} INFO - DAG(s) 'produce_json' retrieved from /opt/airflow/dags/main.py
[2026-05-14T21:40:08.642+0000] {logging_mixin.py:188} INFO - [2026-05-14T21:40:08.642+0000] {dag.py:3096} INFO - Sync 1 DAGs
[2026-05-14T21:40:08.674+0000] {logging_mixin.py:188} INFO - [2026-05-14T21:40:08.673+0000] {dag.py:3954} INFO - Setting next_dagrun for produce_json to None, run_after=None
[2026-05-14T21:40:08.743+0000] {processor.py:183} INFO - Processing /opt/airflow/dags/main.py took 0.303 seconds
[2026-05-14T21:40:39.431+0000] {processor.py:161} INFO - Started process (PID=5638) to work on /opt/airflow/dags/main.py
[2026-05-14T21:40:39.434+0000] {processor.py:830} INFO - Processing file /opt/airflow/dags/main.py for tasks to queue
[2026-05-14T21:40:39.438+0000] {logging_mixin.py:188} INFO - [2026-05-14T21:40:39.437+0000] {dagbag.py:545} INFO - Filling up the DagBag from /opt/airflow/dags/main.py
[2026-05-14T21:40:39.555+0000] {processor.py:840} INFO - DAG(s) 'produce_json' retrieved from /opt/airflow/dags/main.py
[2026-05-14T21:40:39.607+0000] {logging_mixin.py:188} INFO - [2026-05-14T21:40:39.606+0000] {dag.py:3096} INFO - Sync 1 DAGs
[2026-05-14T21:40:39.627+0000] {logging_mixin.py:188} INFO - [2026-05-14T21:40:39.626+0000] {dag.py:3954} INFO - Setting next_dagrun for produce_json to None, run_after=None
[2026-05-14T21:40:39.681+0000] {processor.py:183} INFO - Processing /opt/airflow/dags/main.py took 0.266 seconds
[2026-05-14T21:41:09.798+0000] {processor.py:161} INFO - Started process (PID=5651) to work on /opt/airflow/dags/main.py
[2026-05-14T21:41:09.800+0000] {processor.py:830} INFO - Processing file /opt/airflow/dags/main.py for tasks to queue
[2026-05-14T21:41:09.804+0000] {logging_mixin.py:188} INFO - [2026-05-14T21:41:09.803+0000] {dagbag.py:545} INFO - Filling up the DagBag from /opt/airflow/dags/main.py
[2026-05-14T21:41:09.928+0000] {processor.py:840} INFO - DAG(s) 'produce_json' retrieved from /opt/airflow/dags/main.py
[2026-05-14T21:41:09.978+0000] {logging_mixin.py:188} INFO - [2026-05-14T21:41:09.977+0000] {dag.py:3096} INFO - Sync 1 DAGs
[2026-05-14T21:41:10.003+0000] {logging_mixin.py:188} INFO - [2026-05-14T21:41:10.002+0000] {dag.py:3954} INFO - Setting next_dagrun for produce_json to None, run_after=None
[2026-05-14T21:41:10.050+0000] {processor.py:183} INFO - Processing /opt/airflow/dags/main.py took 0.263 seconds
[2026-05-14T21:41:40.719+0000] {processor.py:161} INFO - Started process (PID=5658) to work on /opt/airflow/dags/main.py
[2026-05-14T21:41:40.722+0000] {processor.py:830} INFO - Processing file /opt/airflow/dags/main.py for tasks to queue
[2026-05-14T21:41:40.726+0000] {logging_mixin.py:188} INFO - [2026-05-14T21:41:40.725+0000] {dagbag.py:545} INFO - Filling up the DagBag from /opt/airflow/dags/main.py
[2026-05-14T21:41:40.912+0000] {processor.py:840} INFO - DAG(s) 'produce_json' retrieved from /opt/airflow/dags/main.py
[2026-05-14T21:41:41.018+0000] {logging_mixin.py:188} INFO - [2026-05-14T21:41:41.017+0000] {dag.py:3096} INFO - Sync 1 DAGs
[2026-05-14T21:41:41.115+0000] {logging_mixin.py:188} INFO - [2026-05-14T21:41:41.114+0000] {dag.py:3954} INFO - Setting next_dagrun for produce_json to None, run_after=None
[2026-05-14T21:41:41.235+0000] {processor.py:183} INFO - Processing /opt/airflow/dags/main.py took 0.583 seconds
[2026-05-14T21:42:11.867+0000] {processor.py:161} INFO - Started process (PID=5665) to work on /opt/airflow/dags/main.py
[2026-05-14T21:42:11.869+0000] {processor.py:830} INFO - Processing file /opt/airflow/dags/main.py for tasks to queue
[2026-05-14T21:42:11.873+0000] {logging_mixin.py:188} INFO - [2026-05-14T21:42:11.872+0000] {dagbag.py:545} INFO - Filling up the DagBag from /opt/airflow/dags/main.py
[2026-05-14T21:42:11.956+0000] {processor.py:840} INFO - DAG(s) 'produce_json' retrieved from /opt/airflow/dags/main.py
[2026-05-14T21:42:12.003+0000] {logging_mixin.py:188} INFO - [2026-05-14T21:42:12.002+0000] {dag.py:3096} INFO - Sync 1 DAGs
[2026-05-14T21:42:12.030+0000] {logging_mixin.py:188} INFO - [2026-05-14T21:42:12.030+0000] {dag.py:3954} INFO - Setting next_dagrun for produce_json to None, run_after=None
[2026-05-14T21:42:12.081+0000] {processor.py:183} INFO - Processing /opt/airflow/dags/main.py took 0.233 seconds
[2026-05-14T21:42:42.320+0000] {processor.py:161} INFO - Started process (PID=5672) to work on /opt/airflow/dags/main.py
[2026-05-14T21:42:42.323+0000] {processor.py:830} INFO - Processing file /opt/airflow/dags/main.py for tasks to queue
[2026-05-14T21:42:42.326+0000] {logging_mixin.py:188} INFO - [2026-05-14T21:42:42.325+0000] {dagbag.py:545} INFO - Filling up the DagBag from /opt/airflow/dags/main.py
[2026-05-14T21:42:42.412+0000] {processor.py:840} INFO - DAG(s) 'produce_json' retrieved from /opt/airflow/dags/main.py
[2026-05-14T21:42:42.471+0000] {logging_mixin.py:188} INFO - [2026-05-14T21:42:42.470+0000] {dag.py:3096} INFO - Sync 1 DAGs
[2026-05-14T21:42:42.509+0000] {logging_mixin.py:188} INFO - [2026-05-14T21:42:42.509+0000] {dag.py:3954} INFO - Setting next_dagrun for produce_json to None, run_after=None
[2026-05-14T21:42:42.581+0000] {processor.py:183} INFO - Processing /opt/airflow/dags/main.py took 0.276 seconds
[2026-05-14T21:43:12.921+0000] {processor.py:161} INFO - Started process (PID=5679) to work on /opt/airflow/dags/main.py
[2026-05-14T21:43:12.922+0000] {processor.py:830} INFO - Processing file /opt/airflow/dags/main.py for tasks to queue
[2026-05-14T21:43:12.926+0000] {logging_mixin.py:188} INFO - [2026-05-14T21:43:12.926+0000] {dagbag.py:545} INFO - Filling up the DagBag from /opt/airflow/dags/main.py
[2026-05-14T21:43:13.026+0000] {processor.py:840} INFO - DAG(s) 'produce_json' retrieved from /opt/airflow/dags/main.py
[2026-05-14T21:43:13.076+0000] {logging_mixin.py:188} INFO - [2026-05-14T21:43:13.075+0000] {dag.py:3096} INFO - Sync 1 DAGs
[2026-05-14T21:43:13.104+0000] {logging_mixin.py:188} INFO - [2026-05-14T21:43:13.104+0000] {dag.py:3954} INFO - Setting next_dagrun for produce_json to None, run_after=None
[2026-05-14T21:43:13.139+0000] {processor.py:183} INFO - Processing /opt/airflow/dags/main.py took 0.229 seconds
[2026-05-14T21:43:43.418+0000] {processor.py:161} INFO - Started process (PID=5686) to work on /opt/airflow/dags/main.py
[2026-05-14T21:43:43.422+0000] {processor.py:830} INFO - Processing file /opt/airflow/dags/main.py for tasks to queue
[2026-05-14T21:43:43.431+0000] {logging_mixin.py:188} INFO - [2026-05-14T21:43:43.430+0000] {dagbag.py:545} INFO - Filling up the DagBag from /opt/airflow/dags/main.py
[2026-05-14T21:43:43.542+0000] {processor.py:840} INFO - DAG(s) 'produce_json' retrieved from /opt/airflow/dags/main.py
[2026-05-14T21:43:43.596+0000] {logging_mixin.py:188} INFO - [2026-05-14T21:43:43.596+0000] {dag.py:3096} INFO - Sync 1 DAGs
[2026-05-14T21:43:43.622+0000] {logging_mixin.py:188} INFO - [2026-05-14T21:43:43.621+0000] {dag.py:3954} INFO - Setting next_dagrun for produce_json to None, run_after=None
[2026-05-14T21:43:43.690+0000] {processor.py:183} INFO - Processing /opt/airflow/dags/main.py took 0.290 seconds
[2026-05-14T21:44:14.148+0000] {processor.py:161} INFO - Started process (PID=5693) to work on /opt/airflow/dags/main.py
[2026-05-14T21:44:14.151+0000] {processor.py:830} INFO - Processing file /opt/airflow/dags/main.py for tasks to queue
[2026-05-14T21:44:14.165+0000] {logging_mixin.py:188} INFO - [2026-05-14T21:44:14.164+0000] {dagbag.py:545} INFO - Filling up the DagBag from /opt/airflow/dags/main.py
[2026-05-14T21:44:14.303+0000] {processor.py:840} INFO - DAG(s) 'produce_json' retrieved from /opt/airflow/dags/main.py
[2026-05-14T21:44:14.363+0000] {logging_mixin.py:188} INFO - [2026-05-14T21:44:14.362+0000] {dag.py:3096} INFO - Sync 1 DAGs
[2026-05-14T21:44:14.400+0000] {logging_mixin.py:188} INFO - [2026-05-14T21:44:14.399+0000] {dag.py:3954} INFO - Setting next_dagrun for produce_json to None, run_after=None
[2026-05-14T21:44:14.473+0000] {processor.py:183} INFO - Processing /opt/airflow/dags/main.py took 0.351 seconds
[2026-05-14T21:44:44.691+0000] {processor.py:161} INFO - Started process (PID=5699) to work on /opt/airflow/dags/main.py
[2026-05-14T21:44:44.693+0000] {processor.py:830} INFO - Processing file /opt/airflow/dags/main.py for tasks to queue
[2026-05-14T21:44:44.698+0000] {logging_mixin.py:188} INFO - [2026-05-14T21:44:44.698+0000] {dagbag.py:545} INFO - Filling up the DagBag from /opt/airflow/dags/main.py
[2026-05-14T21:44:44.839+0000] {processor.py:840} INFO - DAG(s) 'produce_json' retrieved from /opt/airflow/dags/main.py
[2026-05-14T21:44:44.989+0000] {logging_mixin.py:188} INFO - [2026-05-14T21:44:44.989+0000] {dag.py:3096} INFO - Sync 1 DAGs
[2026-05-14T21:44:45.082+0000] {logging_mixin.py:188} INFO - [2026-05-14T21:44:45.075+0000] {dag.py:3954} INFO - Setting next_dagrun for produce_json to None, run_after=None
[2026-05-14T21:44:45.201+0000] {processor.py:183} INFO - Processing /opt/airflow/dags/main.py took 0.529 seconds
[2026-05-14T21:45:15.970+0000] {processor.py:161} INFO - Started process (PID=5706) to work on /opt/airflow/dags/main.py
[2026-05-14T21:45:15.981+0000] {processor.py:830} INFO - Processing file /opt/airflow/dags/main.py for tasks to queue
[2026-05-14T21:45:15.994+0000] {logging_mixin.py:188} INFO - [2026-05-14T21:45:15.993+0000] {dagbag.py:545} INFO - Filling up the DagBag from /opt/airflow/dags/main.py
[2026-05-14T21:45:16.214+0000] {processor.py:840} INFO - DAG(s) 'produce_json' retrieved from /opt/airflow/dags/main.py
[2026-05-14T21:45:16.262+0000] {logging_mixin.py:188} INFO - [2026-05-14T21:45:16.262+0000] {dag.py:3096} INFO - Sync 1 DAGs
[2026-05-14T21:45:16.297+0000] {logging_mixin.py:188} INFO - [2026-05-14T21:45:16.297+0000] {dag.py:3954} INFO - Setting next_dagrun for produce_json to None, run_after=None
[2026-05-14T21:45:16.374+0000] {processor.py:183} INFO - Processing /opt/airflow/dags/main.py took 0.430 seconds
[2026-05-14T21:45:46.677+0000] {processor.py:161} INFO - Started process (PID=5713) to work on /opt/airflow/dags/main.py
[2026-05-14T21:45:46.681+0000] {processor.py:830} INFO - Processing file /opt/airflow/dags/main.py for tasks to queue
[2026-05-14T21:45:46.685+0000] {logging_mixin.py:188} INFO - [2026-05-14T21:45:46.685+0000] {dagbag.py:545} INFO - Filling up the DagBag from /opt/airflow/dags/main.py
[2026-05-14T21:45:46.835+0000] {processor.py:840} INFO - DAG(s) 'produce_json' retrieved from /opt/airflow/dags/main.py
[2026-05-14T21:45:46.998+0000] {logging_mixin.py:188} INFO - [2026-05-14T21:45:46.988+0000] {dag.py:3096} INFO - Sync 1 DAGs
[2026-05-14T21:45:47.069+0000] {logging_mixin.py:188} INFO - [2026-05-14T21:45:47.068+0000] {dag.py:3954} INFO - Setting next_dagrun for produce_json to None, run_after=None
[2026-05-14T21:45:47.122+0000] {processor.py:183} INFO - Processing /opt/airflow/dags/main.py took 0.464 seconds
[2026-05-14T21:46:17.591+0000] {processor.py:161} INFO - Started process (PID=5720) to work on /opt/airflow/dags/main.py
[2026-05-14T21:46:17.593+0000] {processor.py:830} INFO - Processing file /opt/airflow/dags/main.py for tasks to queue
[2026-05-14T21:46:17.601+0000] {logging_mixin.py:188} INFO - [2026-05-14T21:46:17.601+0000] {dagbag.py:545} INFO - Filling up the DagBag from /opt/airflow/dags/main.py
[2026-05-14T21:46:17.755+0000] {processor.py:840} INFO - DAG(s) 'produce_json' retrieved from /opt/airflow/dags/main.py
[2026-05-14T21:46:17.817+0000] {logging_mixin.py:188} INFO - [2026-05-14T21:46:17.816+0000] {dag.py:3096} INFO - Sync 1 DAGs
[2026-05-14T21:46:17.844+0000] {logging_mixin.py:188} INFO - [2026-05-14T21:46:17.844+0000] {dag.py:3954} INFO - Setting next_dagrun for produce_json to None, run_after=None
[2026-05-14T21:46:17.881+0000] {processor.py:183} INFO - Processing /opt/airflow/dags/main.py took 0.308 seconds
[2026-05-14T21:46:48.269+0000] {processor.py:161} INFO - Started process (PID=5727) to work on /opt/airflow/dags/main.py
[2026-05-14T21:46:48.272+0000] {processor.py:830} INFO - Processing file /opt/airflow/dags/main.py for tasks to queue
[2026-05-14T21:46:48.279+0000] {logging_mixin.py:188} INFO - [2026-05-14T21:46:48.279+0000] {dagbag.py:545} INFO - Filling up the DagBag from /opt/airflow/dags/main.py
[2026-05-14T21:46:48.412+0000] {processor.py:840} INFO - DAG(s) 'produce_json' retrieved from /opt/airflow/dags/main.py
[2026-05-14T21:46:48.464+0000] {logging_mixin.py:188} INFO - [2026-05-14T21:46:48.464+0000] {dag.py:3096} INFO - Sync 1 DAGs
[2026-05-14T21:46:48.491+0000] {logging_mixin.py:188} INFO - [2026-05-14T21:46:48.490+0000] {dag.py:3954} INFO - Setting next_dagrun for produce_json to None, run_after=None
[2026-05-14T21:46:48.543+0000] {processor.py:183} INFO - Processing /opt/airflow/dags/main.py took 0.295 seconds
[2026-05-14T21:47:18.916+0000] {processor.py:161} INFO - Started process (PID=5734) to work on /opt/airflow/dags/main.py
[2026-05-14T21:47:18.918+0000] {processor.py:830} INFO - Processing file /opt/airflow/dags/main.py for tasks to queue
[2026-05-14T21:47:18.925+0000] {logging_mixin.py:188} INFO - [2026-05-14T21:47:18.924+0000] {dagbag.py:545} INFO - Filling up the DagBag from /opt/airflow/dags/main.py
[2026-05-14T21:47:19.061+0000] {processor.py:840} INFO - DAG(s) 'produce_json' retrieved from /opt/airflow/dags/main.py
[2026-05-14T21:47:19.110+0000] {logging_mixin.py:188} INFO - [2026-05-14T21:47:19.109+0000] {dag.py:3096} INFO - Sync 1 DAGs
[2026-05-14T21:47:19.131+0000] {logging_mixin.py:188} INFO - [2026-05-14T21:47:19.130+0000] {dag.py:3954} INFO - Setting next_dagrun for produce_json to None, run_after=None
[2026-05-14T21:47:19.202+0000] {processor.py:183} INFO - Processing /opt/airflow/dags/main.py took 0.300 seconds
[2026-05-14T21:47:49.473+0000] {processor.py:161} INFO - Started process (PID=5741) to work on /opt/airflow/dags/main.py
[2026-05-14T21:47:49.475+0000] {processor.py:830} INFO - Processing file /opt/airflow/dags/main.py for tasks to queue
[2026-05-14T21:47:49.481+0000] {logging_mixin.py:188} INFO - [2026-05-14T21:47:49.480+0000] {dagbag.py:545} INFO - Filling up the DagBag from /opt/airflow/dags/main.py
[2026-05-14T21:47:49.605+0000] {processor.py:840} INFO - DAG(s) 'produce_json' retrieved from /opt/airflow/dags/main.py
[2026-05-14T21:47:49.648+0000] {logging_mixin.py:188} INFO - [2026-05-14T21:47:49.647+0000] {dag.py:3096} INFO - Sync 1 DAGs
[2026-05-14T21:47:49.668+0000] {logging_mixin.py:188} INFO - [2026-05-14T21:47:49.668+0000] {dag.py:3954} INFO - Setting next_dagrun for produce_json to None, run_after=None
[2026-05-14T21:47:49.703+0000] {processor.py:183} INFO - Processing /opt/airflow/dags/main.py took 0.244 seconds
[2026-05-14T21:48:20.419+0000] {processor.py:161} INFO - Started process (PID=5748) to work on /opt/airflow/dags/main.py
[2026-05-14T21:48:20.421+0000] {processor.py:830} INFO - Processing file /opt/airflow/dags/main.py for tasks to queue
[2026-05-14T21:48:20.425+0000] {logging_mixin.py:188} INFO - [2026-05-14T21:48:20.424+0000] {dagbag.py:545} INFO - Filling up the DagBag from /opt/airflow/dags/main.py
[2026-05-14T21:48:20.545+0000] {processor.py:840} INFO - DAG(s) 'produce_json' retrieved from /opt/airflow/dags/main.py
[2026-05-14T21:48:20.603+0000] {logging_mixin.py:188} INFO - [2026-05-14T21:48:20.602+0000] {dag.py:3096} INFO - Sync 1 DAGs
[2026-05-14T21:48:20.627+0000] {logging_mixin.py:188} INFO - [2026-05-14T21:48:20.627+0000] {dag.py:3954} INFO - Setting next_dagrun for produce_json to None, run_after=None
[2026-05-14T21:48:20.691+0000] {processor.py:183} INFO - Processing /opt/airflow/dags/main.py took 0.287 seconds
[2026-05-14T21:48:50.943+0000] {processor.py:161} INFO - Started process (PID=5755) to work on /opt/airflow/dags/main.py
[2026-05-14T21:48:50.946+0000] {processor.py:830} INFO - Processing file /opt/airflow/dags/main.py for tasks to queue
[2026-05-14T21:48:50.950+0000] {logging_mixin.py:188} INFO - [2026-05-14T21:48:50.950+0000] {dagbag.py:545} INFO - Filling up the DagBag from /opt/airflow/dags/main.py
[2026-05-14T21:48:51.068+0000] {processor.py:840} INFO - DAG(s) 'produce_json' retrieved from /opt/airflow/dags/main.py
[2026-05-14T21:48:51.127+0000] {logging_mixin.py:188} INFO - [2026-05-14T21:48:51.127+0000] {dag.py:3096} INFO - Sync 1 DAGs
[2026-05-14T21:48:51.177+0000] {logging_mixin.py:188} INFO - [2026-05-14T21:48:51.176+0000] {dag.py:3954} INFO - Setting next_dagrun for produce_json to None, run_after=None
[2026-05-14T21:48:51.258+0000] {processor.py:183} INFO - Processing /opt/airflow/dags/main.py took 0.339 seconds
[2026-05-14T21:49:21.738+0000] {processor.py:161} INFO - Started process (PID=5762) to work on /opt/airflow/dags/main.py
[2026-05-14T21:49:21.750+0000] {processor.py:830} INFO - Processing file /opt/airflow/dags/main.py for tasks to queue
[2026-05-14T21:49:21.756+0000] {logging_mixin.py:188} INFO - [2026-05-14T21:49:21.755+0000] {dagbag.py:545} INFO - Filling up the DagBag from /opt/airflow/dags/main.py
[2026-05-14T21:49:22.004+0000] {processor.py:840} INFO - DAG(s) 'produce_json' retrieved from /opt/airflow/dags/main.py
[2026-05-14T21:49:22.052+0000] {logging_mixin.py:188} INFO - [2026-05-14T21:49:22.051+0000] {dag.py:3096} INFO - Sync 1 DAGs
[2026-05-14T21:49:22.080+0000] {logging_mixin.py:188} INFO - [2026-05-14T21:49:22.080+0000] {dag.py:3954} INFO - Setting next_dagrun for produce_json to None, run_after=None
[2026-05-14T21:49:22.133+0000] {processor.py:183} INFO - Processing /opt/airflow/dags/main.py took 0.428 seconds
[2026-05-14T21:49:53.116+0000] {processor.py:161} INFO - Started process (PID=5769) to work on /opt/airflow/dags/main.py
[2026-05-14T21:49:53.118+0000] {processor.py:830} INFO - Processing file /opt/airflow/dags/main.py for tasks to queue
[2026-05-14T21:49:53.121+0000] {logging_mixin.py:188} INFO - [2026-05-14T21:49:53.121+0000] {dagbag.py:545} INFO - Filling up the DagBag from /opt/airflow/dags/main.py
[2026-05-14T21:49:53.271+0000] {processor.py:840} INFO - DAG(s) 'produce_json' retrieved from /opt/airflow/dags/main.py
[2026-05-14T21:49:53.321+0000] {logging_mixin.py:188} INFO - [2026-05-14T21:49:53.321+0000] {dag.py:3096} INFO - Sync 1 DAGs
[2026-05-14T21:49:53.350+0000] {logging_mixin.py:188} INFO - [2026-05-14T21:49:53.350+0000] {dag.py:3954} INFO - Setting next_dagrun for produce_json to None, run_after=None
[2026-05-14T21:49:53.388+0000] {processor.py:183} INFO - Processing /opt/airflow/dags/main.py took 0.285 seconds
[2026-05-14T21:50:23.833+0000] {processor.py:161} INFO - Started process (PID=5776) to work on /opt/airflow/dags/main.py
[2026-05-14T21:50:23.836+0000] {processor.py:830} INFO - Processing file /opt/airflow/dags/main.py for tasks to queue
[2026-05-14T21:50:23.841+0000] {logging_mixin.py:188} INFO - [2026-05-14T21:50:23.840+0000] {dagbag.py:545} INFO - Filling up the DagBag from /opt/airflow/dags/main.py
[2026-05-14T21:50:23.976+0000] {processor.py:840} INFO - DAG(s) 'produce_json' retrieved from /opt/airflow/dags/main.py
[2026-05-14T21:50:24.062+0000] {logging_mixin.py:188} INFO - [2026-05-14T21:50:24.062+0000] {dag.py:3096} INFO - Sync 1 DAGs
[2026-05-14T21:50:24.121+0000] {logging_mixin.py:188} INFO - [2026-05-14T21:50:24.120+0000] {dag.py:3954} INFO - Setting next_dagrun for produce_json to None, run_after=None
[2026-05-14T21:50:24.191+0000] {processor.py:183} INFO - Processing /opt/airflow/dags/main.py took 0.383 seconds
[2026-05-14T21:50:54.911+0000] {processor.py:161} INFO - Started process (PID=5783) to work on /opt/airflow/dags/main.py
[2026-05-14T21:50:54.913+0000] {processor.py:830} INFO - Processing file /opt/airflow/dags/main.py for tasks to queue
[2026-05-14T21:50:54.917+0000] {logging_mixin.py:188} INFO - [2026-05-14T21:50:54.917+0000] {dagbag.py:545} INFO - Filling up the DagBag from /opt/airflow/dags/main.py
[2026-05-14T21:50:55.060+0000] {processor.py:840} INFO - DAG(s) 'produce_json' retrieved from /opt/airflow/dags/main.py
[2026-05-14T21:50:55.127+0000] {logging_mixin.py:188} INFO - [2026-05-14T21:50:55.125+0000] {dag.py:3096} INFO - Sync 1 DAGs
[2026-05-14T21:50:55.166+0000] {logging_mixin.py:188} INFO - [2026-05-14T21:50:55.165+0000] {dag.py:3954} INFO - Setting next_dagrun for produce_json to None, run_after=None
[2026-05-14T21:50:55.226+0000] {processor.py:183} INFO - Processing /opt/airflow/dags/main.py took 0.327 seconds
[2026-05-14T21:51:25.642+0000] {processor.py:161} INFO - Started process (PID=5790) to work on /opt/airflow/dags/main.py
[2026-05-14T21:51:25.652+0000] {processor.py:830} INFO - Processing file /opt/airflow/dags/main.py for tasks to queue
[2026-05-14T21:51:25.660+0000] {logging_mixin.py:188} INFO - [2026-05-14T21:51:25.659+0000] {dagbag.py:545} INFO - Filling up the DagBag from /opt/airflow/dags/main.py
[2026-05-14T21:51:25.807+0000] {processor.py:840} INFO - DAG(s) 'produce_json' retrieved from /opt/airflow/dags/main.py
[2026-05-14T21:51:25.863+0000] {logging_mixin.py:188} INFO - [2026-05-14T21:51:25.862+0000] {dag.py:3096} INFO - Sync 1 DAGs
[2026-05-14T21:51:25.901+0000] {logging_mixin.py:188} INFO - [2026-05-14T21:51:25.900+0000] {dag.py:3954} INFO - Setting next_dagrun for produce_json to None, run_after=None
[2026-05-14T21:51:25.973+0000] {processor.py:183} INFO - Processing /opt/airflow/dags/main.py took 0.343 seconds
[2026-05-14T21:51:56.342+0000] {processor.py:161} INFO - Started process (PID=5798) to work on /opt/airflow/dags/main.py
[2026-05-14T21:51:56.345+0000] {processor.py:830} INFO - Processing file /opt/airflow/dags/main.py for tasks to queue
[2026-05-14T21:51:56.356+0000] {logging_mixin.py:188} INFO - [2026-05-14T21:51:56.355+0000] {dagbag.py:545} INFO - Filling up the DagBag from /opt/airflow/dags/main.py
[2026-05-14T21:51:56.527+0000] {processor.py:840} INFO - DAG(s) 'produce_json' retrieved from /opt/airflow/dags/main.py
[2026-05-14T21:51:56.578+0000] {logging_mixin.py:188} INFO - [2026-05-14T21:51:56.576+0000] {dag.py:3096} INFO - Sync 1 DAGs
[2026-05-14T21:51:56.603+0000] {logging_mixin.py:188} INFO - [2026-05-14T21:51:56.603+0000] {dag.py:3954} INFO - Setting next_dagrun for produce_json to None, run_after=None
[2026-05-14T21:51:56.661+0000] {processor.py:183} INFO - Processing /opt/airflow/dags/main.py took 0.342 seconds
[2026-05-14T21:52:26.966+0000] {processor.py:161} INFO - Started process (PID=5805) to work on /opt/airflow/dags/main.py
[2026-05-14T21:52:26.970+0000] {processor.py:830} INFO - Processing file /opt/airflow/dags/main.py for tasks to queue
[2026-05-14T21:52:26.974+0000] {logging_mixin.py:188} INFO - [2026-05-14T21:52:26.974+0000] {dagbag.py:545} INFO - Filling up the DagBag from /opt/airflow/dags/main.py
[2026-05-14T21:52:27.079+0000] {processor.py:840} INFO - DAG(s) 'produce_json' retrieved from /opt/airflow/dags/main.py
[2026-05-14T21:52:27.138+0000] {logging_mixin.py:188} INFO - [2026-05-14T21:52:27.137+0000] {dag.py:3096} INFO - Sync 1 DAGs
[2026-05-14T21:52:27.164+0000] {logging_mixin.py:188} INFO - [2026-05-14T21:52:27.164+0000] {dag.py:3954} INFO - Setting next_dagrun for produce_json to None, run_after=None
[2026-05-14T21:52:27.231+0000] {processor.py:183} INFO - Processing /opt/airflow/dags/main.py took 0.282 seconds
[2026-05-14T21:52:57.932+0000] {processor.py:161} INFO - Started process (PID=5812) to work on /opt/airflow/dags/main.py
[2026-05-14T21:52:57.940+0000] {processor.py:830} INFO - Processing file /opt/airflow/dags/main.py for tasks to queue
[2026-05-14T21:52:57.946+0000] {logging_mixin.py:188} INFO - [2026-05-14T21:52:57.946+0000] {dagbag.py:545} INFO - Filling up the DagBag from /opt/airflow/dags/main.py
[2026-05-14T21:52:58.084+0000] {processor.py:840} INFO - DAG(s) 'produce_json' retrieved from /opt/airflow/dags/main.py
[2026-05-14T21:52:58.124+0000] {logging_mixin.py:188} INFO - [2026-05-14T21:52:58.124+0000] {dag.py:3096} INFO - Sync 1 DAGs
[2026-05-14T21:52:58.156+0000] {logging_mixin.py:188} INFO - [2026-05-14T21:52:58.155+0000] {dag.py:3954} INFO - Setting next_dagrun for produce_json to None, run_after=None
[2026-05-14T21:52:58.216+0000] {processor.py:183} INFO - Processing /opt/airflow/dags/main.py took 0.309 seconds
[2026-05-14T21:53:28.532+0000] {processor.py:161} INFO - Started process (PID=5820) to work on /opt/airflow/dags/main.py
[2026-05-14T21:53:28.534+0000] {processor.py:830} INFO - Processing file /opt/airflow/dags/main.py for tasks to queue
[2026-05-14T21:53:28.537+0000] {logging_mixin.py:188} INFO - [2026-05-14T21:53:28.537+0000] {dagbag.py:545} INFO - Filling up the DagBag from /opt/airflow/dags/main.py
[2026-05-14T21:53:28.667+0000] {processor.py:840} INFO - DAG(s) 'produce_json' retrieved from /opt/airflow/dags/main.py
[2026-05-14T21:53:28.722+0000] {logging_mixin.py:188} INFO - [2026-05-14T21:53:28.722+0000] {dag.py:3096} INFO - Sync 1 DAGs
[2026-05-14T21:53:28.751+0000] {logging_mixin.py:188} INFO - [2026-05-14T21:53:28.750+0000] {dag.py:3954} INFO - Setting next_dagrun for produce_json to None, run_after=None
[2026-05-14T21:53:28.807+0000] {processor.py:183} INFO - Processing /opt/airflow/dags/main.py took 0.289 seconds
[2026-05-14T21:53:59.443+0000] {processor.py:161} INFO - Started process (PID=5827) to work on /opt/airflow/dags/main.py
[2026-05-14T21:53:59.448+0000] {processor.py:830} INFO - Processing file /opt/airflow/dags/main.py for tasks to queue
[2026-05-14T21:53:59.452+0000] {logging_mixin.py:188} INFO - [2026-05-14T21:53:59.451+0000] {dagbag.py:545} INFO - Filling up the DagBag from /opt/airflow/dags/main.py
[2026-05-14T21:53:59.575+0000] {processor.py:840} INFO - DAG(s) 'produce_json' retrieved from /opt/airflow/dags/main.py
[2026-05-14T21:53:59.623+0000] {logging_mixin.py:188} INFO - [2026-05-14T21:53:59.623+0000] {dag.py:3096} INFO - Sync 1 DAGs
[2026-05-14T21:53:59.658+0000] {logging_mixin.py:188} INFO - [2026-05-14T21:53:59.658+0000] {dag.py:3954} INFO - Setting next_dagrun for produce_json to None, run_after=None
[2026-05-14T21:53:59.704+0000] {processor.py:183} INFO - Processing /opt/airflow/dags/main.py took 0.270 seconds
[2026-05-14T21:54:30.208+0000] {processor.py:161} INFO - Started process (PID=5834) to work on /opt/airflow/dags/main.py
[2026-05-14T21:54:30.211+0000] {processor.py:830} INFO - Processing file /opt/airflow/dags/main.py for tasks to queue
[2026-05-14T21:54:30.222+0000] {logging_mixin.py:188} INFO - [2026-05-14T21:54:30.215+0000] {dagbag.py:545} INFO - Filling up the DagBag from /opt/airflow/dags/main.py
[2026-05-14T21:54:30.362+0000] {processor.py:840} INFO - DAG(s) 'produce_json' retrieved from /opt/airflow/dags/main.py
[2026-05-14T21:54:30.405+0000] {logging_mixin.py:188} INFO - [2026-05-14T21:54:30.405+0000] {dag.py:3096} INFO - Sync 1 DAGs
[2026-05-14T21:54:30.438+0000] {logging_mixin.py:188} INFO - [2026-05-14T21:54:30.437+0000] {dag.py:3954} INFO - Setting next_dagrun for produce_json to None, run_after=None
[2026-05-14T21:54:30.496+0000] {processor.py:183} INFO - Processing /opt/airflow/dags/main.py took 0.310 seconds
[2026-05-14T21:55:00.766+0000] {processor.py:161} INFO - Started process (PID=5841) to work on /opt/airflow/dags/main.py
[2026-05-14T21:55:00.769+0000] {processor.py:830} INFO - Processing file /opt/airflow/dags/main.py for tasks to queue
[2026-05-14T21:55:00.784+0000] {logging_mixin.py:188} INFO - [2026-05-14T21:55:00.783+0000] {dagbag.py:545} INFO - Filling up the DagBag from /opt/airflow/dags/main.py
[2026-05-14T21:55:00.973+0000] {processor.py:840} INFO - DAG(s) 'produce_json' retrieved from /opt/airflow/dags/main.py
[2026-05-14T21:55:01.067+0000] {logging_mixin.py:188} INFO - [2026-05-14T21:55:01.067+0000] {dag.py:3096} INFO - Sync 1 DAGs
[2026-05-14T21:55:01.110+0000] {logging_mixin.py:188} INFO - [2026-05-14T21:55:01.109+0000] {dag.py:3954} INFO - Setting next_dagrun for produce_json to None, run_after=None
[2026-05-14T21:55:01.198+0000] {processor.py:183} INFO - Processing /opt/airflow/dags/main.py took 0.470 seconds
[2026-05-14T21:55:31.665+0000] {processor.py:161} INFO - Started process (PID=5848) to work on /opt/airflow/dags/main.py
[2026-05-14T21:55:31.667+0000] {processor.py:830} INFO - Processing file /opt/airflow/dags/main.py for tasks to queue
[2026-05-14T21:55:31.670+0000] {logging_mixin.py:188} INFO - [2026-05-14T21:55:31.669+0000] {dagbag.py:545} INFO - Filling up the DagBag from /opt/airflow/dags/main.py
[2026-05-14T21:55:31.785+0000] {processor.py:840} INFO - DAG(s) 'produce_json' retrieved from /opt/airflow/dags/main.py
[2026-05-14T21:55:31.861+0000] {logging_mixin.py:188} INFO - [2026-05-14T21:55:31.860+0000] {dag.py:3096} INFO - Sync 1 DAGs
[2026-05-14T21:55:31.915+0000] {logging_mixin.py:188} INFO - [2026-05-14T21:55:31.914+0000] {dag.py:3954} INFO - Setting next_dagrun for produce_json to None, run_after=None
[2026-05-14T21:55:31.985+0000] {processor.py:183} INFO - Processing /opt/airflow/dags/main.py took 0.335 seconds
[2026-05-14T21:56:02.389+0000] {processor.py:161} INFO - Started process (PID=5855) to work on /opt/airflow/dags/main.py
[2026-05-14T21:56:02.392+0000] {processor.py:830} INFO - Processing file /opt/airflow/dags/main.py for tasks to queue
[2026-05-14T21:56:02.396+0000] {logging_mixin.py:188} INFO - [2026-05-14T21:56:02.396+0000] {dagbag.py:545} INFO - Filling up the DagBag from /opt/airflow/dags/main.py
[2026-05-14T21:56:02.595+0000] {processor.py:840} INFO - DAG(s) 'produce_json' retrieved from /opt/airflow/dags/main.py
[2026-05-14T21:56:02.643+0000] {logging_mixin.py:188} INFO - [2026-05-14T21:56:02.643+0000] {dag.py:3096} INFO - Sync 1 DAGs
[2026-05-14T21:56:02.663+0000] {logging_mixin.py:188} INFO - [2026-05-14T21:56:02.662+0000] {dag.py:3954} INFO - Setting next_dagrun for produce_json to None, run_after=None
[2026-05-14T21:56:02.727+0000] {processor.py:183} INFO - Processing /opt/airflow/dags/main.py took 0.352 seconds
[2026-05-14T21:56:33.084+0000] {processor.py:161} INFO - Started process (PID=5862) to work on /opt/airflow/dags/main.py
[2026-05-14T21:56:33.089+0000] {processor.py:830} INFO - Processing file /opt/airflow/dags/main.py for tasks to queue
[2026-05-14T21:56:33.093+0000] {logging_mixin.py:188} INFO - [2026-05-14T21:56:33.092+0000] {dagbag.py:545} INFO - Filling up the DagBag from /opt/airflow/dags/main.py
[2026-05-14T21:56:33.196+0000] {processor.py:840} INFO - DAG(s) 'produce_json' retrieved from /opt/airflow/dags/main.py
[2026-05-14T21:56:33.250+0000] {logging_mixin.py:188} INFO - [2026-05-14T21:56:33.249+0000] {dag.py:3096} INFO - Sync 1 DAGs
[2026-05-14T21:56:33.297+0000] {logging_mixin.py:188} INFO - [2026-05-14T21:56:33.297+0000] {dag.py:3954} INFO - Setting next_dagrun for produce_json to None, run_after=None
[2026-05-14T21:56:33.353+0000] {processor.py:183} INFO - Processing /opt/airflow/dags/main.py took 0.309 seconds
[2026-05-14T21:57:03.671+0000] {processor.py:161} INFO - Started process (PID=5869) to work on /opt/airflow/dags/main.py
[2026-05-14T21:57:03.676+0000] {processor.py:830} INFO - Processing file /opt/airflow/dags/main.py for tasks to queue
[2026-05-14T21:57:03.682+0000] {logging_mixin.py:188} INFO - [2026-05-14T21:57:03.681+0000] {dagbag.py:545} INFO - Filling up the DagBag from /opt/airflow/dags/main.py
[2026-05-14T21:57:03.835+0000] {processor.py:840} INFO - DAG(s) 'produce_json' retrieved from /opt/airflow/dags/main.py
[2026-05-14T21:57:03.920+0000] {logging_mixin.py:188} INFO - [2026-05-14T21:57:03.920+0000] {dag.py:3096} INFO - Sync 1 DAGs
[2026-05-14T21:57:03.988+0000] {logging_mixin.py:188} INFO - [2026-05-14T21:57:03.987+0000] {dag.py:3954} INFO - Setting next_dagrun for produce_json to None, run_after=None
[2026-05-14T21:57:04.063+0000] {processor.py:183} INFO - Processing /opt/airflow/dags/main.py took 0.418 seconds
[2026-05-14T21:57:34.836+0000] {processor.py:161} INFO - Started process (PID=5876) to work on /opt/airflow/dags/main.py
[2026-05-14T21:57:34.838+0000] {processor.py:830} INFO - Processing file /opt/airflow/dags/main.py for tasks to queue
[2026-05-14T21:57:34.843+0000] {logging_mixin.py:188} INFO - [2026-05-14T21:57:34.842+0000] {dagbag.py:545} INFO - Filling up the DagBag from /opt/airflow/dags/main.py
[2026-05-14T21:57:34.965+0000] {processor.py:840} INFO - DAG(s) 'produce_json' retrieved from /opt/airflow/dags/main.py
[2026-05-14T21:57:35.016+0000] {logging_mixin.py:188} INFO - [2026-05-14T21:57:35.016+0000] {dag.py:3096} INFO - Sync 1 DAGs
[2026-05-14T21:57:35.043+0000] {logging_mixin.py:188} INFO - [2026-05-14T21:57:35.042+0000] {dag.py:3954} INFO - Setting next_dagrun for produce_json to None, run_after=None
[2026-05-14T21:57:35.096+0000] {processor.py:183} INFO - Processing /opt/airflow/dags/main.py took 0.279 seconds
[2026-05-14T21:58:05.523+0000] {processor.py:161} INFO - Started process (PID=5883) to work on /opt/airflow/dags/main.py
[2026-05-14T21:58:05.525+0000] {processor.py:830} INFO - Processing file /opt/airflow/dags/main.py for tasks to queue
[2026-05-14T21:58:05.529+0000] {logging_mixin.py:188} INFO - [2026-05-14T21:58:05.528+0000] {dagbag.py:545} INFO - Filling up the DagBag from /opt/airflow/dags/main.py
[2026-05-14T21:58:05.646+0000] {processor.py:840} INFO - DAG(s) 'produce_json' retrieved from /opt/airflow/dags/main.py
[2026-05-14T21:58:05.709+0000] {logging_mixin.py:188} INFO - [2026-05-14T21:58:05.708+0000] {dag.py:3096} INFO - Sync 1 DAGs
[2026-05-14T21:58:05.752+0000] {logging_mixin.py:188} INFO - [2026-05-14T21:58:05.751+0000] {dag.py:3954} INFO - Setting next_dagrun for produce_json to None, run_after=None
[2026-05-14T21:58:05.797+0000] {processor.py:183} INFO - Processing /opt/airflow/dags/main.py took 0.289 seconds
[2026-05-14T21:58:36.107+0000] {processor.py:161} INFO - Started process (PID=5890) to work on /opt/airflow/dags/main.py
[2026-05-14T21:58:36.109+0000] {processor.py:830} INFO - Processing file /opt/airflow/dags/main.py for tasks to queue
[2026-05-14T21:58:36.113+0000] {logging_mixin.py:188} INFO - [2026-05-14T21:58:36.112+0000] {dagbag.py:545} INFO - Filling up the DagBag from /opt/airflow/dags/main.py
[2026-05-14T21:58:36.403+0000] {processor.py:840} INFO - DAG(s) 'produce_json' retrieved from /opt/airflow/dags/main.py
[2026-05-14T21:58:36.635+0000] {logging_mixin.py:188} INFO - [2026-05-14T21:58:36.634+0000] {dag.py:3096} INFO - Sync 1 DAGs
[2026-05-14T21:58:36.756+0000] {logging_mixin.py:188} INFO - [2026-05-14T21:58:36.755+0000] {dag.py:3954} INFO - Setting next_dagrun for produce_json to None, run_after=None
[2026-05-14T21:58:36.963+0000] {processor.py:183} INFO - Processing /opt/airflow/dags/main.py took 0.870 seconds
[2026-05-14T21:59:07.652+0000] {processor.py:161} INFO - Started process (PID=5897) to work on /opt/airflow/dags/main.py
[2026-05-14T21:59:07.655+0000] {processor.py:830} INFO - Processing file /opt/airflow/dags/main.py for tasks to queue
[2026-05-14T21:59:07.663+0000] {logging_mixin.py:188} INFO - [2026-05-14T21:59:07.662+0000] {dagbag.py:545} INFO - Filling up the DagBag from /opt/airflow/dags/main.py
[2026-05-14T21:59:07.785+0000] {processor.py:840} INFO - DAG(s) 'produce_json' retrieved from /opt/airflow/dags/main.py
[2026-05-14T21:59:07.821+0000] {logging_mixin.py:188} INFO - [2026-05-14T21:59:07.821+0000] {dag.py:3096} INFO - Sync 1 DAGs
[2026-05-14T21:59:07.844+0000] {logging_mixin.py:188} INFO - [2026-05-14T21:59:07.844+0000] {dag.py:3954} INFO - Setting next_dagrun for produce_json to None, run_after=None
[2026-05-14T21:59:07.882+0000] {processor.py:183} INFO - Processing /opt/airflow/dags/main.py took 0.250 seconds
[2026-05-14T21:59:38.388+0000] {processor.py:161} INFO - Started process (PID=5904) to work on /opt/airflow/dags/main.py
[2026-05-14T21:59:38.391+0000] {processor.py:830} INFO - Processing file /opt/airflow/dags/main.py for tasks to queue
[2026-05-14T21:59:38.398+0000] {logging_mixin.py:188} INFO - [2026-05-14T21:59:38.397+0000] {dagbag.py:545} INFO - Filling up the DagBag from /opt/airflow/dags/main.py
[2026-05-14T21:59:38.516+0000] {processor.py:840} INFO - DAG(s) 'produce_json' retrieved from /opt/airflow/dags/main.py
[2026-05-14T21:59:38.554+0000] {logging_mixin.py:188} INFO - [2026-05-14T21:59:38.553+0000] {dag.py:3096} INFO - Sync 1 DAGs
[2026-05-14T21:59:38.607+0000] {logging_mixin.py:188} INFO - [2026-05-14T21:59:38.607+0000] {dag.py:3954} INFO - Setting next_dagrun for produce_json to None, run_after=None
[2026-05-14T21:59:38.647+0000] {processor.py:183} INFO - Processing /opt/airflow/dags/main.py took 0.275 seconds
